name,extension,bucket,stylized,has_sbs_source,collection,path
carbon_fiber,.sbs,Sci-fi/Tech,no,yes,_substance/.autosave [autosave copy],_substance/.autosave/carbon_fiber.sbs
carbon_fiber_0,.sbs,Sci-fi/Tech,no,yes,_substance/.autosave [autosave copy],_substance/.autosave/carbon_fiber_0.sbs
DeteBaseSetup,.sbs,Generators/Utility,no,yes,_substance/.autosave [autosave copy],_substance/.autosave/DeteBaseSetup.sbs
DeteBaseSetup_0,.sbs,Generators/Utility,no,yes,_substance/.autosave [autosave copy],_substance/.autosave/DeteBaseSetup_0.sbs
grid_perforated,.sbs,Metal,no,yes,_substance/.autosave [autosave copy],_substance/.autosave/grid_perforated.sbs
grid_perforated_0,.sbs,Metal,no,yes,_substance/.autosave [autosave copy],_substance/.autosave/grid_perforated_0.sbs
MultiDirectionalWarpGrayscale,.sbs,Generators/Utility,no,yes,_substance/.autosave [autosave copy],_substance/.autosave/MultiDirectionalWarpGrayscale.sbs
MultiDirectionalWarpGrayscale_0,.sbs,Generators/Utility,no,yes,_substance/.autosave [autosave copy],_substance/.autosave/MultiDirectionalWarpGrayscale_0.sbs
sci-fi_rock,.sbs,Sci-fi/Tech,no,yes,_substance/.autosave [autosave copy],_substance/.autosave/sci-fi_rock.sbs
sci-fi_rock_0,.sbs,Sci-fi/Tech,no,yes,_substance/.autosave [autosave copy],_substance/.autosave/sci-fi_rock_0.sbs
Shields,.sbs,Sci-fi/Tech,no,yes,_substance/.autosave [autosave copy],_substance/.autosave/Shields.sbs
Shields_0,.sbs,Sci-fi/Tech,no,yes,_substance/.autosave [autosave copy],_substance/.autosave/Shields_0.sbs
stone_carver_01,.sbs,Rock/Stone/Cliff,no,yes,_substance/.autosave [autosave copy],_substance/.autosave/stone_carver_01.sbs
stone_carver_01_0,.sbs,Rock/Stone/Cliff,no,yes,_substance/.autosave [autosave copy],_substance/.autosave/stone_carver_01_0.sbs
vfx_patterns_01,.sbs,Generators/Utility,no,yes,_substance/.autosave [autosave copy],_substance/.autosave/vfx_patterns_01.sbs
vfx_patterns_01_0,.sbs,Generators/Utility,no,yes,_substance/.autosave [autosave copy],_substance/.autosave/vfx_patterns_01_0.sbs
3dex_stylized_medieval_wall,.sbs,Stylized,yes,yes,_substance/(loose),_substance/3dex_stylized_medieval_wall.sbs
Concrete,.sbs,Concrete/Plaster,no,yes,_substance/Adam Capone Stylized,_substance/Adam Capone Stylized/Substances/Concrete/Concrete.sbs
Grass,.sbs,Organic/Nature,no,yes,_substance/Adam Capone Stylized,_substance/Adam Capone Stylized/Substances/Grass/Grass.sbs
Metal,.sbs,Metal,no,yes,_substance/Adam Capone Stylized,_substance/Adam Capone Stylized/Substances/Metal/Metal.sbs
Wood,.sbs,Wood,no,yes,_substance/Adam Capone Stylized [autosave copy],_substance/Adam Capone Stylized/Substances/Wood/.autosave/Wood.sbs
Wood_0,.sbs,Wood,no,yes,_substance/Adam Capone Stylized [autosave copy],_substance/Adam Capone Stylized/Substances/Wood/.autosave/Wood_0.sbs
Wood,.sbs,Wood,no,yes,_substance/Adam Capone Stylized,_substance/Adam Capone Stylized/Substances/Wood/Wood.sbs
HeightPreview,.sbsar,Generators/Utility,no,no,_substance/Adam Capone Stylized,_substance/Adam Capone Stylized/Tools/HeightPreview.sbsar
arcane_wall_tutorial,.sbs,Brick/Masonry/Wall,no,yes,_substance/arcane-wall-tutorial,_substance/arcane-wall-tutorial/arcane_wall_tutorial.sbs
Bruno_Caustics_Generator,.sbs,Generators/Utility,no,yes,_substance/Bruno_Caustics_Generator,_substance/Bruno_Caustics_Generator/Bruno_Caustics_Generator.sbs
Bruno_Caustics_Generator,.sbsar,Generators/Utility,no,yes,_substance/Bruno_Caustics_Generator,_substance/Bruno_Caustics_Generator/Bruno_Caustics_Generator.sbsar
Bruno_Caustics_Generator,.sbs,Generators/Utility,no,yes,_substance/Bruno_Caustics_Generator,_substance/Bruno_Caustics_Generator/SD5/Bruno_Caustics_Generator.sbs
Bruno_Caustics_Generator,.sbsar,Generators/Utility,no,yes,_substance/Bruno_Caustics_Generator,_substance/Bruno_Caustics_Generator/SD5/Bruno_Caustics_Generator.sbsar
Bruno_Cracks_Generator,.sbs,Generators/Utility,no,yes,_substance/Bruno_Cracks_Generator,_substance/Bruno_Cracks_Generator/Bruno_Cracks_Generator.sbs
Bruno_Cracks_Generator,.sbsar,Generators/Utility,no,yes,_substance/Bruno_Cracks_Generator,_substance/Bruno_Cracks_Generator/Bruno_Cracks_Generator.sbsar
Bruno_Cracks_Generator,.sbs,Generators/Utility,no,yes,_substance/Bruno_Cracks_Generator,_substance/Bruno_Cracks_Generator/SD5/Bruno_Cracks_Generator.sbs
Bruno_Cracks_Generator,.sbsar,Generators/Utility,no,yes,_substance/Bruno_Cracks_Generator,_substance/Bruno_Cracks_Generator/SD5/Bruno_Cracks_Generator.sbsar
Bruno_Pixel_Stroke,.sbs,Generators/Utility,no,yes,_substance/Bruno_Pixel_Stroke,_substance/Bruno_Pixel_Stroke/Bruno_Pixel_Stroke.sbs
Bruno_Pixel_Stroke,.sbsar,Generators/Utility,no,yes,_substance/Bruno_Pixel_Stroke,_substance/Bruno_Pixel_Stroke/Bruno_Pixel_Stroke.sbsar
carbon_fiber,.sbs,Sci-fi/Tech,no,yes,_substance/(loose),_substance/carbon_fiber.sbs
nondirectional_warp,.sbs,Generators/Utility,no,yes,_substance/dependencies [autosave copy; dependency],_substance/dependencies/.autosave/nondirectional_warp.sbs
nondirectional_warp_0,.sbs,Generators/Utility,no,yes,_substance/dependencies [autosave copy; dependency],_substance/dependencies/.autosave/nondirectional_warp_0.sbs
Filter_DilationOrErosion,.sbsar,Generators/Utility,no,no,_substance/dependencies [dependency],_substance/dependencies/Filter_DilationOrErosion.sbsar
nondirectional_warp,.sbs,Generators/Utility,no,yes,_substance/dependencies [dependency],_substance/dependencies/nondirectional_warp.sbs
Designer_Template,.sbs,Generators/Utility,no,yes,_substance/(loose),_substance/Designer_Template.sbs
DeteBaseSetup,.sbs,Generators/Utility,no,yes,_substance/(loose),_substance/DeteBaseSetup.sbs
DeteDirectionalWarp,.sbsar,Generators/Utility,no,no,_substance/(loose),_substance/DeteDirectionalWarp.sbsar
FloodFillExample,.sbs,Generators/Utility,no,yes,_substance/(loose),_substance/FloodFillExample.sbs
GameEngine_Template,.sbs,Generators/Utility,no,yes,_substance/(loose),_substance/GameEngine_Template.sbs
grid_perforated,.sbs,Metal,no,yes,_substance/(loose),_substance/grid_perforated.sbs
Brk_HandPaint_Wall_01A,.sbs,Stylized,yes,yes,_substance/JM-Breakdown-Handpaint-Designer-SBS-01A [autosave copy],_substance/JM-Breakdown-Handpaint-Designer-SBS-01A/JM-Breakdown-Handpaint-Designer-SBS-01A/Brk_HandPaint_Wall_01A/.autosave/Brk_HandPaint_Wall_01A.sbs
Brk_HandPaint_Wall_01A_0,.sbs,Stylized,yes,yes,_substance/JM-Breakdown-Handpaint-Designer-SBS-01A [autosave copy],_substance/JM-Breakdown-Handpaint-Designer-SBS-01A/JM-Breakdown-Handpaint-Designer-SBS-01A/Brk_HandPaint_Wall_01A/.autosave/Brk_HandPaint_Wall_01A_0.sbs
Brk_HandPaint_Wall_01A_1,.sbs,Stylized,yes,yes,_substance/JM-Breakdown-Handpaint-Designer-SBS-01A [autosave copy],_substance/JM-Breakdown-Handpaint-Designer-SBS-01A/JM-Breakdown-Handpaint-Designer-SBS-01A/Brk_HandPaint_Wall_01A/.autosave/Brk_HandPaint_Wall_01A_1.sbs
Brk_HandPaint_Wall_01A,.sbs,Stylized,yes,yes,_substance/JM-Breakdown-Handpaint-Designer-SBS-01A,_substance/JM-Breakdown-Handpaint-Designer-SBS-01A/JM-Breakdown-Handpaint-Designer-SBS-01A/Brk_HandPaint_Wall_01A/Brk_HandPaint_Wall_01A.sbs
anisotropic_blur,.sbs,Generators/Utility,no,yes,_substance/JM-Breakdown-Handpaint-Designer-SBS-01A [autosave copy; dependency],_substance/JM-Breakdown-Handpaint-Designer-SBS-01A/JM-Breakdown-Handpaint-Designer-SBS-01A/Brk_HandPaint_Wall_01A/dependencies/.autosave/anisotropic_blur.sbs
anisotropic_blur_0,.sbs,Generators/Utility,no,yes,_substance/JM-Breakdown-Handpaint-Designer-SBS-01A [autosave copy; dependency],_substance/JM-Breakdown-Handpaint-Designer-SBS-01A/JM-Breakdown-Handpaint-Designer-SBS-01A/Brk_HandPaint_Wall_01A/dependencies/.autosave/anisotropic_blur_0.sbs
anisotropic_blur_1,.sbs,Generators/Utility,no,yes,_substance/JM-Breakdown-Handpaint-Designer-SBS-01A [autosave copy; dependency],_substance/JM-Breakdown-Handpaint-Designer-SBS-01A/JM-Breakdown-Handpaint-Designer-SBS-01A/Brk_HandPaint_Wall_01A/dependencies/.autosave/anisotropic_blur_1.sbs
auto_levels,.sbs,Generators/Utility,no,yes,_substance/JM-Breakdown-Handpaint-Designer-SBS-01A [autosave copy; dependency],_substance/JM-Breakdown-Handpaint-Designer-SBS-01A/JM-Breakdown-Handpaint-Designer-SBS-01A/Brk_HandPaint_Wall_01A/dependencies/.autosave/auto_levels.sbs
auto_levels_0,.sbs,Generators/Utility,no,yes,_substance/JM-Breakdown-Handpaint-Designer-SBS-01A [autosave copy; dependency],_substance/JM-Breakdown-Handpaint-Designer-SBS-01A/JM-Breakdown-Handpaint-Designer-SBS-01A/Brk_HandPaint_Wall_01A/dependencies/.autosave/auto_levels_0.sbs
auto_levels_1,.sbs,Generators/Utility,no,yes,_substance/JM-Breakdown-Handpaint-Designer-SBS-01A [autosave copy; dependency],_substance/JM-Breakdown-Handpaint-Designer-SBS-01A/JM-Breakdown-Handpaint-Designer-SBS-01A/Brk_HandPaint_Wall_01A/dependencies/.autosave/auto_levels_1.sbs
bevel,.sbs,Generators/Utility,no,yes,_substance/JM-Breakdown-Handpaint-Designer-SBS-01A [autosave copy; dependency],_substance/JM-Breakdown-Handpaint-Designer-SBS-01A/JM-Breakdown-Handpaint-Designer-SBS-01A/Brk_HandPaint_Wall_01A/dependencies/.autosave/bevel.sbs
bevel_0,.sbs,Generators/Utility,no,yes,_substance/JM-Breakdown-Handpaint-Designer-SBS-01A [autosave copy; dependency],_substance/JM-Breakdown-Handpaint-Designer-SBS-01A/JM-Breakdown-Handpaint-Designer-SBS-01A/Brk_HandPaint_Wall_01A/dependencies/.autosave/bevel_0.sbs
bevel_1,.sbs,Generators/Utility,no,yes,_substance/JM-Breakdown-Handpaint-Designer-SBS-01A [autosave copy; dependency],_substance/JM-Breakdown-Handpaint-Designer-SBS-01A/JM-Breakdown-Handpaint-Designer-SBS-01A/Brk_HandPaint_Wall_01A/dependencies/.autosave/bevel_1.sbs
blend_switch,.sbs,Generators/Utility,no,yes,_substance/JM-Breakdown-Handpaint-Designer-SBS-01A [autosave copy; dependency],_substance/JM-Breakdown-Handpaint-Designer-SBS-01A/JM-Breakdown-Handpaint-Designer-SBS-01A/Brk_HandPaint_Wall_01A/dependencies/.autosave/blend_switch.sbs
blend_switch_0,.sbs,Generators/Utility,no,yes,_substance/JM-Breakdown-Handpaint-Designer-SBS-01A [autosave copy; dependency],_substance/JM-Breakdown-Handpaint-Designer-SBS-01A/JM-Breakdown-Handpaint-Designer-SBS-01A/Brk_HandPaint_Wall_01A/dependencies/.autosave/blend_switch_0.sbs
blend_switch_1,.sbs,Generators/Utility,no,yes,_substance/JM-Breakdown-Handpaint-Designer-SBS-01A [autosave copy; dependency],_substance/JM-Breakdown-Handpaint-Designer-SBS-01A/JM-Breakdown-Handpaint-Designer-SBS-01A/Brk_HandPaint_Wall_01A/dependencies/.autosave/blend_switch_1.sbs
blur_hq,.sbs,Generators/Utility,no,yes,_substance/JM-Breakdown-Handpaint-Designer-SBS-01A [autosave copy; dependency],_substance/JM-Breakdown-Handpaint-Designer-SBS-01A/JM-Breakdown-Handpaint-Designer-SBS-01A/Brk_HandPaint_Wall_01A/dependencies/.autosave/blur_hq.sbs
blur_hq_0,.sbs,Generators/Utility,no,yes,_substance/JM-Breakdown-Handpaint-Designer-SBS-01A [autosave copy; dependency],_substance/JM-Breakdown-Handpaint-Designer-SBS-01A/JM-Breakdown-Handpaint-Designer-SBS-01A/Brk_HandPaint_Wall_01A/dependencies/.autosave/blur_hq_0.sbs
blur_hq_1,.sbs,Generators/Utility,no,yes,_substance/JM-Breakdown-Handpaint-Designer-SBS-01A [autosave copy; dependency],_substance/JM-Breakdown-Handpaint-Designer-SBS-01A/JM-Breakdown-Handpaint-Designer-SBS-01A/Brk_HandPaint_Wall_01A/dependencies/.autosave/blur_hq_1.sbs
contrast_luminosity,.sbs,Generators/Utility,no,yes,_substance/JM-Breakdown-Handpaint-Designer-SBS-01A [autosave copy; dependency],_substance/JM-Breakdown-Handpaint-Designer-SBS-01A/JM-Breakdown-Handpaint-Designer-SBS-01A/Brk_HandPaint_Wall_01A/dependencies/.autosave/contrast_luminosity.sbs
contrast_luminosity_0,.sbs,Generators/Utility,no,yes,_substance/JM-Breakdown-Handpaint-Designer-SBS-01A [autosave copy; dependency],_substance/JM-Breakdown-Handpaint-Designer-SBS-01A/JM-Breakdown-Handpaint-Designer-SBS-01A/Brk_HandPaint_Wall_01A/dependencies/.autosave/contrast_luminosity_0.sbs
contrast_luminosity_1,.sbs,Generators/Utility,no,yes,_substance/JM-Breakdown-Handpaint-Designer-SBS-01A [autosave copy; dependency],_substance/JM-Breakdown-Handpaint-Designer-SBS-01A/JM-Breakdown-Handpaint-Designer-SBS-01A/Brk_HandPaint_Wall_01A/dependencies/.autosave/contrast_luminosity_1.sbs
curvature_smooth,.sbs,Generators/Utility,no,yes,_substance/JM-Breakdown-Handpaint-Designer-SBS-01A [autosave copy; dependency],_substance/JM-Breakdown-Handpaint-Designer-SBS-01A/JM-Breakdown-Handpaint-Designer-SBS-01A/Brk_HandPaint_Wall_01A/dependencies/.autosave/curvature_smooth.sbs
curvature_smooth_0,.sbs,Generators/Utility,no,yes,_substance/JM-Breakdown-Handpaint-Designer-SBS-01A [autosave copy; dependency],_substance/JM-Breakdown-Handpaint-Designer-SBS-01A/JM-Breakdown-Handpaint-Designer-SBS-01A/Brk_HandPaint_Wall_01A/dependencies/.autosave/curvature_smooth_0.sbs
curvature_smooth_1,.sbs,Generators/Utility,no,yes,_substance/JM-Breakdown-Handpaint-Designer-SBS-01A [autosave copy; dependency],_substance/JM-Breakdown-Handpaint-Designer-SBS-01A/JM-Breakdown-Handpaint-Designer-SBS-01A/Brk_HandPaint_Wall_01A/dependencies/.autosave/curvature_smooth_1.sbs
edge_detect,.sbs,Generators/Utility,no,yes,_substance/JM-Breakdown-Handpaint-Designer-SBS-01A [autosave copy; dependency],_substance/JM-Breakdown-Handpaint-Designer-SBS-01A/JM-Breakdown-Handpaint-Designer-SBS-01A/Brk_HandPaint_Wall_01A/dependencies/.autosave/edge_detect.sbs
edge_detect_0,.sbs,Generators/Utility,no,yes,_substance/JM-Breakdown-Handpaint-Designer-SBS-01A [autosave copy; dependency],_substance/JM-Breakdown-Handpaint-Designer-SBS-01A/JM-Breakdown-Handpaint-Designer-SBS-01A/Brk_HandPaint_Wall_01A/dependencies/.autosave/edge_detect_0.sbs
edge_detect_1,.sbs,Generators/Utility,no,yes,_substance/JM-Breakdown-Handpaint-Designer-SBS-01A [autosave copy; dependency],_substance/JM-Breakdown-Handpaint-Designer-SBS-01A/JM-Breakdown-Handpaint-Designer-SBS-01A/Brk_HandPaint_Wall_01A/dependencies/.autosave/edge_detect_1.sbs
EZSplatter,.sbs,Generators/Utility,no,yes,_substance/JM-Breakdown-Handpaint-Designer-SBS-01A [autosave copy; dependency],_substance/JM-Breakdown-Handpaint-Designer-SBS-01A/JM-Breakdown-Handpaint-Designer-SBS-01A/Brk_HandPaint_Wall_01A/dependencies/.autosave/EZSplatter.sbs
EZSplatter_0,.sbs,Generators/Utility,no,yes,_substance/JM-Breakdown-Handpaint-Designer-SBS-01A [autosave copy; dependency],_substance/JM-Breakdown-Handpaint-Designer-SBS-01A/JM-Breakdown-Handpaint-Designer-SBS-01A/Brk_HandPaint_Wall_01A/dependencies/.autosave/EZSplatter_0.sbs
EZSplatter_1,.sbs,Generators/Utility,no,yes,_substance/JM-Breakdown-Handpaint-Designer-SBS-01A [autosave copy; dependency],_substance/JM-Breakdown-Handpaint-Designer-SBS-01A/JM-Breakdown-Handpaint-Designer-SBS-01A/Brk_HandPaint_Wall_01A/dependencies/.autosave/EZSplatter_1.sbs
facing_normal,.sbs,Generators/Utility,no,yes,_substance/JM-Breakdown-Handpaint-Designer-SBS-01A [autosave copy; dependency],_substance/JM-Breakdown-Handpaint-Designer-SBS-01A/JM-Breakdown-Handpaint-Designer-SBS-01A/Brk_HandPaint_Wall_01A/dependencies/.autosave/facing_normal.sbs
facing_normal_0,.sbs,Generators/Utility,no,yes,_substance/JM-Breakdown-Handpaint-Designer-SBS-01A [autosave copy; dependency],_substance/JM-Breakdown-Handpaint-Designer-SBS-01A/JM-Breakdown-Handpaint-Designer-SBS-01A/Brk_HandPaint_Wall_01A/dependencies/.autosave/facing_normal_0.sbs
facing_normal_1,.sbs,Generators/Utility,no,yes,_substance/JM-Breakdown-Handpaint-Designer-SBS-01A [autosave copy; dependency],_substance/JM-Breakdown-Handpaint-Designer-SBS-01A/JM-Breakdown-Handpaint-Designer-SBS-01A/Brk_HandPaint_Wall_01A/dependencies/.autosave/facing_normal_1.sbs
flood_fill_2,.sbs,Generators/Utility,no,yes,_substance/JM-Breakdown-Handpaint-Designer-SBS-01A [autosave copy; dependency],_substance/JM-Breakdown-Handpaint-Designer-SBS-01A/JM-Breakdown-Handpaint-Designer-SBS-01A/Brk_HandPaint_Wall_01A/dependencies/.autosave/flood_fill_2.sbs
flood_fill_2_0,.sbs,Generators/Utility,no,yes,_substance/JM-Breakdown-Handpaint-Designer-SBS-01A [autosave copy; dependency],_substance/JM-Breakdown-Handpaint-Designer-SBS-01A/JM-Breakdown-Handpaint-Designer-SBS-01A/Brk_HandPaint_Wall_01A/dependencies/.autosave/flood_fill_2_0.sbs
flood_fill_2_1,.sbs,Generators/Utility,no,yes,_substance/JM-Breakdown-Handpaint-Designer-SBS-01A [autosave copy; dependency],_substance/JM-Breakdown-Handpaint-Designer-SBS-01A/JM-Breakdown-Handpaint-Designer-SBS-01A/Brk_HandPaint_Wall_01A/dependencies/.autosave/flood_fill_2_1.sbs
functions,.sbs,Generators/Utility,no,yes,_substance/JM-Breakdown-Handpaint-Designer-SBS-01A [autosave copy; dependency],_substance/JM-Breakdown-Handpaint-Designer-SBS-01A/JM-Breakdown-Handpaint-Designer-SBS-01A/Brk_HandPaint_Wall_01A/dependencies/.autosave/functions.sbs
functions_0,.sbs,Generators/Utility,no,yes,_substance/JM-Breakdown-Handpaint-Designer-SBS-01A [autosave copy; dependency],_substance/JM-Breakdown-Handpaint-Designer-SBS-01A/JM-Breakdown-Handpaint-Designer-SBS-01A/Brk_HandPaint_Wall_01A/dependencies/.autosave/functions_0.sbs
functions_1,.sbs,Generators/Utility,no,yes,_substance/JM-Breakdown-Handpaint-Designer-SBS-01A [autosave copy; dependency],_substance/JM-Breakdown-Handpaint-Designer-SBS-01A/JM-Breakdown-Handpaint-Designer-SBS-01A/Brk_HandPaint_Wall_01A/dependencies/.autosave/functions_1.sbs
Generator_Bricks,.sbs,Generators/Utility,no,yes,_substance/JM-Breakdown-Handpaint-Designer-SBS-01A [autosave copy; dependency],_substance/JM-Breakdown-Handpaint-Designer-SBS-01A/JM-Breakdown-Handpaint-Designer-SBS-01A/Brk_HandPaint_Wall_01A/dependencies/.autosave/Generator_Bricks.sbs
Generator_Bricks_0,.sbs,Generators/Utility,no,yes,_substance/JM-Breakdown-Handpaint-Designer-SBS-01A [autosave copy; dependency],_substance/JM-Breakdown-Handpaint-Designer-SBS-01A/JM-Breakdown-Handpaint-Designer-SBS-01A/Brk_HandPaint_Wall_01A/dependencies/.autosave/Generator_Bricks_0.sbs
Generator_Bricks_1,.sbs,Generators/Utility,no,yes,_substance/JM-Breakdown-Handpaint-Designer-SBS-01A [autosave copy; dependency],_substance/JM-Breakdown-Handpaint-Designer-SBS-01A/JM-Breakdown-Handpaint-Designer-SBS-01A/Brk_HandPaint_Wall_01A/dependencies/.autosave/Generator_Bricks_1.sbs
gradient_axial,.sbs,Generators/Utility,no,yes,_substance/JM-Breakdown-Handpaint-Designer-SBS-01A [autosave copy; dependency],_substance/JM-Breakdown-Handpaint-Designer-SBS-01A/JM-Breakdown-Handpaint-Designer-SBS-01A/Brk_HandPaint_Wall_01A/dependencies/.autosave/gradient_axial.sbs
gradient_axial_0,.sbs,Generators/Utility,no,yes,_substance/JM-Breakdown-Handpaint-Designer-SBS-01A [autosave copy; dependency],_substance/JM-Breakdown-Handpaint-Designer-SBS-01A/JM-Breakdown-Handpaint-Designer-SBS-01A/Brk_HandPaint_Wall_01A/dependencies/.autosave/gradient_axial_0.sbs
gradient_axial_1,.sbs,Generators/Utility,no,yes,_substance/JM-Breakdown-Handpaint-Designer-SBS-01A [autosave copy; dependency],_substance/JM-Breakdown-Handpaint-Designer-SBS-01A/JM-Breakdown-Handpaint-Designer-SBS-01A/Brk_HandPaint_Wall_01A/dependencies/.autosave/gradient_axial_1.sbs
gradient_linear_1,.sbs,Generators/Utility,no,yes,_substance/JM-Breakdown-Handpaint-Designer-SBS-01A [autosave copy; dependency],_substance/JM-Breakdown-Handpaint-Designer-SBS-01A/JM-Breakdown-Handpaint-Designer-SBS-01A/Brk_HandPaint_Wall_01A/dependencies/.autosave/gradient_linear_1.sbs
gradient_linear_1_0,.sbs,Generators/Utility,no,yes,_substance/JM-Breakdown-Handpaint-Designer-SBS-01A [autosave copy; dependency],_substance/JM-Breakdown-Handpaint-Designer-SBS-01A/JM-Breakdown-Handpaint-Designer-SBS-01A/Brk_HandPaint_Wall_01A/dependencies/.autosave/gradient_linear_1_0.sbs
gradient_linear_1_1,.sbs,Generators/Utility,no,yes,_substance/JM-Breakdown-Handpaint-Designer-SBS-01A [autosave copy; dependency],_substance/JM-Breakdown-Handpaint-Designer-SBS-01A/JM-Breakdown-Handpaint-Designer-SBS-01A/Brk_HandPaint_Wall_01A/dependencies/.autosave/gradient_linear_1_1.sbs
gradient_linear_2,.sbs,Generators/Utility,no,yes,_substance/JM-Breakdown-Handpaint-Designer-SBS-01A [autosave copy; dependency],_substance/JM-Breakdown-Handpaint-Designer-SBS-01A/JM-Breakdown-Handpaint-Designer-SBS-01A/Brk_HandPaint_Wall_01A/dependencies/.autosave/gradient_linear_2.sbs
gradient_linear_2_0,.sbs,Generators/Utility,no,yes,_substance/JM-Breakdown-Handpaint-Designer-SBS-01A [autosave copy; dependency],_substance/JM-Breakdown-Handpaint-Designer-SBS-01A/JM-Breakdown-Handpaint-Designer-SBS-01A/Brk_HandPaint_Wall_01A/dependencies/.autosave/gradient_linear_2_0.sbs
gradient_linear_2_1,.sbs,Generators/Utility,no,yes,_substance/JM-Breakdown-Handpaint-Designer-SBS-01A [autosave copy; dependency],_substance/JM-Breakdown-Handpaint-Designer-SBS-01A/JM-Breakdown-Handpaint-Designer-SBS-01A/Brk_HandPaint_Wall_01A/dependencies/.autosave/gradient_linear_2_1.sbs
gradient_linear_3,.sbs,Generators/Utility,no,yes,_substance/JM-Breakdown-Handpaint-Designer-SBS-01A [autosave copy; dependency],_substance/JM-Breakdown-Handpaint-Designer-SBS-01A/JM-Breakdown-Handpaint-Designer-SBS-01A/Brk_HandPaint_Wall_01A/dependencies/.autosave/gradient_linear_3.sbs
gradient_linear_3_0,.sbs,Generators/Utility,no,yes,_substance/JM-Breakdown-Handpaint-Designer-SBS-01A [autosave copy; dependency],_substance/JM-Breakdown-Handpaint-Designer-SBS-01A/JM-Breakdown-Handpaint-Designer-SBS-01A/Brk_HandPaint_Wall_01A/dependencies/.autosave/gradient_linear_3_0.sbs
gradient_linear_3_1,.sbs,Generators/Utility,no,yes,_substance/JM-Breakdown-Handpaint-Designer-SBS-01A [autosave copy; dependency],_substance/JM-Breakdown-Handpaint-Designer-SBS-01A/JM-Breakdown-Handpaint-Designer-SBS-01A/Brk_HandPaint_Wall_01A/dependencies/.autosave/gradient_linear_3_1.sbs
hbao_2,.sbs,Generators/Utility,no,yes,_substance/JM-Breakdown-Handpaint-Designer-SBS-01A [autosave copy; dependency],_substance/JM-Breakdown-Handpaint-Designer-SBS-01A/JM-Breakdown-Handpaint-Designer-SBS-01A/Brk_HandPaint_Wall_01A/dependencies/.autosave/hbao_2.sbs
hbao_2_0,.sbs,Generators/Utility,no,yes,_substance/JM-Breakdown-Handpaint-Designer-SBS-01A [autosave copy; dependency],_substance/JM-Breakdown-Handpaint-Designer-SBS-01A/JM-Breakdown-Handpaint-Designer-SBS-01A/Brk_HandPaint_Wall_01A/dependencies/.autosave/hbao_2_0.sbs
hbao_2_1,.sbs,Generators/Utility,no,yes,_substance/JM-Breakdown-Handpaint-Designer-SBS-01A [autosave copy; dependency],_substance/JM-Breakdown-Handpaint-Designer-SBS-01A/JM-Breakdown-Handpaint-Designer-SBS-01A/Brk_HandPaint_Wall_01A/dependencies/.autosave/hbao_2_1.sbs
height_to_normal_world_units,.sbs,Generators/Utility,no,yes,_substance/JM-Breakdown-Handpaint-Designer-SBS-01A [autosave copy; dependency],_substance/JM-Breakdown-Handpaint-Designer-SBS-01A/JM-Breakdown-Handpaint-Designer-SBS-01A/Brk_HandPaint_Wall_01A/dependencies/.autosave/height_to_normal_world_units.sbs
height_to_normal_world_units_0,.sbs,Generators/Utility,no,yes,_substance/JM-Breakdown-Handpaint-Designer-SBS-01A [autosave copy; dependency],_substance/JM-Breakdown-Handpaint-Designer-SBS-01A/JM-Breakdown-Handpaint-Designer-SBS-01A/Brk_HandPaint_Wall_01A/dependencies/.autosave/height_to_normal_world_units_0.sbs
height_to_normal_world_units_1,.sbs,Generators/Utility,no,yes,_substance/JM-Breakdown-Handpaint-Designer-SBS-01A [autosave copy; dependency],_substance/JM-Breakdown-Handpaint-Designer-SBS-01A/JM-Breakdown-Handpaint-Designer-SBS-01A/Brk_HandPaint_Wall_01A/dependencies/.autosave/height_to_normal_world_units_1.sbs
histogram_scan,.sbs,Generators/Utility,no,yes,_substance/JM-Breakdown-Handpaint-Designer-SBS-01A [autosave copy; dependency],_substance/JM-Breakdown-Handpaint-Designer-SBS-01A/JM-Breakdown-Handpaint-Designer-SBS-01A/Brk_HandPaint_Wall_01A/dependencies/.autosave/histogram_scan.sbs
histogram_scan_0,.sbs,Generators/Utility,no,yes,_substance/JM-Breakdown-Handpaint-Designer-SBS-01A [autosave copy; dependency],_substance/JM-Breakdown-Handpaint-Designer-SBS-01A/JM-Breakdown-Handpaint-Designer-SBS-01A/Brk_HandPaint_Wall_01A/dependencies/.autosave/histogram_scan_0.sbs
histogram_scan_1,.sbs,Generators/Utility,no,yes,_substance/JM-Breakdown-Handpaint-Designer-SBS-01A [autosave copy; dependency],_substance/JM-Breakdown-Handpaint-Designer-SBS-01A/JM-Breakdown-Handpaint-Designer-SBS-01A/Brk_HandPaint_Wall_01A/dependencies/.autosave/histogram_scan_1.sbs
histogram_select,.sbs,Generators/Utility,no,yes,_substance/JM-Breakdown-Handpaint-Designer-SBS-01A [autosave copy; dependency],_substance/JM-Breakdown-Handpaint-Designer-SBS-01A/JM-Breakdown-Handpaint-Designer-SBS-01A/Brk_HandPaint_Wall_01A/dependencies/.autosave/histogram_select.sbs
histogram_select_0,.sbs,Generators/Utility,no,yes,_substance/JM-Breakdown-Handpaint-Designer-SBS-01A [autosave copy; dependency],_substance/JM-Breakdown-Handpaint-Designer-SBS-01A/JM-Breakdown-Handpaint-Designer-SBS-01A/Brk_HandPaint_Wall_01A/dependencies/.autosave/histogram_select_0.sbs
histogram_select_1,.sbs,Generators/Utility,no,yes,_substance/JM-Breakdown-Handpaint-Designer-SBS-01A [autosave copy; dependency],_substance/JM-Breakdown-Handpaint-Designer-SBS-01A/JM-Breakdown-Handpaint-Designer-SBS-01A/Brk_HandPaint_Wall_01A/dependencies/.autosave/histogram_select_1.sbs
invert,.sbs,Generators/Utility,no,yes,_substance/JM-Breakdown-Handpaint-Designer-SBS-01A [autosave copy; dependency],_substance/JM-Breakdown-Handpaint-Designer-SBS-01A/JM-Breakdown-Handpaint-Designer-SBS-01A/Brk_HandPaint_Wall_01A/dependencies/.autosave/invert.sbs
invert_0,.sbs,Generators/Utility,no,yes,_substance/JM-Breakdown-Handpaint-Designer-SBS-01A [autosave copy; dependency],_substance/JM-Breakdown-Handpaint-Designer-SBS-01A/JM-Breakdown-Handpaint-Designer-SBS-01A/Brk_HandPaint_Wall_01A/dependencies/.autosave/invert_0.sbs
invert_1,.sbs,Generators/Utility,no,yes,_substance/JM-Breakdown-Handpaint-Designer-SBS-01A [autosave copy; dependency],_substance/JM-Breakdown-Handpaint-Designer-SBS-01A/JM-Breakdown-Handpaint-Designer-SBS-01A/Brk_HandPaint_Wall_01A/dependencies/.autosave/invert_1.sbs
mg_light,.sbs,Generators/Utility,no,yes,_substance/JM-Breakdown-Handpaint-Designer-SBS-01A [autosave copy; dependency],_substance/JM-Breakdown-Handpaint-Designer-SBS-01A/JM-Breakdown-Handpaint-Designer-SBS-01A/Brk_HandPaint_Wall_01A/dependencies/.autosave/mg_light.sbs
mg_light_0,.sbs,Generators/Utility,no,yes,_substance/JM-Breakdown-Handpaint-Designer-SBS-01A [autosave copy; dependency],_substance/JM-Breakdown-Handpaint-Designer-SBS-01A/JM-Breakdown-Handpaint-Designer-SBS-01A/Brk_HandPaint_Wall_01A/dependencies/.autosave/mg_light_0.sbs
mg_light_1,.sbs,Generators/Utility,no,yes,_substance/JM-Breakdown-Handpaint-Designer-SBS-01A [autosave copy; dependency],_substance/JM-Breakdown-Handpaint-Designer-SBS-01A/JM-Breakdown-Handpaint-Designer-SBS-01A/Brk_HandPaint_Wall_01A/dependencies/.autosave/mg_light_1.sbs
mirror,.sbs,Generators/Utility,no,yes,_substance/JM-Breakdown-Handpaint-Designer-SBS-01A [autosave copy; dependency],_substance/JM-Breakdown-Handpaint-Designer-SBS-01A/JM-Breakdown-Handpaint-Designer-SBS-01A/Brk_HandPaint_Wall_01A/dependencies/.autosave/mirror.sbs
mirror_0,.sbs,Generators/Utility,no,yes,_substance/JM-Breakdown-Handpaint-Designer-SBS-01A [autosave copy; dependency],_substance/JM-Breakdown-Handpaint-Designer-SBS-01A/JM-Breakdown-Handpaint-Designer-SBS-01A/Brk_HandPaint_Wall_01A/dependencies/.autosave/mirror_0.sbs
mirror_1,.sbs,Generators/Utility,no,yes,_substance/JM-Breakdown-Handpaint-Designer-SBS-01A [autosave copy; dependency],_substance/JM-Breakdown-Handpaint-Designer-SBS-01A/JM-Breakdown-Handpaint-Designer-SBS-01A/Brk_HandPaint_Wall_01A/dependencies/.autosave/mirror_1.sbs
mosaic,.sbs,Generators/Utility,no,yes,_substance/JM-Breakdown-Handpaint-Designer-SBS-01A [autosave copy; dependency],_substance/JM-Breakdown-Handpaint-Designer-SBS-01A/JM-Breakdown-Handpaint-Designer-SBS-01A/Brk_HandPaint_Wall_01A/dependencies/.autosave/mosaic.sbs
mosaic_0,.sbs,Generators/Utility,no,yes,_substance/JM-Breakdown-Handpaint-Designer-SBS-01A [autosave copy; dependency],_substance/JM-Breakdown-Handpaint-Designer-SBS-01A/JM-Breakdown-Handpaint-Designer-SBS-01A/Brk_HandPaint_Wall_01A/dependencies/.autosave/mosaic_0.sbs
mosaic_1,.sbs,Generators/Utility,no,yes,_substance/JM-Breakdown-Handpaint-Designer-SBS-01A [autosave copy; dependency],_substance/JM-Breakdown-Handpaint-Designer-SBS-01A/JM-Breakdown-Handpaint-Designer-SBS-01A/Brk_HandPaint_Wall_01A/dependencies/.autosave/mosaic_1.sbs
Node_Brush_01,.sbs,Generators/Utility,no,yes,_substance/JM-Breakdown-Handpaint-Designer-SBS-01A [autosave copy; dependency],_substance/JM-Breakdown-Handpaint-Designer-SBS-01A/JM-Breakdown-Handpaint-Designer-SBS-01A/Brk_HandPaint_Wall_01A/dependencies/.autosave/Node_Brush_01.sbs
Node_Brush_01_0,.sbs,Generators/Utility,no,yes,_substance/JM-Breakdown-Handpaint-Designer-SBS-01A [autosave copy; dependency],_substance/JM-Breakdown-Handpaint-Designer-SBS-01A/JM-Breakdown-Handpaint-Designer-SBS-01A/Brk_HandPaint_Wall_01A/dependencies/.autosave/Node_Brush_01_0.sbs
Node_Brush_01_1,.sbs,Generators/Utility,no,yes,_substance/JM-Breakdown-Handpaint-Designer-SBS-01A [autosave copy; dependency],_substance/JM-Breakdown-Handpaint-Designer-SBS-01A/JM-Breakdown-Handpaint-Designer-SBS-01A/Brk_HandPaint_Wall_01A/dependencies/.autosave/Node_Brush_01_1.sbs
Node_Dero,.sbs,Generators/Utility,no,yes,_substance/JM-Breakdown-Handpaint-Designer-SBS-01A [autosave copy; dependency],_substance/JM-Breakdown-Handpaint-Designer-SBS-01A/JM-Breakdown-Handpaint-Designer-SBS-01A/Brk_HandPaint_Wall_01A/dependencies/.autosave/Node_Dero.sbs
Node_Dero_0,.sbs,Generators/Utility,no,yes,_substance/JM-Breakdown-Handpaint-Designer-SBS-01A [autosave copy; dependency],_substance/JM-Breakdown-Handpaint-Designer-SBS-01A/JM-Breakdown-Handpaint-Designer-SBS-01A/Brk_HandPaint_Wall_01A/dependencies/.autosave/Node_Dero_0.sbs
Node_Dero_1,.sbs,Generators/Utility,no,yes,_substance/JM-Breakdown-Handpaint-Designer-SBS-01A [autosave copy; dependency],_substance/JM-Breakdown-Handpaint-Designer-SBS-01A/JM-Breakdown-Handpaint-Designer-SBS-01A/Brk_HandPaint_Wall_01A/dependencies/.autosave/Node_Dero_1.sbs
Node_Watercolor,.sbs,Generators/Utility,no,yes,_substance/JM-Breakdown-Handpaint-Designer-SBS-01A [autosave copy; dependency],_substance/JM-Breakdown-Handpaint-Designer-SBS-01A/JM-Breakdown-Handpaint-Designer-SBS-01A/Brk_HandPaint_Wall_01A/dependencies/.autosave/Node_Watercolor.sbs
Node_Watercolor_0,.sbs,Generators/Utility,no,yes,_substance/JM-Breakdown-Handpaint-Designer-SBS-01A [autosave copy; dependency],_substance/JM-Breakdown-Handpaint-Designer-SBS-01A/JM-Breakdown-Handpaint-Designer-SBS-01A/Brk_HandPaint_Wall_01A/dependencies/.autosave/Node_Watercolor_0.sbs
Node_Watercolor_1,.sbs,Generators/Utility,no,yes,_substance/JM-Breakdown-Handpaint-Designer-SBS-01A [autosave copy; dependency],_substance/JM-Breakdown-Handpaint-Designer-SBS-01A/JM-Breakdown-Handpaint-Designer-SBS-01A/Brk_HandPaint_Wall_01A/dependencies/.autosave/Node_Watercolor_1.sbs
noise_anisotropic_noise,.sbs,Generators/Utility,no,yes,_substance/JM-Breakdown-Handpaint-Designer-SBS-01A [autosave copy; dependency],_substance/JM-Breakdown-Handpaint-Designer-SBS-01A/JM-Breakdown-Handpaint-Designer-SBS-01A/Brk_HandPaint_Wall_01A/dependencies/.autosave/noise_anisotropic_noise.sbs
noise_anisotropic_noise_0,.sbs,Generators/Utility,no,yes,_substance/JM-Breakdown-Handpaint-Designer-SBS-01A [autosave copy; dependency],_substance/JM-Breakdown-Handpaint-Designer-SBS-01A/JM-Breakdown-Handpaint-Designer-SBS-01A/Brk_HandPaint_Wall_01A/dependencies/.autosave/noise_anisotropic_noise_0.sbs
noise_anisotropic_noise_1,.sbs,Generators/Utility,no,yes,_substance/JM-Breakdown-Handpaint-Designer-SBS-01A [autosave copy; dependency],_substance/JM-Breakdown-Handpaint-Designer-SBS-01A/JM-Breakdown-Handpaint-Designer-SBS-01A/Brk_HandPaint_Wall_01A/dependencies/.autosave/noise_anisotropic_noise_1.sbs
noise_cells_1,.sbs,Generators/Utility,no,yes,_substance/JM-Breakdown-Handpaint-Designer-SBS-01A [autosave copy; dependency],_substance/JM-Breakdown-Handpaint-Designer-SBS-01A/JM-Breakdown-Handpaint-Designer-SBS-01A/Brk_HandPaint_Wall_01A/dependencies/.autosave/noise_cells_1.sbs
noise_cells_1_0,.sbs,Generators/Utility,no,yes,_substance/JM-Breakdown-Handpaint-Designer-SBS-01A [autosave copy; dependency],_substance/JM-Breakdown-Handpaint-Designer-SBS-01A/JM-Breakdown-Handpaint-Designer-SBS-01A/Brk_HandPaint_Wall_01A/dependencies/.autosave/noise_cells_1_0.sbs
noise_cells_1_1,.sbs,Generators/Utility,no,yes,_substance/JM-Breakdown-Handpaint-Designer-SBS-01A [autosave copy; dependency],_substance/JM-Breakdown-Handpaint-Designer-SBS-01A/JM-Breakdown-Handpaint-Designer-SBS-01A/Brk_HandPaint_Wall_01A/dependencies/.autosave/noise_cells_1_1.sbs
noise_cells_4,.sbs,Generators/Utility,no,yes,_substance/JM-Breakdown-Handpaint-Designer-SBS-01A [autosave copy; dependency],_substance/JM-Breakdown-Handpaint-Designer-SBS-01A/JM-Breakdown-Handpaint-Designer-SBS-01A/Brk_HandPaint_Wall_01A/dependencies/.autosave/noise_cells_4.sbs
noise_cells_4_0,.sbs,Generators/Utility,no,yes,_substance/JM-Breakdown-Handpaint-Designer-SBS-01A [autosave copy; dependency],_substance/JM-Breakdown-Handpaint-Designer-SBS-01A/JM-Breakdown-Handpaint-Designer-SBS-01A/Brk_HandPaint_Wall_01A/dependencies/.autosave/noise_cells_4_0.sbs
noise_cells_4_1,.sbs,Generators/Utility,no,yes,_substance/JM-Breakdown-Handpaint-Designer-SBS-01A [autosave copy; dependency],_substance/JM-Breakdown-Handpaint-Designer-SBS-01A/JM-Breakdown-Handpaint-Designer-SBS-01A/Brk_HandPaint_Wall_01A/dependencies/.autosave/noise_cells_4_1.sbs
noise_clouds_2,.sbs,Generators/Utility,no,yes,_substance/JM-Breakdown-Handpaint-Designer-SBS-01A [autosave copy; dependency],_substance/JM-Breakdown-Handpaint-Designer-SBS-01A/JM-Breakdown-Handpaint-Designer-SBS-01A/Brk_HandPaint_Wall_01A/dependencies/.autosave/noise_clouds_2.sbs
noise_clouds_2_0,.sbs,Generators/Utility,no,yes,_substance/JM-Breakdown-Handpaint-Designer-SBS-01A [autosave copy; dependency],_substance/JM-Breakdown-Handpaint-Designer-SBS-01A/JM-Breakdown-Handpaint-Designer-SBS-01A/Brk_HandPaint_Wall_01A/dependencies/.autosave/noise_clouds_2_0.sbs
noise_clouds_2_1,.sbs,Generators/Utility,no,yes,_substance/JM-Breakdown-Handpaint-Designer-SBS-01A [autosave copy; dependency],_substance/JM-Breakdown-Handpaint-Designer-SBS-01A/JM-Breakdown-Handpaint-Designer-SBS-01A/Brk_HandPaint_Wall_01A/dependencies/.autosave/noise_clouds_2_1.sbs
noise_clouds_3,.sbs,Generators/Utility,no,yes,_substance/JM-Breakdown-Handpaint-Designer-SBS-01A [autosave copy; dependency],_substance/JM-Breakdown-Handpaint-Designer-SBS-01A/JM-Breakdown-Handpaint-Designer-SBS-01A/Brk_HandPaint_Wall_01A/dependencies/.autosave/noise_clouds_3.sbs
noise_clouds_3_0,.sbs,Generators/Utility,no,yes,_substance/JM-Breakdown-Handpaint-Designer-SBS-01A [autosave copy; dependency],_substance/JM-Breakdown-Handpaint-Designer-SBS-01A/JM-Breakdown-Handpaint-Designer-SBS-01A/Brk_HandPaint_Wall_01A/dependencies/.autosave/noise_clouds_3_0.sbs
noise_clouds_3_1,.sbs,Generators/Utility,no,yes,_substance/JM-Breakdown-Handpaint-Designer-SBS-01A [autosave copy; dependency],_substance/JM-Breakdown-Handpaint-Designer-SBS-01A/JM-Breakdown-Handpaint-Designer-SBS-01A/Brk_HandPaint_Wall_01A/dependencies/.autosave/noise_clouds_3_1.sbs
noise_creased,.sbs,Generators/Utility,no,yes,_substance/JM-Breakdown-Handpaint-Designer-SBS-01A [autosave copy; dependency],_substance/JM-Breakdown-Handpaint-Designer-SBS-01A/JM-Breakdown-Handpaint-Designer-SBS-01A/Brk_HandPaint_Wall_01A/dependencies/.autosave/noise_creased.sbs
noise_creased_0,.sbs,Generators/Utility,no,yes,_substance/JM-Breakdown-Handpaint-Designer-SBS-01A [autosave copy; dependency],_substance/JM-Breakdown-Handpaint-Designer-SBS-01A/JM-Breakdown-Handpaint-Designer-SBS-01A/Brk_HandPaint_Wall_01A/dependencies/.autosave/noise_creased_0.sbs
noise_creased_1,.sbs,Generators/Utility,no,yes,_substance/JM-Breakdown-Handpaint-Designer-SBS-01A [autosave copy; dependency],_substance/JM-Breakdown-Handpaint-Designer-SBS-01A/JM-Breakdown-Handpaint-Designer-SBS-01A/Brk_HandPaint_Wall_01A/dependencies/.autosave/noise_creased_1.sbs
noise_crystal_1,.sbs,Generators/Utility,no,yes,_substance/JM-Breakdown-Handpaint-Designer-SBS-01A [autosave copy; dependency],_substance/JM-Breakdown-Handpaint-Designer-SBS-01A/JM-Breakdown-Handpaint-Designer-SBS-01A/Brk_HandPaint_Wall_01A/dependencies/.autosave/noise_crystal_1.sbs
noise_crystal_1_0,.sbs,Generators/Utility,no,yes,_substance/JM-Breakdown-Handpaint-Designer-SBS-01A [autosave copy; dependency],_substance/JM-Breakdown-Handpaint-Designer-SBS-01A/JM-Breakdown-Handpaint-Designer-SBS-01A/Brk_HandPaint_Wall_01A/dependencies/.autosave/noise_crystal_1_0.sbs
noise_crystal_1_1,.sbs,Generators/Utility,no,yes,_substance/JM-Breakdown-Handpaint-Designer-SBS-01A [autosave copy; dependency],_substance/JM-Breakdown-Handpaint-Designer-SBS-01A/JM-Breakdown-Handpaint-Designer-SBS-01A/Brk_HandPaint_Wall_01A/dependencies/.autosave/noise_crystal_1_1.sbs
noise_crystal_2,.sbs,Generators/Utility,no,yes,_substance/JM-Breakdown-Handpaint-Designer-SBS-01A [autosave copy; dependency],_substance/JM-Breakdown-Handpaint-Designer-SBS-01A/JM-Breakdown-Handpaint-Designer-SBS-01A/Brk_HandPaint_Wall_01A/dependencies/.autosave/noise_crystal_2.sbs
noise_crystal_2_0,.sbs,Generators/Utility,no,yes,_substance/JM-Breakdown-Handpaint-Designer-SBS-01A [autosave copy; dependency],_substance/JM-Breakdown-Handpaint-Designer-SBS-01A/JM-Breakdown-Handpaint-Designer-SBS-01A/Brk_HandPaint_Wall_01A/dependencies/.autosave/noise_crystal_2_0.sbs
noise_crystal_2_1,.sbs,Generators/Utility,no,yes,_substance/JM-Breakdown-Handpaint-Designer-SBS-01A [autosave copy; dependency],_substance/JM-Breakdown-Handpaint-Designer-SBS-01A/JM-Breakdown-Handpaint-Designer-SBS-01A/Brk_HandPaint_Wall_01A/dependencies/.autosave/noise_crystal_2_1.sbs
noise_directional_noise_1,.sbs,Generators/Utility,no,yes,_substance/JM-Breakdown-Handpaint-Designer-SBS-01A [autosave copy; dependency],_substance/JM-Breakdown-Handpaint-Designer-SBS-01A/JM-Breakdown-Handpaint-Designer-SBS-01A/Brk_HandPaint_Wall_01A/dependencies/.autosave/noise_directional_noise_1.sbs
noise_directional_noise_1_0,.sbs,Generators/Utility,no,yes,_substance/JM-Breakdown-Handpaint-Designer-SBS-01A [autosave copy; dependency],_substance/JM-Breakdown-Handpaint-Designer-SBS-01A/JM-Breakdown-Handpaint-Designer-SBS-01A/Brk_HandPaint_Wall_01A/dependencies/.autosave/noise_directional_noise_1_0.sbs
noise_directional_noise_1_1,.sbs,Generators/Utility,no,yes,_substance/JM-Breakdown-Handpaint-Designer-SBS-01A [autosave copy; dependency],_substance/JM-Breakdown-Handpaint-Designer-SBS-01A/JM-Breakdown-Handpaint-Designer-SBS-01A/Brk_HandPaint_Wall_01A/dependencies/.autosave/noise_directional_noise_1_1.sbs
noise_dirt_3,.sbs,Generators/Utility,no,yes,_substance/JM-Breakdown-Handpaint-Designer-SBS-01A [autosave copy; dependency],_substance/JM-Breakdown-Handpaint-Designer-SBS-01A/JM-Breakdown-Handpaint-Designer-SBS-01A/Brk_HandPaint_Wall_01A/dependencies/.autosave/noise_dirt_3.sbs
noise_dirt_3_0,.sbs,Generators/Utility,no,yes,_substance/JM-Breakdown-Handpaint-Designer-SBS-01A [autosave copy; dependency],_substance/JM-Breakdown-Handpaint-Designer-SBS-01A/JM-Breakdown-Handpaint-Designer-SBS-01A/Brk_HandPaint_Wall_01A/dependencies/.autosave/noise_dirt_3_0.sbs
noise_dirt_3_1,.sbs,Generators/Utility,no,yes,_substance/JM-Breakdown-Handpaint-Designer-SBS-01A [autosave copy; dependency],_substance/JM-Breakdown-Handpaint-Designer-SBS-01A/JM-Breakdown-Handpaint-Designer-SBS-01A/Brk_HandPaint_Wall_01A/dependencies/.autosave/noise_dirt_3_1.sbs
noise_gaussian_noise,.sbs,Generators/Utility,no,yes,_substance/JM-Breakdown-Handpaint-Designer-SBS-01A [autosave copy; dependency],_substance/JM-Breakdown-Handpaint-Designer-SBS-01A/JM-Breakdown-Handpaint-Designer-SBS-01A/Brk_HandPaint_Wall_01A/dependencies/.autosave/noise_gaussian_noise.sbs
noise_gaussian_noise_0,.sbs,Generators/Utility,no,yes,_substance/JM-Breakdown-Handpaint-Designer-SBS-01A [autosave copy; dependency],_substance/JM-Breakdown-Handpaint-Designer-SBS-01A/JM-Breakdown-Handpaint-Designer-SBS-01A/Brk_HandPaint_Wall_01A/dependencies/.autosave/noise_gaussian_noise_0.sbs
noise_gaussian_noise_1,.sbs,Generators/Utility,no,yes,_substance/JM-Breakdown-Handpaint-Designer-SBS-01A [autosave copy; dependency],_substance/JM-Breakdown-Handpaint-Designer-SBS-01A/JM-Breakdown-Handpaint-Designer-SBS-01A/Brk_HandPaint_Wall_01A/dependencies/.autosave/noise_gaussian_noise_1.sbs
noise_gaussian_spots_1,.sbs,Generators/Utility,no,yes,_substance/JM-Breakdown-Handpaint-Designer-SBS-01A [autosave copy; dependency],_substance/JM-Breakdown-Handpaint-Designer-SBS-01A/JM-Breakdown-Handpaint-Designer-SBS-01A/Brk_HandPaint_Wall_01A/dependencies/.autosave/noise_gaussian_spots_1.sbs
noise_gaussian_spots_1_0,.sbs,Generators/Utility,no,yes,_substance/JM-Breakdown-Handpaint-Designer-SBS-01A [autosave copy; dependency],_substance/JM-Breakdown-Handpaint-Designer-SBS-01A/JM-Breakdown-Handpaint-Designer-SBS-01A/Brk_HandPaint_Wall_01A/dependencies/.autosave/noise_gaussian_spots_1_0.sbs
noise_gaussian_spots_1_1,.sbs,Generators/Utility,no,yes,_substance/JM-Breakdown-Handpaint-Designer-SBS-01A [autosave copy; dependency],_substance/JM-Breakdown-Handpaint-Designer-SBS-01A/JM-Breakdown-Handpaint-Designer-SBS-01A/Brk_HandPaint_Wall_01A/dependencies/.autosave/noise_gaussian_spots_1_1.sbs
noise_grunge_map_013,.sbs,Generators/Utility,no,yes,_substance/JM-Breakdown-Handpaint-Designer-SBS-01A [autosave copy; dependency],_substance/JM-Breakdown-Handpaint-Designer-SBS-01A/JM-Breakdown-Handpaint-Designer-SBS-01A/Brk_HandPaint_Wall_01A/dependencies/.autosave/noise_grunge_map_013.sbs
noise_grunge_map_013_0,.sbs,Generators/Utility,no,yes,_substance/JM-Breakdown-Handpaint-Designer-SBS-01A [autosave copy; dependency],_substance/JM-Breakdown-Handpaint-Designer-SBS-01A/JM-Breakdown-Handpaint-Designer-SBS-01A/Brk_HandPaint_Wall_01A/dependencies/.autosave/noise_grunge_map_013_0.sbs
noise_grunge_map_013_1,.sbs,Generators/Utility,no,yes,_substance/JM-Breakdown-Handpaint-Designer-SBS-01A [autosave copy; dependency],_substance/JM-Breakdown-Handpaint-Designer-SBS-01A/JM-Breakdown-Handpaint-Designer-SBS-01A/Brk_HandPaint_Wall_01A/dependencies/.autosave/noise_grunge_map_013_1.sbs
noise_grunge_map_014,.sbs,Generators/Utility,no,yes,_substance/JM-Breakdown-Handpaint-Designer-SBS-01A [autosave copy; dependency],_substance/JM-Breakdown-Handpaint-Designer-SBS-01A/JM-Breakdown-Handpaint-Designer-SBS-01A/Brk_HandPaint_Wall_01A/dependencies/.autosave/noise_grunge_map_014.sbs
noise_grunge_map_014_0,.sbs,Generators/Utility,no,yes,_substance/JM-Breakdown-Handpaint-Designer-SBS-01A [autosave copy; dependency],_substance/JM-Breakdown-Handpaint-Designer-SBS-01A/JM-Breakdown-Handpaint-Designer-SBS-01A/Brk_HandPaint_Wall_01A/dependencies/.autosave/noise_grunge_map_014_0.sbs
noise_grunge_map_014_1,.sbs,Generators/Utility,no,yes,_substance/JM-Breakdown-Handpaint-Designer-SBS-01A [autosave copy; dependency],_substance/JM-Breakdown-Handpaint-Designer-SBS-01A/JM-Breakdown-Handpaint-Designer-SBS-01A/Brk_HandPaint_Wall_01A/dependencies/.autosave/noise_grunge_map_014_1.sbs
noise_moisture_noise,.sbs,Generators/Utility,no,yes,_substance/JM-Breakdown-Handpaint-Designer-SBS-01A [autosave copy; dependency],_substance/JM-Breakdown-Handpaint-Designer-SBS-01A/JM-Breakdown-Handpaint-Designer-SBS-01A/Brk_HandPaint_Wall_01A/dependencies/.autosave/noise_moisture_noise.sbs
noise_moisture_noise_0,.sbs,Generators/Utility,no,yes,_substance/JM-Breakdown-Handpaint-Designer-SBS-01A [autosave copy; dependency],_substance/JM-Breakdown-Handpaint-Designer-SBS-01A/JM-Breakdown-Handpaint-Designer-SBS-01A/Brk_HandPaint_Wall_01A/dependencies/.autosave/noise_moisture_noise_0.sbs
noise_moisture_noise_1,.sbs,Generators/Utility,no,yes,_substance/JM-Breakdown-Handpaint-Designer-SBS-01A [autosave copy; dependency],_substance/JM-Breakdown-Handpaint-Designer-SBS-01A/JM-Breakdown-Handpaint-Designer-SBS-01A/Brk_HandPaint_Wall_01A/dependencies/.autosave/noise_moisture_noise_1.sbs
noise_perlin_noise,.sbs,Generators/Utility,no,yes,_substance/JM-Breakdown-Handpaint-Designer-SBS-01A [autosave copy; dependency],_substance/JM-Breakdown-Handpaint-Designer-SBS-01A/JM-Breakdown-Handpaint-Designer-SBS-01A/Brk_HandPaint_Wall_01A/dependencies/.autosave/noise_perlin_noise.sbs
noise_perlin_noise_0,.sbs,Generators/Utility,no,yes,_substance/JM-Breakdown-Handpaint-Designer-SBS-01A [autosave copy; dependency],_substance/JM-Breakdown-Handpaint-Designer-SBS-01A/JM-Breakdown-Handpaint-Designer-SBS-01A/Brk_HandPaint_Wall_01A/dependencies/.autosave/noise_perlin_noise_0.sbs
noise_perlin_noise_1,.sbs,Generators/Utility,no,yes,_substance/JM-Breakdown-Handpaint-Designer-SBS-01A [autosave copy; dependency],_substance/JM-Breakdown-Handpaint-Designer-SBS-01A/JM-Breakdown-Handpaint-Designer-SBS-01A/Brk_HandPaint_Wall_01A/dependencies/.autosave/noise_perlin_noise_1.sbs
non_uniform_blur,.sbs,Generators/Utility,no,yes,_substance/JM-Breakdown-Handpaint-Designer-SBS-01A [autosave copy; dependency],_substance/JM-Breakdown-Handpaint-Designer-SBS-01A/JM-Breakdown-Handpaint-Designer-SBS-01A/Brk_HandPaint_Wall_01A/dependencies/.autosave/non_uniform_blur.sbs
non_uniform_blur_0,.sbs,Generators/Utility,no,yes,_substance/JM-Breakdown-Handpaint-Designer-SBS-01A [autosave copy; dependency],_substance/JM-Breakdown-Handpaint-Designer-SBS-01A/JM-Breakdown-Handpaint-Designer-SBS-01A/Brk_HandPaint_Wall_01A/dependencies/.autosave/non_uniform_blur_0.sbs
non_uniform_blur_1,.sbs,Generators/Utility,no,yes,_substance/JM-Breakdown-Handpaint-Designer-SBS-01A [autosave copy; dependency],_substance/JM-Breakdown-Handpaint-Designer-SBS-01A/JM-Breakdown-Handpaint-Designer-SBS-01A/Brk_HandPaint_Wall_01A/dependencies/.autosave/non_uniform_blur_1.sbs
normal_blend,.sbs,Generators/Utility,no,yes,_substance/JM-Breakdown-Handpaint-Designer-SBS-01A [autosave copy; dependency],_substance/JM-Breakdown-Handpaint-Designer-SBS-01A/JM-Breakdown-Handpaint-Designer-SBS-01A/Brk_HandPaint_Wall_01A/dependencies/.autosave/normal_blend.sbs
normal_blend_0,.sbs,Generators/Utility,no,yes,_substance/JM-Breakdown-Handpaint-Designer-SBS-01A [autosave copy; dependency],_substance/JM-Breakdown-Handpaint-Designer-SBS-01A/JM-Breakdown-Handpaint-Designer-SBS-01A/Brk_HandPaint_Wall_01A/dependencies/.autosave/normal_blend_0.sbs
normal_blend_1,.sbs,Generators/Utility,no,yes,_substance/JM-Breakdown-Handpaint-Designer-SBS-01A [autosave copy; dependency],_substance/JM-Breakdown-Handpaint-Designer-SBS-01A/JM-Breakdown-Handpaint-Designer-SBS-01A/Brk_HandPaint_Wall_01A/dependencies/.autosave/normal_blend_1.sbs
normal_color,.sbs,Generators/Utility,no,yes,_substance/JM-Breakdown-Handpaint-Designer-SBS-01A [autosave copy; dependency],_substance/JM-Breakdown-Handpaint-Designer-SBS-01A/JM-Breakdown-Handpaint-Designer-SBS-01A/Brk_HandPaint_Wall_01A/dependencies/.autosave/normal_color.sbs
normal_color_0,.sbs,Generators/Utility,no,yes,_substance/JM-Breakdown-Handpaint-Designer-SBS-01A [autosave copy; dependency],_substance/JM-Breakdown-Handpaint-Designer-SBS-01A/JM-Breakdown-Handpaint-Designer-SBS-01A/Brk_HandPaint_Wall_01A/dependencies/.autosave/normal_color_0.sbs
normal_color_1,.sbs,Generators/Utility,no,yes,_substance/JM-Breakdown-Handpaint-Designer-SBS-01A [autosave copy; dependency],_substance/JM-Breakdown-Handpaint-Designer-SBS-01A/JM-Breakdown-Handpaint-Designer-SBS-01A/Brk_HandPaint_Wall_01A/dependencies/.autosave/normal_color_1.sbs
normal_normalise,.sbs,Generators/Utility,no,yes,_substance/JM-Breakdown-Handpaint-Designer-SBS-01A [autosave copy; dependency],_substance/JM-Breakdown-Handpaint-Designer-SBS-01A/JM-Breakdown-Handpaint-Designer-SBS-01A/Brk_HandPaint_Wall_01A/dependencies/.autosave/normal_normalise.sbs
normal_normalise_0,.sbs,Generators/Utility,no,yes,_substance/JM-Breakdown-Handpaint-Designer-SBS-01A [autosave copy; dependency],_substance/JM-Breakdown-Handpaint-Designer-SBS-01A/JM-Breakdown-Handpaint-Designer-SBS-01A/Brk_HandPaint_Wall_01A/dependencies/.autosave/normal_normalise_0.sbs
normal_normalise_1,.sbs,Generators/Utility,no,yes,_substance/JM-Breakdown-Handpaint-Designer-SBS-01A [autosave copy; dependency],_substance/JM-Breakdown-Handpaint-Designer-SBS-01A/JM-Breakdown-Handpaint-Designer-SBS-01A/Brk_HandPaint_Wall_01A/dependencies/.autosave/normal_normalise_1.sbs
normal_to_height_hq,.sbs,Generators/Utility,no,yes,_substance/JM-Breakdown-Handpaint-Designer-SBS-01A [autosave copy; dependency],_substance/JM-Breakdown-Handpaint-Designer-SBS-01A/JM-Breakdown-Handpaint-Designer-SBS-01A/Brk_HandPaint_Wall_01A/dependencies/.autosave/normal_to_height_hq.sbs
normal_to_height_hq_0,.sbs,Generators/Utility,no,yes,_substance/JM-Breakdown-Handpaint-Designer-SBS-01A [autosave copy; dependency],_substance/JM-Breakdown-Handpaint-Designer-SBS-01A/JM-Breakdown-Handpaint-Designer-SBS-01A/Brk_HandPaint_Wall_01A/dependencies/.autosave/normal_to_height_hq_0.sbs
normal_to_height_hq_1,.sbs,Generators/Utility,no,yes,_substance/JM-Breakdown-Handpaint-Designer-SBS-01A [autosave copy; dependency],_substance/JM-Breakdown-Handpaint-Designer-SBS-01A/JM-Breakdown-Handpaint-Designer-SBS-01A/Brk_HandPaint_Wall_01A/dependencies/.autosave/normal_to_height_hq_1.sbs
pattern_shape,.sbs,Generators/Utility,no,yes,_substance/JM-Breakdown-Handpaint-Designer-SBS-01A [autosave copy; dependency],_substance/JM-Breakdown-Handpaint-Designer-SBS-01A/JM-Breakdown-Handpaint-Designer-SBS-01A/Brk_HandPaint_Wall_01A/dependencies/.autosave/pattern_shape.sbs
pattern_shape_0,.sbs,Generators/Utility,no,yes,_substance/JM-Breakdown-Handpaint-Designer-SBS-01A [autosave copy; dependency],_substance/JM-Breakdown-Handpaint-Designer-SBS-01A/JM-Breakdown-Handpaint-Designer-SBS-01A/Brk_HandPaint_Wall_01A/dependencies/.autosave/pattern_shape_0.sbs
pattern_shape_1,.sbs,Generators/Utility,no,yes,_substance/JM-Breakdown-Handpaint-Designer-SBS-01A [autosave copy; dependency],_substance/JM-Breakdown-Handpaint-Designer-SBS-01A/JM-Breakdown-Handpaint-Designer-SBS-01A/Brk_HandPaint_Wall_01A/dependencies/.autosave/pattern_shape_1.sbs
pattern_splatter_circular,.sbs,Generators/Utility,no,yes,_substance/JM-Breakdown-Handpaint-Designer-SBS-01A [autosave copy; dependency],_substance/JM-Breakdown-Handpaint-Designer-SBS-01A/JM-Breakdown-Handpaint-Designer-SBS-01A/Brk_HandPaint_Wall_01A/dependencies/.autosave/pattern_splatter_circular.sbs
pattern_splatter_circular_0,.sbs,Generators/Utility,no,yes,_substance/JM-Breakdown-Handpaint-Designer-SBS-01A [autosave copy; dependency],_substance/JM-Breakdown-Handpaint-Designer-SBS-01A/JM-Breakdown-Handpaint-Designer-SBS-01A/Brk_HandPaint_Wall_01A/dependencies/.autosave/pattern_splatter_circular_0.sbs
pattern_splatter_circular_1,.sbs,Generators/Utility,no,yes,_substance/JM-Breakdown-Handpaint-Designer-SBS-01A [autosave copy; dependency],_substance/JM-Breakdown-Handpaint-Designer-SBS-01A/JM-Breakdown-Handpaint-Designer-SBS-01A/Brk_HandPaint_Wall_01A/dependencies/.autosave/pattern_splatter_circular_1.sbs
pattern_tile_generator,.sbs,Generators/Utility,no,yes,_substance/JM-Breakdown-Handpaint-Designer-SBS-01A [autosave copy; dependency],_substance/JM-Breakdown-Handpaint-Designer-SBS-01A/JM-Breakdown-Handpaint-Designer-SBS-01A/Brk_HandPaint_Wall_01A/dependencies/.autosave/pattern_tile_generator.sbs
pattern_tile_generator_0,.sbs,Generators/Utility,no,yes,_substance/JM-Breakdown-Handpaint-Designer-SBS-01A [autosave copy; dependency],_substance/JM-Breakdown-Handpaint-Designer-SBS-01A/JM-Breakdown-Handpaint-Designer-SBS-01A/Brk_HandPaint_Wall_01A/dependencies/.autosave/pattern_tile_generator_0.sbs
pattern_tile_generator_1,.sbs,Generators/Utility,no,yes,_substance/JM-Breakdown-Handpaint-Designer-SBS-01A [autosave copy; dependency],_substance/JM-Breakdown-Handpaint-Designer-SBS-01A/JM-Breakdown-Handpaint-Designer-SBS-01A/Brk_HandPaint_Wall_01A/dependencies/.autosave/pattern_tile_generator_1.sbs
pattern_tile_sampler,.sbs,Generators/Utility,no,yes,_substance/JM-Breakdown-Handpaint-Designer-SBS-01A [autosave copy; dependency],_substance/JM-Breakdown-Handpaint-Designer-SBS-01A/JM-Breakdown-Handpaint-Designer-SBS-01A/Brk_HandPaint_Wall_01A/dependencies/.autosave/pattern_tile_sampler.sbs
pattern_tile_sampler_0,.sbs,Generators/Utility,no,yes,_substance/JM-Breakdown-Handpaint-Designer-SBS-01A [autosave copy; dependency],_substance/JM-Breakdown-Handpaint-Designer-SBS-01A/JM-Breakdown-Handpaint-Designer-SBS-01A/Brk_HandPaint_Wall_01A/dependencies/.autosave/pattern_tile_sampler_0.sbs
pattern_tile_sampler_1,.sbs,Generators/Utility,no,yes,_substance/JM-Breakdown-Handpaint-Designer-SBS-01A [autosave copy; dependency],_substance/JM-Breakdown-Handpaint-Designer-SBS-01A/JM-Breakdown-Handpaint-Designer-SBS-01A/Brk_HandPaint_Wall_01A/dependencies/.autosave/pattern_tile_sampler_1.sbs
rgba_merge,.sbs,Generators/Utility,no,yes,_substance/JM-Breakdown-Handpaint-Designer-SBS-01A [autosave copy; dependency],_substance/JM-Breakdown-Handpaint-Designer-SBS-01A/JM-Breakdown-Handpaint-Designer-SBS-01A/Brk_HandPaint_Wall_01A/dependencies/.autosave/rgba_merge.sbs
rgba_merge_0,.sbs,Generators/Utility,no,yes,_substance/JM-Breakdown-Handpaint-Designer-SBS-01A [autosave copy; dependency],_substance/JM-Breakdown-Handpaint-Designer-SBS-01A/JM-Breakdown-Handpaint-Designer-SBS-01A/Brk_HandPaint_Wall_01A/dependencies/.autosave/rgba_merge_0.sbs
rgba_merge_1,.sbs,Generators/Utility,no,yes,_substance/JM-Breakdown-Handpaint-Designer-SBS-01A [autosave copy; dependency],_substance/JM-Breakdown-Handpaint-Designer-SBS-01A/JM-Breakdown-Handpaint-Designer-SBS-01A/Brk_HandPaint_Wall_01A/dependencies/.autosave/rgba_merge_1.sbs
rgba_split,.sbs,Generators/Utility,no,yes,_substance/JM-Breakdown-Handpaint-Designer-SBS-01A [autosave copy; dependency],_substance/JM-Breakdown-Handpaint-Designer-SBS-01A/JM-Breakdown-Handpaint-Designer-SBS-01A/Brk_HandPaint_Wall_01A/dependencies/.autosave/rgba_split.sbs
rgba_split_0,.sbs,Generators/Utility,no,yes,_substance/JM-Breakdown-Handpaint-Designer-SBS-01A [autosave copy; dependency],_substance/JM-Breakdown-Handpaint-Designer-SBS-01A/JM-Breakdown-Handpaint-Designer-SBS-01A/Brk_HandPaint_Wall_01A/dependencies/.autosave/rgba_split_0.sbs
rgba_split_1,.sbs,Generators/Utility,no,yes,_substance/JM-Breakdown-Handpaint-Designer-SBS-01A [autosave copy; dependency],_substance/JM-Breakdown-Handpaint-Designer-SBS-01A/JM-Breakdown-Handpaint-Designer-SBS-01A/Brk_HandPaint_Wall_01A/dependencies/.autosave/rgba_split_1.sbs
safe_transform,.sbs,Generators/Utility,no,yes,_substance/JM-Breakdown-Handpaint-Designer-SBS-01A [autosave copy; dependency],_substance/JM-Breakdown-Handpaint-Designer-SBS-01A/JM-Breakdown-Handpaint-Designer-SBS-01A/Brk_HandPaint_Wall_01A/dependencies/.autosave/safe_transform.sbs
safe_transform_0,.sbs,Generators/Utility,no,yes,_substance/JM-Breakdown-Handpaint-Designer-SBS-01A [autosave copy; dependency],_substance/JM-Breakdown-Handpaint-Designer-SBS-01A/JM-Breakdown-Handpaint-Designer-SBS-01A/Brk_HandPaint_Wall_01A/dependencies/.autosave/safe_transform_0.sbs
safe_transform_1,.sbs,Generators/Utility,no,yes,_substance/JM-Breakdown-Handpaint-Designer-SBS-01A [autosave copy; dependency],_substance/JM-Breakdown-Handpaint-Designer-SBS-01A/JM-Breakdown-Handpaint-Designer-SBS-01A/Brk_HandPaint_Wall_01A/dependencies/.autosave/safe_transform_1.sbs
shadows,.sbs,Generators/Utility,no,yes,_substance/JM-Breakdown-Handpaint-Designer-SBS-01A [autosave copy; dependency],_substance/JM-Breakdown-Handpaint-Designer-SBS-01A/JM-Breakdown-Handpaint-Designer-SBS-01A/Brk_HandPaint_Wall_01A/dependencies/.autosave/shadows.sbs
shadows_0,.sbs,Generators/Utility,no,yes,_substance/JM-Breakdown-Handpaint-Designer-SBS-01A [autosave copy; dependency],_substance/JM-Breakdown-Handpaint-Designer-SBS-01A/JM-Breakdown-Handpaint-Designer-SBS-01A/Brk_HandPaint_Wall_01A/dependencies/.autosave/shadows_0.sbs
shadows_1,.sbs,Generators/Utility,no,yes,_substance/JM-Breakdown-Handpaint-Designer-SBS-01A [autosave copy; dependency],_substance/JM-Breakdown-Handpaint-Designer-SBS-01A/JM-Breakdown-Handpaint-Designer-SBS-01A/Brk_HandPaint_Wall_01A/dependencies/.autosave/shadows_1.sbs
shape,.sbs,Generators/Utility,no,yes,_substance/JM-Breakdown-Handpaint-Designer-SBS-01A [autosave copy; dependency],_substance/JM-Breakdown-Handpaint-Designer-SBS-01A/JM-Breakdown-Handpaint-Designer-SBS-01A/Brk_HandPaint_Wall_01A/dependencies/.autosave/shape.sbs
shape_0,.sbs,Generators/Utility,no,yes,_substance/JM-Breakdown-Handpaint-Designer-SBS-01A [autosave copy; dependency],_substance/JM-Breakdown-Handpaint-Designer-SBS-01A/JM-Breakdown-Handpaint-Designer-SBS-01A/Brk_HandPaint_Wall_01A/dependencies/.autosave/shape_0.sbs
shape_1,.sbs,Generators/Utility,no,yes,_substance/JM-Breakdown-Handpaint-Designer-SBS-01A [autosave copy; dependency],_substance/JM-Breakdown-Handpaint-Designer-SBS-01A/JM-Breakdown-Handpaint-Designer-SBS-01A/Brk_HandPaint_Wall_01A/dependencies/.autosave/shape_1.sbs
slope_blur,.sbs,Generators/Utility,no,yes,_substance/JM-Breakdown-Handpaint-Designer-SBS-01A [autosave copy; dependency],_substance/JM-Breakdown-Handpaint-Designer-SBS-01A/JM-Breakdown-Handpaint-Designer-SBS-01A/Brk_HandPaint_Wall_01A/dependencies/.autosave/slope_blur.sbs
slope_blur_0,.sbs,Generators/Utility,no,yes,_substance/JM-Breakdown-Handpaint-Designer-SBS-01A [autosave copy; dependency],_substance/JM-Breakdown-Handpaint-Designer-SBS-01A/JM-Breakdown-Handpaint-Designer-SBS-01A/Brk_HandPaint_Wall_01A/dependencies/.autosave/slope_blur_0.sbs
slope_blur_1,.sbs,Generators/Utility,no,yes,_substance/JM-Breakdown-Handpaint-Designer-SBS-01A [autosave copy; dependency],_substance/JM-Breakdown-Handpaint-Designer-SBS-01A/JM-Breakdown-Handpaint-Designer-SBS-01A/Brk_HandPaint_Wall_01A/dependencies/.autosave/slope_blur_1.sbs
trapezoid_transform,.sbs,Generators/Utility,no,yes,_substance/JM-Breakdown-Handpaint-Designer-SBS-01A [autosave copy; dependency],_substance/JM-Breakdown-Handpaint-Designer-SBS-01A/JM-Breakdown-Handpaint-Designer-SBS-01A/Brk_HandPaint_Wall_01A/dependencies/.autosave/trapezoid_transform.sbs
trapezoid_transform_0,.sbs,Generators/Utility,no,yes,_substance/JM-Breakdown-Handpaint-Designer-SBS-01A [autosave copy; dependency],_substance/JM-Breakdown-Handpaint-Designer-SBS-01A/JM-Breakdown-Handpaint-Designer-SBS-01A/Brk_HandPaint_Wall_01A/dependencies/.autosave/trapezoid_transform_0.sbs
trapezoid_transform_1,.sbs,Generators/Utility,no,yes,_substance/JM-Breakdown-Handpaint-Designer-SBS-01A [autosave copy; dependency],_substance/JM-Breakdown-Handpaint-Designer-SBS-01A/JM-Breakdown-Handpaint-Designer-SBS-01A/Brk_HandPaint_Wall_01A/dependencies/.autosave/trapezoid_transform_1.sbs
triplanar,.sbs,Generators/Utility,no,yes,_substance/JM-Breakdown-Handpaint-Designer-SBS-01A [autosave copy; dependency],_substance/JM-Breakdown-Handpaint-Designer-SBS-01A/JM-Breakdown-Handpaint-Designer-SBS-01A/Brk_HandPaint_Wall_01A/dependencies/.autosave/triplanar.sbs
triplanar_0,.sbs,Generators/Utility,no,yes,_substance/JM-Breakdown-Handpaint-Designer-SBS-01A [autosave copy; dependency],_substance/JM-Breakdown-Handpaint-Designer-SBS-01A/JM-Breakdown-Handpaint-Designer-SBS-01A/Brk_HandPaint_Wall_01A/dependencies/.autosave/triplanar_0.sbs
triplanar_1,.sbs,Generators/Utility,no,yes,_substance/JM-Breakdown-Handpaint-Designer-SBS-01A [autosave copy; dependency],_substance/JM-Breakdown-Handpaint-Designer-SBS-01A/JM-Breakdown-Handpaint-Designer-SBS-01A/Brk_HandPaint_Wall_01A/dependencies/.autosave/triplanar_1.sbs
white_noise,.sbs,Generators/Utility,no,yes,_substance/JM-Breakdown-Handpaint-Designer-SBS-01A [autosave copy; dependency],_substance/JM-Breakdown-Handpaint-Designer-SBS-01A/JM-Breakdown-Handpaint-Designer-SBS-01A/Brk_HandPaint_Wall_01A/dependencies/.autosave/white_noise.sbs
white_noise_0,.sbs,Generators/Utility,no,yes,_substance/JM-Breakdown-Handpaint-Designer-SBS-01A [autosave copy; dependency],_substance/JM-Breakdown-Handpaint-Designer-SBS-01A/JM-Breakdown-Handpaint-Designer-SBS-01A/Brk_HandPaint_Wall_01A/dependencies/.autosave/white_noise_0.sbs
white_noise_1,.sbs,Generators/Utility,no,yes,_substance/JM-Breakdown-Handpaint-Designer-SBS-01A [autosave copy; dependency],_substance/JM-Breakdown-Handpaint-Designer-SBS-01A/JM-Breakdown-Handpaint-Designer-SBS-01A/Brk_HandPaint_Wall_01A/dependencies/.autosave/white_noise_1.sbs
anisotropic_blur,.sbs,Generators/Utility,no,yes,_substance/JM-Breakdown-Handpaint-Designer-SBS-01A [dependency],_substance/JM-Breakdown-Handpaint-Designer-SBS-01A/JM-Breakdown-Handpaint-Designer-SBS-01A/Brk_HandPaint_Wall_01A/dependencies/anisotropic_blur.sbs
auto_levels,.sbs,Generators/Utility,no,yes,_substance/JM-Breakdown-Handpaint-Designer-SBS-01A [dependency],_substance/JM-Breakdown-Handpaint-Designer-SBS-01A/JM-Breakdown-Handpaint-Designer-SBS-01A/Brk_HandPaint_Wall_01A/dependencies/auto_levels.sbs
bevel,.sbs,Generators/Utility,no,yes,_substance/JM-Breakdown-Handpaint-Designer-SBS-01A [dependency],_substance/JM-Breakdown-Handpaint-Designer-SBS-01A/JM-Breakdown-Handpaint-Designer-SBS-01A/Brk_HandPaint_Wall_01A/dependencies/bevel.sbs
blend_switch,.sbs,Generators/Utility,no,yes,_substance/JM-Breakdown-Handpaint-Designer-SBS-01A [dependency],_substance/JM-Breakdown-Handpaint-Designer-SBS-01A/JM-Breakdown-Handpaint-Designer-SBS-01A/Brk_HandPaint_Wall_01A/dependencies/blend_switch.sbs
blur_hq,.sbs,Generators/Utility,no,yes,_substance/JM-Breakdown-Handpaint-Designer-SBS-01A [dependency],_substance/JM-Breakdown-Handpaint-Designer-SBS-01A/JM-Breakdown-Handpaint-Designer-SBS-01A/Brk_HandPaint_Wall_01A/dependencies/blur_hq.sbs
contrast_luminosity,.sbs,Generators/Utility,no,yes,_substance/JM-Breakdown-Handpaint-Designer-SBS-01A [dependency],_substance/JM-Breakdown-Handpaint-Designer-SBS-01A/JM-Breakdown-Handpaint-Designer-SBS-01A/Brk_HandPaint_Wall_01A/dependencies/contrast_luminosity.sbs
curvature_smooth,.sbs,Generators/Utility,no,yes,_substance/JM-Breakdown-Handpaint-Designer-SBS-01A [dependency],_substance/JM-Breakdown-Handpaint-Designer-SBS-01A/JM-Breakdown-Handpaint-Designer-SBS-01A/Brk_HandPaint_Wall_01A/dependencies/curvature_smooth.sbs
edge_detect,.sbs,Generators/Utility,no,yes,_substance/JM-Breakdown-Handpaint-Designer-SBS-01A [dependency],_substance/JM-Breakdown-Handpaint-Designer-SBS-01A/JM-Breakdown-Handpaint-Designer-SBS-01A/Brk_HandPaint_Wall_01A/dependencies/edge_detect.sbs
EZSplatter,.sbs,Generators/Utility,no,yes,_substance/JM-Breakdown-Handpaint-Designer-SBS-01A [dependency],_substance/JM-Breakdown-Handpaint-Designer-SBS-01A/JM-Breakdown-Handpaint-Designer-SBS-01A/Brk_HandPaint_Wall_01A/dependencies/EZSplatter.sbs
EZSplatter,.sbs,Generators/Utility,no,yes,_substance/JM-Breakdown-Handpaint-Designer-SBS-01A [autosave copy; dependency],_substance/JM-Breakdown-Handpaint-Designer-SBS-01A/JM-Breakdown-Handpaint-Designer-SBS-01A/Brk_HandPaint_Wall_01A/dependencies/EZSplatter/.autosave/EZSplatter.sbs
EZSplatter_0,.sbs,Generators/Utility,no,yes,_substance/JM-Breakdown-Handpaint-Designer-SBS-01A [autosave copy; dependency],_substance/JM-Breakdown-Handpaint-Designer-SBS-01A/JM-Breakdown-Handpaint-Designer-SBS-01A/Brk_HandPaint_Wall_01A/dependencies/EZSplatter/.autosave/EZSplatter_0.sbs
EZSplatter_1,.sbs,Generators/Utility,no,yes,_substance/JM-Breakdown-Handpaint-Designer-SBS-01A [autosave copy; dependency],_substance/JM-Breakdown-Handpaint-Designer-SBS-01A/JM-Breakdown-Handpaint-Designer-SBS-01A/Brk_HandPaint_Wall_01A/dependencies/EZSplatter/.autosave/EZSplatter_1.sbs
EZSplatter,.sbs,Generators/Utility,no,yes,_substance/JM-Breakdown-Handpaint-Designer-SBS-01A [dependency],_substance/JM-Breakdown-Handpaint-Designer-SBS-01A/JM-Breakdown-Handpaint-Designer-SBS-01A/Brk_HandPaint_Wall_01A/dependencies/EZSplatter/EZSplatter.sbs
facing_normal,.sbs,Generators/Utility,no,yes,_substance/JM-Breakdown-Handpaint-Designer-SBS-01A [dependency],_substance/JM-Breakdown-Handpaint-Designer-SBS-01A/JM-Breakdown-Handpaint-Designer-SBS-01A/Brk_HandPaint_Wall_01A/dependencies/facing_normal.sbs
flood_fill_2,.sbs,Generators/Utility,no,yes,_substance/JM-Breakdown-Handpaint-Designer-SBS-01A [dependency],_substance/JM-Breakdown-Handpaint-Designer-SBS-01A/JM-Breakdown-Handpaint-Designer-SBS-01A/Brk_HandPaint_Wall_01A/dependencies/flood_fill_2.sbs
functions,.sbs,Generators/Utility,no,yes,_substance/JM-Breakdown-Handpaint-Designer-SBS-01A [dependency],_substance/JM-Breakdown-Handpaint-Designer-SBS-01A/JM-Breakdown-Handpaint-Designer-SBS-01A/Brk_HandPaint_Wall_01A/dependencies/functions.sbs
Generator_Bricks,.sbs,Generators/Utility,no,yes,_substance/JM-Breakdown-Handpaint-Designer-SBS-01A [dependency],_substance/JM-Breakdown-Handpaint-Designer-SBS-01A/JM-Breakdown-Handpaint-Designer-SBS-01A/Brk_HandPaint_Wall_01A/dependencies/Generator_Bricks.sbs
gradient_axial,.sbs,Generators/Utility,no,yes,_substance/JM-Breakdown-Handpaint-Designer-SBS-01A [dependency],_substance/JM-Breakdown-Handpaint-Designer-SBS-01A/JM-Breakdown-Handpaint-Designer-SBS-01A/Brk_HandPaint_Wall_01A/dependencies/gradient_axial.sbs
gradient_linear_1,.sbs,Generators/Utility,no,yes,_substance/JM-Breakdown-Handpaint-Designer-SBS-01A [dependency],_substance/JM-Breakdown-Handpaint-Designer-SBS-01A/JM-Breakdown-Handpaint-Designer-SBS-01A/Brk_HandPaint_Wall_01A/dependencies/gradient_linear_1.sbs
gradient_linear_2,.sbs,Generators/Utility,no,yes,_substance/JM-Breakdown-Handpaint-Designer-SBS-01A [dependency],_substance/JM-Breakdown-Handpaint-Designer-SBS-01A/JM-Breakdown-Handpaint-Designer-SBS-01A/Brk_HandPaint_Wall_01A/dependencies/gradient_linear_2.sbs
gradient_linear_3,.sbs,Generators/Utility,no,yes,_substance/JM-Breakdown-Handpaint-Designer-SBS-01A [dependency],_substance/JM-Breakdown-Handpaint-Designer-SBS-01A/JM-Breakdown-Handpaint-Designer-SBS-01A/Brk_HandPaint_Wall_01A/dependencies/gradient_linear_3.sbs
hbao_2,.sbs,Generators/Utility,no,yes,_substance/JM-Breakdown-Handpaint-Designer-SBS-01A [dependency],_substance/JM-Breakdown-Handpaint-Designer-SBS-01A/JM-Breakdown-Handpaint-Designer-SBS-01A/Brk_HandPaint_Wall_01A/dependencies/hbao_2.sbs
HCL,.sbsar,Generators/Utility,no,no,_substance/JM-Breakdown-Handpaint-Designer-SBS-01A [dependency],_substance/JM-Breakdown-Handpaint-Designer-SBS-01A/JM-Breakdown-Handpaint-Designer-SBS-01A/Brk_HandPaint_Wall_01A/dependencies/HCL.sbsar
HCL,.sbsar,Generators/Utility,no,no,_substance/JM-Breakdown-Handpaint-Designer-SBS-01A [dependency],_substance/JM-Breakdown-Handpaint-Designer-SBS-01A/JM-Breakdown-Handpaint-Designer-SBS-01A/Brk_HandPaint_Wall_01A/dependencies/HCL/HCL.sbsar
height_to_normal_world_units,.sbs,Generators/Utility,no,yes,_substance/JM-Breakdown-Handpaint-Designer-SBS-01A [dependency],_substance/JM-Breakdown-Handpaint-Designer-SBS-01A/JM-Breakdown-Handpaint-Designer-SBS-01A/Brk_HandPaint_Wall_01A/dependencies/height_to_normal_world_units.sbs
histogram_scan,.sbs,Generators/Utility,no,yes,_substance/JM-Breakdown-Handpaint-Designer-SBS-01A [dependency],_substance/JM-Breakdown-Handpaint-Designer-SBS-01A/JM-Breakdown-Handpaint-Designer-SBS-01A/Brk_HandPaint_Wall_01A/dependencies/histogram_scan.sbs
histogram_select,.sbs,Generators/Utility,no,yes,_substance/JM-Breakdown-Handpaint-Designer-SBS-01A [dependency],_substance/JM-Breakdown-Handpaint-Designer-SBS-01A/JM-Breakdown-Handpaint-Designer-SBS-01A/Brk_HandPaint_Wall_01A/dependencies/histogram_select.sbs
invert,.sbs,Generators/Utility,no,yes,_substance/JM-Breakdown-Handpaint-Designer-SBS-01A [dependency],_substance/JM-Breakdown-Handpaint-Designer-SBS-01A/JM-Breakdown-Handpaint-Designer-SBS-01A/Brk_HandPaint_Wall_01A/dependencies/invert.sbs
mg_light,.sbs,Generators/Utility,no,yes,_substance/JM-Breakdown-Handpaint-Designer-SBS-01A [dependency],_substance/JM-Breakdown-Handpaint-Designer-SBS-01A/JM-Breakdown-Handpaint-Designer-SBS-01A/Brk_HandPaint_Wall_01A/dependencies/mg_light.sbs
mirror,.sbs,Generators/Utility,no,yes,_substance/JM-Breakdown-Handpaint-Designer-SBS-01A [dependency],_substance/JM-Breakdown-Handpaint-Designer-SBS-01A/JM-Breakdown-Handpaint-Designer-SBS-01A/Brk_HandPaint_Wall_01A/dependencies/mirror.sbs
mosaic,.sbs,Generators/Utility,no,yes,_substance/JM-Breakdown-Handpaint-Designer-SBS-01A [dependency],_substance/JM-Breakdown-Handpaint-Designer-SBS-01A/JM-Breakdown-Handpaint-Designer-SBS-01A/Brk_HandPaint_Wall_01A/dependencies/mosaic.sbs
Node_Brush_01,.sbs,Generators/Utility,no,yes,_substance/JM-Breakdown-Handpaint-Designer-SBS-01A [dependency],_substance/JM-Breakdown-Handpaint-Designer-SBS-01A/JM-Breakdown-Handpaint-Designer-SBS-01A/Brk_HandPaint_Wall_01A/dependencies/Node_Brush_01.sbs
Node_Dero,.sbs,Generators/Utility,no,yes,_substance/JM-Breakdown-Handpaint-Designer-SBS-01A [dependency],_substance/JM-Breakdown-Handpaint-Designer-SBS-01A/JM-Breakdown-Handpaint-Designer-SBS-01A/Brk_HandPaint_Wall_01A/dependencies/Node_Dero.sbs
Node_Dero,.sbs,Generators/Utility,no,yes,_substance/JM-Breakdown-Handpaint-Designer-SBS-01A [autosave copy; dependency],_substance/JM-Breakdown-Handpaint-Designer-SBS-01A/JM-Breakdown-Handpaint-Designer-SBS-01A/Brk_HandPaint_Wall_01A/dependencies/Node_Dero/.autosave/Node_Dero.sbs
Node_Dero_0,.sbs,Generators/Utility,no,yes,_substance/JM-Breakdown-Handpaint-Designer-SBS-01A [autosave copy; dependency],_substance/JM-Breakdown-Handpaint-Designer-SBS-01A/JM-Breakdown-Handpaint-Designer-SBS-01A/Brk_HandPaint_Wall_01A/dependencies/Node_Dero/.autosave/Node_Dero_0.sbs
Node_Dero_1,.sbs,Generators/Utility,no,yes,_substance/JM-Breakdown-Handpaint-Designer-SBS-01A [autosave copy; dependency],_substance/JM-Breakdown-Handpaint-Designer-SBS-01A/JM-Breakdown-Handpaint-Designer-SBS-01A/Brk_HandPaint_Wall_01A/dependencies/Node_Dero/.autosave/Node_Dero_1.sbs
Node_Dero,.sbs,Generators/Utility,no,yes,_substance/JM-Breakdown-Handpaint-Designer-SBS-01A [dependency],_substance/JM-Breakdown-Handpaint-Designer-SBS-01A/JM-Breakdown-Handpaint-Designer-SBS-01A/Brk_HandPaint_Wall_01A/dependencies/Node_Dero/Node_Dero.sbs
Node_Watercolor,.sbs,Generators/Utility,no,yes,_substance/JM-Breakdown-Handpaint-Designer-SBS-01A [dependency],_substance/JM-Breakdown-Handpaint-Designer-SBS-01A/JM-Breakdown-Handpaint-Designer-SBS-01A/Brk_HandPaint_Wall_01A/dependencies/Node_Watercolor.sbs
noise_anisotropic_noise,.sbs,Generators/Utility,no,yes,_substance/JM-Breakdown-Handpaint-Designer-SBS-01A [dependency],_substance/JM-Breakdown-Handpaint-Designer-SBS-01A/JM-Breakdown-Handpaint-Designer-SBS-01A/Brk_HandPaint_Wall_01A/dependencies/noise_anisotropic_noise.sbs
noise_cells_1,.sbs,Generators/Utility,no,yes,_substance/JM-Breakdown-Handpaint-Designer-SBS-01A [dependency],_substance/JM-Breakdown-Handpaint-Designer-SBS-01A/JM-Breakdown-Handpaint-Designer-SBS-01A/Brk_HandPaint_Wall_01A/dependencies/noise_cells_1.sbs
noise_cells_4,.sbs,Generators/Utility,no,yes,_substance/JM-Breakdown-Handpaint-Designer-SBS-01A [dependency],_substance/JM-Breakdown-Handpaint-Designer-SBS-01A/JM-Breakdown-Handpaint-Designer-SBS-01A/Brk_HandPaint_Wall_01A/dependencies/noise_cells_4.sbs
noise_clouds_2,.sbs,Generators/Utility,no,yes,_substance/JM-Breakdown-Handpaint-Designer-SBS-01A [dependency],_substance/JM-Breakdown-Handpaint-Designer-SBS-01A/JM-Breakdown-Handpaint-Designer-SBS-01A/Brk_HandPaint_Wall_01A/dependencies/noise_clouds_2.sbs
noise_clouds_3,.sbs,Generators/Utility,no,yes,_substance/JM-Breakdown-Handpaint-Designer-SBS-01A [dependency],_substance/JM-Breakdown-Handpaint-Designer-SBS-01A/JM-Breakdown-Handpaint-Designer-SBS-01A/Brk_HandPaint_Wall_01A/dependencies/noise_clouds_3.sbs
noise_creased,.sbs,Generators/Utility,no,yes,_substance/JM-Breakdown-Handpaint-Designer-SBS-01A [dependency],_substance/JM-Breakdown-Handpaint-Designer-SBS-01A/JM-Breakdown-Handpaint-Designer-SBS-01A/Brk_HandPaint_Wall_01A/dependencies/noise_creased.sbs
noise_crystal_1,.sbs,Generators/Utility,no,yes,_substance/JM-Breakdown-Handpaint-Designer-SBS-01A [dependency],_substance/JM-Breakdown-Handpaint-Designer-SBS-01A/JM-Breakdown-Handpaint-Designer-SBS-01A/Brk_HandPaint_Wall_01A/dependencies/noise_crystal_1.sbs
noise_crystal_2,.sbs,Generators/Utility,no,yes,_substance/JM-Breakdown-Handpaint-Designer-SBS-01A [dependency],_substance/JM-Breakdown-Handpaint-Designer-SBS-01A/JM-Breakdown-Handpaint-Designer-SBS-01A/Brk_HandPaint_Wall_01A/dependencies/noise_crystal_2.sbs
noise_directional_noise_1,.sbs,Generators/Utility,no,yes,_substance/JM-Breakdown-Handpaint-Designer-SBS-01A [dependency],_substance/JM-Breakdown-Handpaint-Designer-SBS-01A/JM-Breakdown-Handpaint-Designer-SBS-01A/Brk_HandPaint_Wall_01A/dependencies/noise_directional_noise_1.sbs
noise_dirt_3,.sbs,Generators/Utility,no,yes,_substance/JM-Breakdown-Handpaint-Designer-SBS-01A [dependency],_substance/JM-Breakdown-Handpaint-Designer-SBS-01A/JM-Breakdown-Handpaint-Designer-SBS-01A/Brk_HandPaint_Wall_01A/dependencies/noise_dirt_3.sbs
noise_gaussian_noise,.sbs,Generators/Utility,no,yes,_substance/JM-Breakdown-Handpaint-Designer-SBS-01A [dependency],_substance/JM-Breakdown-Handpaint-Designer-SBS-01A/JM-Breakdown-Handpaint-Designer-SBS-01A/Brk_HandPaint_Wall_01A/dependencies/noise_gaussian_noise.sbs
noise_gaussian_spots_1,.sbs,Generators/Utility,no,yes,_substance/JM-Breakdown-Handpaint-Designer-SBS-01A [dependency],_substance/JM-Breakdown-Handpaint-Designer-SBS-01A/JM-Breakdown-Handpaint-Designer-SBS-01A/Brk_HandPaint_Wall_01A/dependencies/noise_gaussian_spots_1.sbs
noise_grunge_map_013,.sbs,Generators/Utility,no,yes,_substance/JM-Breakdown-Handpaint-Designer-SBS-01A [dependency],_substance/JM-Breakdown-Handpaint-Designer-SBS-01A/JM-Breakdown-Handpaint-Designer-SBS-01A/Brk_HandPaint_Wall_01A/dependencies/noise_grunge_map_013.sbs
noise_grunge_map_014,.sbs,Generators/Utility,no,yes,_substance/JM-Breakdown-Handpaint-Designer-SBS-01A [dependency],_substance/JM-Breakdown-Handpaint-Designer-SBS-01A/JM-Breakdown-Handpaint-Designer-SBS-01A/Brk_HandPaint_Wall_01A/dependencies/noise_grunge_map_014.sbs
noise_moisture_noise,.sbs,Generators/Utility,no,yes,_substance/JM-Breakdown-Handpaint-Designer-SBS-01A [dependency],_substance/JM-Breakdown-Handpaint-Designer-SBS-01A/JM-Breakdown-Handpaint-Designer-SBS-01A/Brk_HandPaint_Wall_01A/dependencies/noise_moisture_noise.sbs
noise_perlin_noise,.sbs,Generators/Utility,no,yes,_substance/JM-Breakdown-Handpaint-Designer-SBS-01A [dependency],_substance/JM-Breakdown-Handpaint-Designer-SBS-01A/JM-Breakdown-Handpaint-Designer-SBS-01A/Brk_HandPaint_Wall_01A/dependencies/noise_perlin_noise.sbs
non_uniform_blur,.sbs,Generators/Utility,no,yes,_substance/JM-Breakdown-Handpaint-Designer-SBS-01A [dependency],_substance/JM-Breakdown-Handpaint-Designer-SBS-01A/JM-Breakdown-Handpaint-Designer-SBS-01A/Brk_HandPaint_Wall_01A/dependencies/non_uniform_blur.sbs
normal_blend,.sbs,Generators/Utility,no,yes,_substance/JM-Breakdown-Handpaint-Designer-SBS-01A [dependency],_substance/JM-Breakdown-Handpaint-Designer-SBS-01A/JM-Breakdown-Handpaint-Designer-SBS-01A/Brk_HandPaint_Wall_01A/dependencies/normal_blend.sbs
normal_color,.sbs,Generators/Utility,no,yes,_substance/JM-Breakdown-Handpaint-Designer-SBS-01A [dependency],_substance/JM-Breakdown-Handpaint-Designer-SBS-01A/JM-Breakdown-Handpaint-Designer-SBS-01A/Brk_HandPaint_Wall_01A/dependencies/normal_color.sbs
normal_normalise,.sbs,Generators/Utility,no,yes,_substance/JM-Breakdown-Handpaint-Designer-SBS-01A [dependency],_substance/JM-Breakdown-Handpaint-Designer-SBS-01A/JM-Breakdown-Handpaint-Designer-SBS-01A/Brk_HandPaint_Wall_01A/dependencies/normal_normalise.sbs
normal_to_height_hq,.sbs,Generators/Utility,no,yes,_substance/JM-Breakdown-Handpaint-Designer-SBS-01A [dependency],_substance/JM-Breakdown-Handpaint-Designer-SBS-01A/JM-Breakdown-Handpaint-Designer-SBS-01A/Brk_HandPaint_Wall_01A/dependencies/normal_to_height_hq.sbs
pattern_shape,.sbs,Generators/Utility,no,yes,_substance/JM-Breakdown-Handpaint-Designer-SBS-01A [dependency],_substance/JM-Breakdown-Handpaint-Designer-SBS-01A/JM-Breakdown-Handpaint-Designer-SBS-01A/Brk_HandPaint_Wall_01A/dependencies/pattern_shape.sbs
pattern_splatter_circular,.sbs,Generators/Utility,no,yes,_substance/JM-Breakdown-Handpaint-Designer-SBS-01A [dependency],_substance/JM-Breakdown-Handpaint-Designer-SBS-01A/JM-Breakdown-Handpaint-Designer-SBS-01A/Brk_HandPaint_Wall_01A/dependencies/pattern_splatter_circular.sbs
pattern_tile_generator,.sbs,Generators/Utility,no,yes,_substance/JM-Breakdown-Handpaint-Designer-SBS-01A [dependency],_substance/JM-Breakdown-Handpaint-Designer-SBS-01A/JM-Breakdown-Handpaint-Designer-SBS-01A/Brk_HandPaint_Wall_01A/dependencies/pattern_tile_generator.sbs
pattern_tile_sampler,.sbs,Generators/Utility,no,yes,_substance/JM-Breakdown-Handpaint-Designer-SBS-01A [dependency],_substance/JM-Breakdown-Handpaint-Designer-SBS-01A/JM-Breakdown-Handpaint-Designer-SBS-01A/Brk_HandPaint_Wall_01A/dependencies/pattern_tile_sampler.sbs
rgba_merge,.sbs,Generators/Utility,no,yes,_substance/JM-Breakdown-Handpaint-Designer-SBS-01A [dependency],_substance/JM-Breakdown-Handpaint-Designer-SBS-01A/JM-Breakdown-Handpaint-Designer-SBS-01A/Brk_HandPaint_Wall_01A/dependencies/rgba_merge.sbs
rgba_split,.sbs,Generators/Utility,no,yes,_substance/JM-Breakdown-Handpaint-Designer-SBS-01A [dependency],_substance/JM-Breakdown-Handpaint-Designer-SBS-01A/JM-Breakdown-Handpaint-Designer-SBS-01A/Brk_HandPaint_Wall_01A/dependencies/rgba_split.sbs
safe_transform,.sbs,Generators/Utility,no,yes,_substance/JM-Breakdown-Handpaint-Designer-SBS-01A [dependency],_substance/JM-Breakdown-Handpaint-Designer-SBS-01A/JM-Breakdown-Handpaint-Designer-SBS-01A/Brk_HandPaint_Wall_01A/dependencies/safe_transform.sbs
shadows,.sbs,Generators/Utility,no,yes,_substance/JM-Breakdown-Handpaint-Designer-SBS-01A [dependency],_substance/JM-Breakdown-Handpaint-Designer-SBS-01A/JM-Breakdown-Handpaint-Designer-SBS-01A/Brk_HandPaint_Wall_01A/dependencies/shadows.sbs
shape,.sbs,Generators/Utility,no,yes,_substance/JM-Breakdown-Handpaint-Designer-SBS-01A [dependency],_substance/JM-Breakdown-Handpaint-Designer-SBS-01A/JM-Breakdown-Handpaint-Designer-SBS-01A/Brk_HandPaint_Wall_01A/dependencies/shape.sbs
slope_blur,.sbs,Generators/Utility,no,yes,_substance/JM-Breakdown-Handpaint-Designer-SBS-01A [dependency],_substance/JM-Breakdown-Handpaint-Designer-SBS-01A/JM-Breakdown-Handpaint-Designer-SBS-01A/Brk_HandPaint_Wall_01A/dependencies/slope_blur.sbs
trapezoid_transform,.sbs,Generators/Utility,no,yes,_substance/JM-Breakdown-Handpaint-Designer-SBS-01A [dependency],_substance/JM-Breakdown-Handpaint-Designer-SBS-01A/JM-Breakdown-Handpaint-Designer-SBS-01A/Brk_HandPaint_Wall_01A/dependencies/trapezoid_transform.sbs
triplanar,.sbs,Generators/Utility,no,yes,_substance/JM-Breakdown-Handpaint-Designer-SBS-01A [dependency],_substance/JM-Breakdown-Handpaint-Designer-SBS-01A/JM-Breakdown-Handpaint-Designer-SBS-01A/Brk_HandPaint_Wall_01A/dependencies/triplanar.sbs
white_noise,.sbs,Generators/Utility,no,yes,_substance/JM-Breakdown-Handpaint-Designer-SBS-01A [dependency],_substance/JM-Breakdown-Handpaint-Designer-SBS-01A/JM-Breakdown-Handpaint-Designer-SBS-01A/Brk_HandPaint_Wall_01A/dependencies/white_noise.sbs
JRO_SciFi_Hull,.sbs,Sci-fi/Tech,no,yes,_substance/JRO_Scifi_Hull_Files,_substance/JRO_Scifi_Hull_Files/SD_Material (SBS)/JRO_SciFi_Hull.sbs
JRO_SciFi_Hull,.sbsar,Sci-fi/Tech,no,yes,_substance/JRO_Scifi_Hull_Files,_substance/JRO_Scifi_Hull_Files/SP_Material (SBSAR)/JRO_SciFi_Hull.sbsar
JRO_StylizedRocks,.sbs,Stylized,yes,yes,_substance/JRO_StylizedRocks_Files,_substance/JRO_StylizedRocks_Files/SD_Material (SBS)/JRO_StylizedRocks.sbs
JRO_StylizedRocks,.sbsar,Stylized,yes,yes,_substance/JRO_StylizedRocks_Files,_substance/JRO_StylizedRocks_Files/SP_Material (SBSAR)/JRO_StylizedRocks.sbsar
Metal_planes,.sbs,Metal,no,yes,_substance/metal_planes_lucas_zilke,_substance/metal_planes_lucas_zilke/Metal_planes.sbs
Metal_planes,.sbsar,Metal,no,yes,_substance/metal_planes_lucas_zilke,_substance/metal_planes_lucas_zilke/Metal_planes.sbsar
Metal_roof,.sbs,Metal,no,yes,_substance/Metal_roof,_substance/Metal_roof/Metal_roof.sbs
Metal_roof,.sbsar,Metal,no,yes,_substance/Metal_roof,_substance/Metal_roof/Metal_roof.sbsar
MultiDirectionalWarpGrayscale,.sbs,Generators/Utility,no,yes,_substance/(loose),_substance/MultiDirectionalWarpGrayscale.sbs
anisotropic_blur,.sbs,Generators/Utility,no,yes,_substance/Overwatch Material Studies [autosave copy; dependency],_substance/Overwatch Material Studies/DesignerFiles/Overwatch Material Studies/dependencies/.autosave/anisotropic_blur.sbs
anisotropic_blur_0,.sbs,Generators/Utility,no,yes,_substance/Overwatch Material Studies [autosave copy; dependency],_substance/Overwatch Material Studies/DesignerFiles/Overwatch Material Studies/dependencies/.autosave/anisotropic_blur_0.sbs
auto_levels,.sbs,Generators/Utility,no,yes,_substance/Overwatch Material Studies [autosave copy; dependency],_substance/Overwatch Material Studies/DesignerFiles/Overwatch Material Studies/dependencies/.autosave/auto_levels.sbs
auto_levels_0,.sbs,Generators/Utility,no,yes,_substance/Overwatch Material Studies [autosave copy; dependency],_substance/Overwatch Material Studies/DesignerFiles/Overwatch Material Studies/dependencies/.autosave/auto_levels_0.sbs
bevel,.sbs,Generators/Utility,no,yes,_substance/Overwatch Material Studies [autosave copy; dependency],_substance/Overwatch Material Studies/DesignerFiles/Overwatch Material Studies/dependencies/.autosave/bevel.sbs
bevel_0,.sbs,Generators/Utility,no,yes,_substance/Overwatch Material Studies [autosave copy; dependency],_substance/Overwatch Material Studies/DesignerFiles/Overwatch Material Studies/dependencies/.autosave/bevel_0.sbs
blend,.sbs,Generators/Utility,no,yes,_substance/Overwatch Material Studies [autosave copy; dependency],_substance/Overwatch Material Studies/DesignerFiles/Overwatch Material Studies/dependencies/.autosave/blend.sbs
blend_0,.sbs,Generators/Utility,no,yes,_substance/Overwatch Material Studies [autosave copy; dependency],_substance/Overwatch Material Studies/DesignerFiles/Overwatch Material Studies/dependencies/.autosave/blend_0.sbs
blend_switch,.sbs,Generators/Utility,no,yes,_substance/Overwatch Material Studies [autosave copy; dependency],_substance/Overwatch Material Studies/DesignerFiles/Overwatch Material Studies/dependencies/.autosave/blend_switch.sbs
blend_switch_0,.sbs,Generators/Utility,no,yes,_substance/Overwatch Material Studies [autosave copy; dependency],_substance/Overwatch Material Studies/DesignerFiles/Overwatch Material Studies/dependencies/.autosave/blend_switch_0.sbs
blur_hq,.sbs,Generators/Utility,no,yes,_substance/Overwatch Material Studies [autosave copy; dependency],_substance/Overwatch Material Studies/DesignerFiles/Overwatch Material Studies/dependencies/.autosave/blur_hq.sbs
blur_hq_0,.sbs,Generators/Utility,no,yes,_substance/Overwatch Material Studies [autosave copy; dependency],_substance/Overwatch Material Studies/DesignerFiles/Overwatch Material Studies/dependencies/.autosave/blur_hq_0.sbs
contrast_luminosity,.sbs,Generators/Utility,no,yes,_substance/Overwatch Material Studies [autosave copy; dependency],_substance/Overwatch Material Studies/DesignerFiles/Overwatch Material Studies/dependencies/.autosave/contrast_luminosity.sbs
contrast_luminosity_0,.sbs,Generators/Utility,no,yes,_substance/Overwatch Material Studies [autosave copy; dependency],_substance/Overwatch Material Studies/DesignerFiles/Overwatch Material Studies/dependencies/.autosave/contrast_luminosity_0.sbs
curvature,.sbs,Generators/Utility,no,yes,_substance/Overwatch Material Studies [autosave copy; dependency],_substance/Overwatch Material Studies/DesignerFiles/Overwatch Material Studies/dependencies/.autosave/curvature.sbs
curvature_0,.sbs,Generators/Utility,no,yes,_substance/Overwatch Material Studies [autosave copy; dependency],_substance/Overwatch Material Studies/DesignerFiles/Overwatch Material Studies/dependencies/.autosave/curvature_0.sbs
edge_detect,.sbs,Generators/Utility,no,yes,_substance/Overwatch Material Studies [autosave copy; dependency],_substance/Overwatch Material Studies/DesignerFiles/Overwatch Material Studies/dependencies/.autosave/edge_detect.sbs
edge_detect_0,.sbs,Generators/Utility,no,yes,_substance/Overwatch Material Studies [autosave copy; dependency],_substance/Overwatch Material Studies/DesignerFiles/Overwatch Material Studies/dependencies/.autosave/edge_detect_0.sbs
flood_fill_2,.sbs,Generators/Utility,no,yes,_substance/Overwatch Material Studies [autosave copy; dependency],_substance/Overwatch Material Studies/DesignerFiles/Overwatch Material Studies/dependencies/.autosave/flood_fill_2.sbs
flood_fill_2_0,.sbs,Generators/Utility,no,yes,_substance/Overwatch Material Studies [autosave copy; dependency],_substance/Overwatch Material Studies/DesignerFiles/Overwatch Material Studies/dependencies/.autosave/flood_fill_2_0.sbs
functions,.sbs,Generators/Utility,no,yes,_substance/Overwatch Material Studies [autosave copy; dependency],_substance/Overwatch Material Studies/DesignerFiles/Overwatch Material Studies/dependencies/.autosave/functions.sbs
functions_0,.sbs,Generators/Utility,no,yes,_substance/Overwatch Material Studies [autosave copy; dependency],_substance/Overwatch Material Studies/DesignerFiles/Overwatch Material Studies/dependencies/.autosave/functions_0.sbs
Get_Slope,.sbs,Generators/Utility,no,yes,_substance/Overwatch Material Studies [autosave copy; dependency],_substance/Overwatch Material Studies/DesignerFiles/Overwatch Material Studies/dependencies/.autosave/Get_Slope.sbs
Get_Slope_0,.sbs,Generators/Utility,no,yes,_substance/Overwatch Material Studies [autosave copy; dependency],_substance/Overwatch Material Studies/DesignerFiles/Overwatch Material Studies/dependencies/.autosave/Get_Slope_0.sbs
gradient_linear_1,.sbs,Generators/Utility,no,yes,_substance/Overwatch Material Studies [autosave copy; dependency],_substance/Overwatch Material Studies/DesignerFiles/Overwatch Material Studies/dependencies/.autosave/gradient_linear_1.sbs
gradient_linear_1_0,.sbs,Generators/Utility,no,yes,_substance/Overwatch Material Studies [autosave copy; dependency],_substance/Overwatch Material Studies/DesignerFiles/Overwatch Material Studies/dependencies/.autosave/gradient_linear_1_0.sbs
gradient_linear_2,.sbs,Generators/Utility,no,yes,_substance/Overwatch Material Studies [autosave copy; dependency],_substance/Overwatch Material Studies/DesignerFiles/Overwatch Material Studies/dependencies/.autosave/gradient_linear_2.sbs
gradient_linear_2_0,.sbs,Generators/Utility,no,yes,_substance/Overwatch Material Studies [autosave copy; dependency],_substance/Overwatch Material Studies/DesignerFiles/Overwatch Material Studies/dependencies/.autosave/gradient_linear_2_0.sbs
gradient_linear_3,.sbs,Generators/Utility,no,yes,_substance/Overwatch Material Studies [autosave copy; dependency],_substance/Overwatch Material Studies/DesignerFiles/Overwatch Material Studies/dependencies/.autosave/gradient_linear_3.sbs
gradient_linear_3_0,.sbs,Generators/Utility,no,yes,_substance/Overwatch Material Studies [autosave copy; dependency],_substance/Overwatch Material Studies/DesignerFiles/Overwatch Material Studies/dependencies/.autosave/gradient_linear_3_0.sbs
hbao_2,.sbs,Generators/Utility,no,yes,_substance/Overwatch Material Studies [autosave copy; dependency],_substance/Overwatch Material Studies/DesignerFiles/Overwatch Material Studies/dependencies/.autosave/hbao_2.sbs
hbao_2_0,.sbs,Generators/Utility,no,yes,_substance/Overwatch Material Studies [autosave copy; dependency],_substance/Overwatch Material Studies/DesignerFiles/Overwatch Material Studies/dependencies/.autosave/hbao_2_0.sbs
histogram_range,.sbs,Generators/Utility,no,yes,_substance/Overwatch Material Studies [autosave copy; dependency],_substance/Overwatch Material Studies/DesignerFiles/Overwatch Material Studies/dependencies/.autosave/histogram_range.sbs
histogram_range_0,.sbs,Generators/Utility,no,yes,_substance/Overwatch Material Studies [autosave copy; dependency],_substance/Overwatch Material Studies/DesignerFiles/Overwatch Material Studies/dependencies/.autosave/histogram_range_0.sbs
histogram_scan,.sbs,Generators/Utility,no,yes,_substance/Overwatch Material Studies [autosave copy; dependency],_substance/Overwatch Material Studies/DesignerFiles/Overwatch Material Studies/dependencies/.autosave/histogram_scan.sbs
histogram_scan_0,.sbs,Generators/Utility,no,yes,_substance/Overwatch Material Studies [autosave copy; dependency],_substance/Overwatch Material Studies/DesignerFiles/Overwatch Material Studies/dependencies/.autosave/histogram_scan_0.sbs
invert,.sbs,Generators/Utility,no,yes,_substance/Overwatch Material Studies [autosave copy; dependency],_substance/Overwatch Material Studies/DesignerFiles/Overwatch Material Studies/dependencies/.autosave/invert.sbs
invert_0,.sbs,Generators/Utility,no,yes,_substance/Overwatch Material Studies [autosave copy; dependency],_substance/Overwatch Material Studies/DesignerFiles/Overwatch Material Studies/dependencies/.autosave/invert_0.sbs
noise_anisotropic_noise,.sbs,Generators/Utility,no,yes,_substance/Overwatch Material Studies [autosave copy; dependency],_substance/Overwatch Material Studies/DesignerFiles/Overwatch Material Studies/dependencies/.autosave/noise_anisotropic_noise.sbs
noise_anisotropic_noise_0,.sbs,Generators/Utility,no,yes,_substance/Overwatch Material Studies [autosave copy; dependency],_substance/Overwatch Material Studies/DesignerFiles/Overwatch Material Studies/dependencies/.autosave/noise_anisotropic_noise_0.sbs
noise_bnw_spots_2,.sbs,Generators/Utility,no,yes,_substance/Overwatch Material Studies [autosave copy; dependency],_substance/Overwatch Material Studies/DesignerFiles/Overwatch Material Studies/dependencies/.autosave/noise_bnw_spots_2.sbs
noise_bnw_spots_2_0,.sbs,Generators/Utility,no,yes,_substance/Overwatch Material Studies [autosave copy; dependency],_substance/Overwatch Material Studies/DesignerFiles/Overwatch Material Studies/dependencies/.autosave/noise_bnw_spots_2_0.sbs
noise_bnw_spots_3,.sbs,Generators/Utility,no,yes,_substance/Overwatch Material Studies [autosave copy; dependency],_substance/Overwatch Material Studies/DesignerFiles/Overwatch Material Studies/dependencies/.autosave/noise_bnw_spots_3.sbs
noise_bnw_spots_3_0,.sbs,Generators/Utility,no,yes,_substance/Overwatch Material Studies [autosave copy; dependency],_substance/Overwatch Material Studies/DesignerFiles/Overwatch Material Studies/dependencies/.autosave/noise_bnw_spots_3_0.sbs
noise_cells_1,.sbs,Generators/Utility,no,yes,_substance/Overwatch Material Studies [autosave copy; dependency],_substance/Overwatch Material Studies/DesignerFiles/Overwatch Material Studies/dependencies/.autosave/noise_cells_1.sbs
noise_cells_1_0,.sbs,Generators/Utility,no,yes,_substance/Overwatch Material Studies [autosave copy; dependency],_substance/Overwatch Material Studies/DesignerFiles/Overwatch Material Studies/dependencies/.autosave/noise_cells_1_0.sbs
noise_cells_4,.sbs,Generators/Utility,no,yes,_substance/Overwatch Material Studies [autosave copy; dependency],_substance/Overwatch Material Studies/DesignerFiles/Overwatch Material Studies/dependencies/.autosave/noise_cells_4.sbs
noise_cells_4_0,.sbs,Generators/Utility,no,yes,_substance/Overwatch Material Studies [autosave copy; dependency],_substance/Overwatch Material Studies/DesignerFiles/Overwatch Material Studies/dependencies/.autosave/noise_cells_4_0.sbs
noise_clouds_1,.sbs,Generators/Utility,no,yes,_substance/Overwatch Material Studies [autosave copy; dependency],_substance/Overwatch Material Studies/DesignerFiles/Overwatch Material Studies/dependencies/.autosave/noise_clouds_1.sbs
noise_clouds_1_0,.sbs,Generators/Utility,no,yes,_substance/Overwatch Material Studies [autosave copy; dependency],_substance/Overwatch Material Studies/DesignerFiles/Overwatch Material Studies/dependencies/.autosave/noise_clouds_1_0.sbs
noise_clouds_2,.sbs,Generators/Utility,no,yes,_substance/Overwatch Material Studies [autosave copy; dependency],_substance/Overwatch Material Studies/DesignerFiles/Overwatch Material Studies/dependencies/.autosave/noise_clouds_2.sbs
noise_clouds_2_0,.sbs,Generators/Utility,no,yes,_substance/Overwatch Material Studies [autosave copy; dependency],_substance/Overwatch Material Studies/DesignerFiles/Overwatch Material Studies/dependencies/.autosave/noise_clouds_2_0.sbs
noise_clouds_3,.sbs,Generators/Utility,no,yes,_substance/Overwatch Material Studies [autosave copy; dependency],_substance/Overwatch Material Studies/DesignerFiles/Overwatch Material Studies/dependencies/.autosave/noise_clouds_3.sbs
noise_clouds_3_0,.sbs,Generators/Utility,no,yes,_substance/Overwatch Material Studies [autosave copy; dependency],_substance/Overwatch Material Studies/DesignerFiles/Overwatch Material Studies/dependencies/.autosave/noise_clouds_3_0.sbs
noise_creased,.sbs,Generators/Utility,no,yes,_substance/Overwatch Material Studies [autosave copy; dependency],_substance/Overwatch Material Studies/DesignerFiles/Overwatch Material Studies/dependencies/.autosave/noise_creased.sbs
noise_creased_0,.sbs,Generators/Utility,no,yes,_substance/Overwatch Material Studies [autosave copy; dependency],_substance/Overwatch Material Studies/DesignerFiles/Overwatch Material Studies/dependencies/.autosave/noise_creased_0.sbs
noise_crystal_1,.sbs,Generators/Utility,no,yes,_substance/Overwatch Material Studies [autosave copy; dependency],_substance/Overwatch Material Studies/DesignerFiles/Overwatch Material Studies/dependencies/.autosave/noise_crystal_1.sbs
noise_crystal_1_0,.sbs,Generators/Utility,no,yes,_substance/Overwatch Material Studies [autosave copy; dependency],_substance/Overwatch Material Studies/DesignerFiles/Overwatch Material Studies/dependencies/.autosave/noise_crystal_1_0.sbs
noise_crystal_2,.sbs,Generators/Utility,no,yes,_substance/Overwatch Material Studies [autosave copy; dependency],_substance/Overwatch Material Studies/DesignerFiles/Overwatch Material Studies/dependencies/.autosave/noise_crystal_2.sbs
noise_crystal_2_0,.sbs,Generators/Utility,no,yes,_substance/Overwatch Material Studies [autosave copy; dependency],_substance/Overwatch Material Studies/DesignerFiles/Overwatch Material Studies/dependencies/.autosave/noise_crystal_2_0.sbs
noise_directional_noise_1,.sbs,Generators/Utility,no,yes,_substance/Overwatch Material Studies [autosave copy; dependency],_substance/Overwatch Material Studies/DesignerFiles/Overwatch Material Studies/dependencies/.autosave/noise_directional_noise_1.sbs
noise_directional_noise_1_0,.sbs,Generators/Utility,no,yes,_substance/Overwatch Material Studies [autosave copy; dependency],_substance/Overwatch Material Studies/DesignerFiles/Overwatch Material Studies/dependencies/.autosave/noise_directional_noise_1_0.sbs
noise_directional_noise_4,.sbs,Generators/Utility,no,yes,_substance/Overwatch Material Studies [autosave copy; dependency],_substance/Overwatch Material Studies/DesignerFiles/Overwatch Material Studies/dependencies/.autosave/noise_directional_noise_4.sbs
noise_directional_noise_4_0,.sbs,Generators/Utility,no,yes,_substance/Overwatch Material Studies [autosave copy; dependency],_substance/Overwatch Material Studies/DesignerFiles/Overwatch Material Studies/dependencies/.autosave/noise_directional_noise_4_0.sbs
noise_dirt_1,.sbs,Generators/Utility,no,yes,_substance/Overwatch Material Studies [autosave copy; dependency],_substance/Overwatch Material Studies/DesignerFiles/Overwatch Material Studies/dependencies/.autosave/noise_dirt_1.sbs
noise_dirt_1_0,.sbs,Generators/Utility,no,yes,_substance/Overwatch Material Studies [autosave copy; dependency],_substance/Overwatch Material Studies/DesignerFiles/Overwatch Material Studies/dependencies/.autosave/noise_dirt_1_0.sbs
noise_dirt_3,.sbs,Generators/Utility,no,yes,_substance/Overwatch Material Studies [autosave copy; dependency],_substance/Overwatch Material Studies/DesignerFiles/Overwatch Material Studies/dependencies/.autosave/noise_dirt_3.sbs
noise_dirt_3_0,.sbs,Generators/Utility,no,yes,_substance/Overwatch Material Studies [autosave copy; dependency],_substance/Overwatch Material Studies/DesignerFiles/Overwatch Material Studies/dependencies/.autosave/noise_dirt_3_0.sbs
noise_fractal_sum_base,.sbs,Generators/Utility,no,yes,_substance/Overwatch Material Studies [autosave copy; dependency],_substance/Overwatch Material Studies/DesignerFiles/Overwatch Material Studies/dependencies/.autosave/noise_fractal_sum_base.sbs
noise_fractal_sum_base_0,.sbs,Generators/Utility,no,yes,_substance/Overwatch Material Studies [autosave copy; dependency],_substance/Overwatch Material Studies/DesignerFiles/Overwatch Material Studies/dependencies/.autosave/noise_fractal_sum_base_0.sbs
noise_gaussian_noise,.sbs,Generators/Utility,no,yes,_substance/Overwatch Material Studies [autosave copy; dependency],_substance/Overwatch Material Studies/DesignerFiles/Overwatch Material Studies/dependencies/.autosave/noise_gaussian_noise.sbs
noise_gaussian_noise_0,.sbs,Generators/Utility,no,yes,_substance/Overwatch Material Studies [autosave copy; dependency],_substance/Overwatch Material Studies/DesignerFiles/Overwatch Material Studies/dependencies/.autosave/noise_gaussian_noise_0.sbs
noise_gaussian_spots_1,.sbs,Generators/Utility,no,yes,_substance/Overwatch Material Studies [autosave copy; dependency],_substance/Overwatch Material Studies/DesignerFiles/Overwatch Material Studies/dependencies/.autosave/noise_gaussian_spots_1.sbs
noise_gaussian_spots_1_0,.sbs,Generators/Utility,no,yes,_substance/Overwatch Material Studies [autosave copy; dependency],_substance/Overwatch Material Studies/DesignerFiles/Overwatch Material Studies/dependencies/.autosave/noise_gaussian_spots_1_0.sbs
noise_grunge_map_002,.sbs,Generators/Utility,no,yes,_substance/Overwatch Material Studies [autosave copy; dependency],_substance/Overwatch Material Studies/DesignerFiles/Overwatch Material Studies/dependencies/.autosave/noise_grunge_map_002.sbs
noise_grunge_map_002_0,.sbs,Generators/Utility,no,yes,_substance/Overwatch Material Studies [autosave copy; dependency],_substance/Overwatch Material Studies/DesignerFiles/Overwatch Material Studies/dependencies/.autosave/noise_grunge_map_002_0.sbs
noise_grunge_map_003,.sbs,Generators/Utility,no,yes,_substance/Overwatch Material Studies [autosave copy; dependency],_substance/Overwatch Material Studies/DesignerFiles/Overwatch Material Studies/dependencies/.autosave/noise_grunge_map_003.sbs
noise_grunge_map_003_0,.sbs,Generators/Utility,no,yes,_substance/Overwatch Material Studies [autosave copy; dependency],_substance/Overwatch Material Studies/DesignerFiles/Overwatch Material Studies/dependencies/.autosave/noise_grunge_map_003_0.sbs
noise_grunge_map_005,.sbs,Generators/Utility,no,yes,_substance/Overwatch Material Studies [autosave copy; dependency],_substance/Overwatch Material Studies/DesignerFiles/Overwatch Material Studies/dependencies/.autosave/noise_grunge_map_005.sbs
noise_grunge_map_005_0,.sbs,Generators/Utility,no,yes,_substance/Overwatch Material Studies [autosave copy; dependency],_substance/Overwatch Material Studies/DesignerFiles/Overwatch Material Studies/dependencies/.autosave/noise_grunge_map_005_0.sbs
noise_grunge_map_009,.sbs,Generators/Utility,no,yes,_substance/Overwatch Material Studies [autosave copy; dependency],_substance/Overwatch Material Studies/DesignerFiles/Overwatch Material Studies/dependencies/.autosave/noise_grunge_map_009.sbs
noise_grunge_map_009_0,.sbs,Generators/Utility,no,yes,_substance/Overwatch Material Studies [autosave copy; dependency],_substance/Overwatch Material Studies/DesignerFiles/Overwatch Material Studies/dependencies/.autosave/noise_grunge_map_009_0.sbs
noise_grunge_map_013,.sbs,Generators/Utility,no,yes,_substance/Overwatch Material Studies [autosave copy; dependency],_substance/Overwatch Material Studies/DesignerFiles/Overwatch Material Studies/dependencies/.autosave/noise_grunge_map_013.sbs
noise_grunge_map_013_0,.sbs,Generators/Utility,no,yes,_substance/Overwatch Material Studies [autosave copy; dependency],_substance/Overwatch Material Studies/DesignerFiles/Overwatch Material Studies/dependencies/.autosave/noise_grunge_map_013_0.sbs
noise_moisture_noise,.sbs,Generators/Utility,no,yes,_substance/Overwatch Material Studies [autosave copy; dependency],_substance/Overwatch Material Studies/DesignerFiles/Overwatch Material Studies/dependencies/.autosave/noise_moisture_noise.sbs
noise_moisture_noise_0,.sbs,Generators/Utility,no,yes,_substance/Overwatch Material Studies [autosave copy; dependency],_substance/Overwatch Material Studies/DesignerFiles/Overwatch Material Studies/dependencies/.autosave/noise_moisture_noise_0.sbs
noise_perlin_noise,.sbs,Generators/Utility,no,yes,_substance/Overwatch Material Studies [autosave copy; dependency],_substance/Overwatch Material Studies/DesignerFiles/Overwatch Material Studies/dependencies/.autosave/noise_perlin_noise.sbs
noise_perlin_noise_0,.sbs,Generators/Utility,no,yes,_substance/Overwatch Material Studies [autosave copy; dependency],_substance/Overwatch Material Studies/DesignerFiles/Overwatch Material Studies/dependencies/.autosave/noise_perlin_noise_0.sbs
non_uniform_blur,.sbs,Generators/Utility,no,yes,_substance/Overwatch Material Studies [autosave copy; dependency],_substance/Overwatch Material Studies/DesignerFiles/Overwatch Material Studies/dependencies/.autosave/non_uniform_blur.sbs
non_uniform_blur_0,.sbs,Generators/Utility,no,yes,_substance/Overwatch Material Studies [autosave copy; dependency],_substance/Overwatch Material Studies/DesignerFiles/Overwatch Material Studies/dependencies/.autosave/non_uniform_blur_0.sbs
pattern_shape,.sbs,Generators/Utility,no,yes,_substance/Overwatch Material Studies [autosave copy; dependency],_substance/Overwatch Material Studies/DesignerFiles/Overwatch Material Studies/dependencies/.autosave/pattern_shape.sbs
pattern_shape_0,.sbs,Generators/Utility,no,yes,_substance/Overwatch Material Studies [autosave copy; dependency],_substance/Overwatch Material Studies/DesignerFiles/Overwatch Material Studies/dependencies/.autosave/pattern_shape_0.sbs
pattern_stripes,.sbs,Generators/Utility,no,yes,_substance/Overwatch Material Studies [autosave copy; dependency],_substance/Overwatch Material Studies/DesignerFiles/Overwatch Material Studies/dependencies/.autosave/pattern_stripes.sbs
pattern_stripes_0,.sbs,Generators/Utility,no,yes,_substance/Overwatch Material Studies [autosave copy; dependency],_substance/Overwatch Material Studies/DesignerFiles/Overwatch Material Studies/dependencies/.autosave/pattern_stripes_0.sbs
pattern_tile_generator,.sbs,Generators/Utility,no,yes,_substance/Overwatch Material Studies [autosave copy; dependency],_substance/Overwatch Material Studies/DesignerFiles/Overwatch Material Studies/dependencies/.autosave/pattern_tile_generator.sbs
pattern_tile_generator_0,.sbs,Generators/Utility,no,yes,_substance/Overwatch Material Studies [autosave copy; dependency],_substance/Overwatch Material Studies/DesignerFiles/Overwatch Material Studies/dependencies/.autosave/pattern_tile_generator_0.sbs
pattern_tile_sampler,.sbs,Generators/Utility,no,yes,_substance/Overwatch Material Studies [autosave copy; dependency],_substance/Overwatch Material Studies/DesignerFiles/Overwatch Material Studies/dependencies/.autosave/pattern_tile_sampler.sbs
pattern_tile_sampler_0,.sbs,Generators/Utility,no,yes,_substance/Overwatch Material Studies [autosave copy; dependency],_substance/Overwatch Material Studies/DesignerFiles/Overwatch Material Studies/dependencies/.autosave/pattern_tile_sampler_0.sbs
quantize,.sbs,Generators/Utility,no,yes,_substance/Overwatch Material Studies [autosave copy; dependency],_substance/Overwatch Material Studies/DesignerFiles/Overwatch Material Studies/dependencies/.autosave/quantize.sbs
quantize_0,.sbs,Generators/Utility,no,yes,_substance/Overwatch Material Studies [autosave copy; dependency],_substance/Overwatch Material Studies/DesignerFiles/Overwatch Material Studies/dependencies/.autosave/quantize_0.sbs
rgba_merge,.sbs,Generators/Utility,no,yes,_substance/Overwatch Material Studies [autosave copy; dependency],_substance/Overwatch Material Studies/DesignerFiles/Overwatch Material Studies/dependencies/.autosave/rgba_merge.sbs
rgba_merge_0,.sbs,Generators/Utility,no,yes,_substance/Overwatch Material Studies [autosave copy; dependency],_substance/Overwatch Material Studies/DesignerFiles/Overwatch Material Studies/dependencies/.autosave/rgba_merge_0.sbs
safe_transform,.sbs,Generators/Utility,no,yes,_substance/Overwatch Material Studies [autosave copy; dependency],_substance/Overwatch Material Studies/DesignerFiles/Overwatch Material Studies/dependencies/.autosave/safe_transform.sbs
safe_transform_0,.sbs,Generators/Utility,no,yes,_substance/Overwatch Material Studies [autosave copy; dependency],_substance/Overwatch Material Studies/DesignerFiles/Overwatch Material Studies/dependencies/.autosave/safe_transform_0.sbs
shape,.sbs,Generators/Utility,no,yes,_substance/Overwatch Material Studies [autosave copy; dependency],_substance/Overwatch Material Studies/DesignerFiles/Overwatch Material Studies/dependencies/.autosave/shape.sbs
shape_0,.sbs,Generators/Utility,no,yes,_substance/Overwatch Material Studies [autosave copy; dependency],_substance/Overwatch Material Studies/DesignerFiles/Overwatch Material Studies/dependencies/.autosave/shape_0.sbs
slope_blur,.sbs,Generators/Utility,no,yes,_substance/Overwatch Material Studies [autosave copy; dependency],_substance/Overwatch Material Studies/DesignerFiles/Overwatch Material Studies/dependencies/.autosave/slope_blur.sbs
slope_blur_0,.sbs,Generators/Utility,no,yes,_substance/Overwatch Material Studies [autosave copy; dependency],_substance/Overwatch Material Studies/DesignerFiles/Overwatch Material Studies/dependencies/.autosave/slope_blur_0.sbs
triplanar,.sbs,Generators/Utility,no,yes,_substance/Overwatch Material Studies [autosave copy; dependency],_substance/Overwatch Material Studies/DesignerFiles/Overwatch Material Studies/dependencies/.autosave/triplanar.sbs
triplanar_0,.sbs,Generators/Utility,no,yes,_substance/Overwatch Material Studies [autosave copy; dependency],_substance/Overwatch Material Studies/DesignerFiles/Overwatch Material Studies/dependencies/.autosave/triplanar_0.sbs
white_noise,.sbs,Generators/Utility,no,yes,_substance/Overwatch Material Studies [autosave copy; dependency],_substance/Overwatch Material Studies/DesignerFiles/Overwatch Material Studies/dependencies/.autosave/white_noise.sbs
white_noise_0,.sbs,Generators/Utility,no,yes,_substance/Overwatch Material Studies [autosave copy; dependency],_substance/Overwatch Material Studies/DesignerFiles/Overwatch Material Studies/dependencies/.autosave/white_noise_0.sbs
anisotropic_blur,.sbs,Generators/Utility,no,yes,_substance/Overwatch Material Studies [dependency],_substance/Overwatch Material Studies/DesignerFiles/Overwatch Material Studies/dependencies/anisotropic_blur.sbs
auto_levels,.sbs,Generators/Utility,no,yes,_substance/Overwatch Material Studies [dependency],_substance/Overwatch Material Studies/DesignerFiles/Overwatch Material Studies/dependencies/auto_levels.sbs
bevel,.sbs,Generators/Utility,no,yes,_substance/Overwatch Material Studies [dependency],_substance/Overwatch Material Studies/DesignerFiles/Overwatch Material Studies/dependencies/bevel.sbs
blend,.sbs,Generators/Utility,no,yes,_substance/Overwatch Material Studies [dependency],_substance/Overwatch Material Studies/DesignerFiles/Overwatch Material Studies/dependencies/blend.sbs
blend_switch,.sbs,Generators/Utility,no,yes,_substance/Overwatch Material Studies [dependency],_substance/Overwatch Material Studies/DesignerFiles/Overwatch Material Studies/dependencies/blend_switch.sbs
blur_hq,.sbs,Generators/Utility,no,yes,_substance/Overwatch Material Studies [dependency],_substance/Overwatch Material Studies/DesignerFiles/Overwatch Material Studies/dependencies/blur_hq.sbs
contrast_luminosity,.sbs,Generators/Utility,no,yes,_substance/Overwatch Material Studies [dependency],_substance/Overwatch Material Studies/DesignerFiles/Overwatch Material Studies/dependencies/contrast_luminosity.sbs
curvature,.sbs,Generators/Utility,no,yes,_substance/Overwatch Material Studies [dependency],_substance/Overwatch Material Studies/DesignerFiles/Overwatch Material Studies/dependencies/curvature.sbs
DeteDirectionalWarp,.sbsar,Generators/Utility,no,no,_substance/Overwatch Material Studies [dependency],_substance/Overwatch Material Studies/DesignerFiles/Overwatch Material Studies/dependencies/DeteDirectionalWarp.sbsar
edge_detect,.sbs,Generators/Utility,no,yes,_substance/Overwatch Material Studies [dependency],_substance/Overwatch Material Studies/DesignerFiles/Overwatch Material Studies/dependencies/edge_detect.sbs
flood_fill_2,.sbs,Generators/Utility,no,yes,_substance/Overwatch Material Studies [dependency],_substance/Overwatch Material Studies/DesignerFiles/Overwatch Material Studies/dependencies/flood_fill_2.sbs
functions,.sbs,Generators/Utility,no,yes,_substance/Overwatch Material Studies [dependency],_substance/Overwatch Material Studies/DesignerFiles/Overwatch Material Studies/dependencies/functions.sbs
Get_Slope,.sbs,Generators/Utility,no,yes,_substance/Overwatch Material Studies [dependency],_substance/Overwatch Material Studies/DesignerFiles/Overwatch Material Studies/dependencies/Get_Slope.sbs
gradient_linear_1,.sbs,Generators/Utility,no,yes,_substance/Overwatch Material Studies [dependency],_substance/Overwatch Material Studies/DesignerFiles/Overwatch Material Studies/dependencies/gradient_linear_1.sbs
gradient_linear_2,.sbs,Generators/Utility,no,yes,_substance/Overwatch Material Studies [dependency],_substance/Overwatch Material Studies/DesignerFiles/Overwatch Material Studies/dependencies/gradient_linear_2.sbs
gradient_linear_3,.sbs,Generators/Utility,no,yes,_substance/Overwatch Material Studies [dependency],_substance/Overwatch Material Studies/DesignerFiles/Overwatch Material Studies/dependencies/gradient_linear_3.sbs
hbao_2,.sbs,Generators/Utility,no,yes,_substance/Overwatch Material Studies [dependency],_substance/Overwatch Material Studies/DesignerFiles/Overwatch Material Studies/dependencies/hbao_2.sbs
histogram_range,.sbs,Generators/Utility,no,yes,_substance/Overwatch Material Studies [dependency],_substance/Overwatch Material Studies/DesignerFiles/Overwatch Material Studies/dependencies/histogram_range.sbs
histogram_scan,.sbs,Generators/Utility,no,yes,_substance/Overwatch Material Studies [dependency],_substance/Overwatch Material Studies/DesignerFiles/Overwatch Material Studies/dependencies/histogram_scan.sbs
invert,.sbs,Generators/Utility,no,yes,_substance/Overwatch Material Studies [dependency],_substance/Overwatch Material Studies/DesignerFiles/Overwatch Material Studies/dependencies/invert.sbs
noise_anisotropic_noise,.sbs,Generators/Utility,no,yes,_substance/Overwatch Material Studies [dependency],_substance/Overwatch Material Studies/DesignerFiles/Overwatch Material Studies/dependencies/noise_anisotropic_noise.sbs
noise_bnw_spots_2,.sbs,Generators/Utility,no,yes,_substance/Overwatch Material Studies [dependency],_substance/Overwatch Material Studies/DesignerFiles/Overwatch Material Studies/dependencies/noise_bnw_spots_2.sbs
noise_bnw_spots_3,.sbs,Generators/Utility,no,yes,_substance/Overwatch Material Studies [dependency],_substance/Overwatch Material Studies/DesignerFiles/Overwatch Material Studies/dependencies/noise_bnw_spots_3.sbs
noise_cells_1,.sbs,Generators/Utility,no,yes,_substance/Overwatch Material Studies [dependency],_substance/Overwatch Material Studies/DesignerFiles/Overwatch Material Studies/dependencies/noise_cells_1.sbs
noise_cells_4,.sbs,Generators/Utility,no,yes,_substance/Overwatch Material Studies [dependency],_substance/Overwatch Material Studies/DesignerFiles/Overwatch Material Studies/dependencies/noise_cells_4.sbs
noise_clouds_1,.sbs,Generators/Utility,no,yes,_substance/Overwatch Material Studies [dependency],_substance/Overwatch Material Studies/DesignerFiles/Overwatch Material Studies/dependencies/noise_clouds_1.sbs
noise_clouds_2,.sbs,Generators/Utility,no,yes,_substance/Overwatch Material Studies [dependency],_substance/Overwatch Material Studies/DesignerFiles/Overwatch Material Studies/dependencies/noise_clouds_2.sbs
noise_clouds_3,.sbs,Generators/Utility,no,yes,_substance/Overwatch Material Studies [dependency],_substance/Overwatch Material Studies/DesignerFiles/Overwatch Material Studies/dependencies/noise_clouds_3.sbs
noise_creased,.sbs,Generators/Utility,no,yes,_substance/Overwatch Material Studies [dependency],_substance/Overwatch Material Studies/DesignerFiles/Overwatch Material Studies/dependencies/noise_creased.sbs
noise_crystal_1,.sbs,Generators/Utility,no,yes,_substance/Overwatch Material Studies [dependency],_substance/Overwatch Material Studies/DesignerFiles/Overwatch Material Studies/dependencies/noise_crystal_1.sbs
noise_crystal_2,.sbs,Generators/Utility,no,yes,_substance/Overwatch Material Studies [dependency],_substance/Overwatch Material Studies/DesignerFiles/Overwatch Material Studies/dependencies/noise_crystal_2.sbs
noise_directional_noise_1,.sbs,Generators/Utility,no,yes,_substance/Overwatch Material Studies [dependency],_substance/Overwatch Material Studies/DesignerFiles/Overwatch Material Studies/dependencies/noise_directional_noise_1.sbs
noise_directional_noise_4,.sbs,Generators/Utility,no,yes,_substance/Overwatch Material Studies [dependency],_substance/Overwatch Material Studies/DesignerFiles/Overwatch Material Studies/dependencies/noise_directional_noise_4.sbs
noise_dirt_1,.sbs,Generators/Utility,no,yes,_substance/Overwatch Material Studies [dependency],_substance/Overwatch Material Studies/DesignerFiles/Overwatch Material Studies/dependencies/noise_dirt_1.sbs
noise_dirt_3,.sbs,Generators/Utility,no,yes,_substance/Overwatch Material Studies [dependency],_substance/Overwatch Material Studies/DesignerFiles/Overwatch Material Studies/dependencies/noise_dirt_3.sbs
noise_fractal_sum_base,.sbs,Generators/Utility,no,yes,_substance/Overwatch Material Studies [dependency],_substance/Overwatch Material Studies/DesignerFiles/Overwatch Material Studies/dependencies/noise_fractal_sum_base.sbs
noise_gaussian_noise,.sbs,Generators/Utility,no,yes,_substance/Overwatch Material Studies [dependency],_substance/Overwatch Material Studies/DesignerFiles/Overwatch Material Studies/dependencies/noise_gaussian_noise.sbs
noise_gaussian_spots_1,.sbs,Generators/Utility,no,yes,_substance/Overwatch Material Studies [dependency],_substance/Overwatch Material Studies/DesignerFiles/Overwatch Material Studies/dependencies/noise_gaussian_spots_1.sbs
noise_grunge_map_002,.sbs,Generators/Utility,no,yes,_substance/Overwatch Material Studies [dependency],_substance/Overwatch Material Studies/DesignerFiles/Overwatch Material Studies/dependencies/noise_grunge_map_002.sbs
noise_grunge_map_003,.sbs,Generators/Utility,no,yes,_substance/Overwatch Material Studies [dependency],_substance/Overwatch Material Studies/DesignerFiles/Overwatch Material Studies/dependencies/noise_grunge_map_003.sbs
noise_grunge_map_005,.sbs,Generators/Utility,no,yes,_substance/Overwatch Material Studies [dependency],_substance/Overwatch Material Studies/DesignerFiles/Overwatch Material Studies/dependencies/noise_grunge_map_005.sbs
noise_grunge_map_009,.sbs,Generators/Utility,no,yes,_substance/Overwatch Material Studies [dependency],_substance/Overwatch Material Studies/DesignerFiles/Overwatch Material Studies/dependencies/noise_grunge_map_009.sbs
noise_grunge_map_013,.sbs,Generators/Utility,no,yes,_substance/Overwatch Material Studies [dependency],_substance/Overwatch Material Studies/DesignerFiles/Overwatch Material Studies/dependencies/noise_grunge_map_013.sbs
noise_moisture_noise,.sbs,Generators/Utility,no,yes,_substance/Overwatch Material Studies [dependency],_substance/Overwatch Material Studies/DesignerFiles/Overwatch Material Studies/dependencies/noise_moisture_noise.sbs
noise_perlin_noise,.sbs,Generators/Utility,no,yes,_substance/Overwatch Material Studies [dependency],_substance/Overwatch Material Studies/DesignerFiles/Overwatch Material Studies/dependencies/noise_perlin_noise.sbs
non_uniform_blur,.sbs,Generators/Utility,no,yes,_substance/Overwatch Material Studies [dependency],_substance/Overwatch Material Studies/DesignerFiles/Overwatch Material Studies/dependencies/non_uniform_blur.sbs
pattern_shape,.sbs,Generators/Utility,no,yes,_substance/Overwatch Material Studies [dependency],_substance/Overwatch Material Studies/DesignerFiles/Overwatch Material Studies/dependencies/pattern_shape.sbs
pattern_stripes,.sbs,Generators/Utility,no,yes,_substance/Overwatch Material Studies [dependency],_substance/Overwatch Material Studies/DesignerFiles/Overwatch Material Studies/dependencies/pattern_stripes.sbs
pattern_tile_generator,.sbs,Generators/Utility,no,yes,_substance/Overwatch Material Studies [dependency],_substance/Overwatch Material Studies/DesignerFiles/Overwatch Material Studies/dependencies/pattern_tile_generator.sbs
pattern_tile_sampler,.sbs,Generators/Utility,no,yes,_substance/Overwatch Material Studies [dependency],_substance/Overwatch Material Studies/DesignerFiles/Overwatch Material Studies/dependencies/pattern_tile_sampler.sbs
quantize,.sbs,Generators/Utility,no,yes,_substance/Overwatch Material Studies [dependency],_substance/Overwatch Material Studies/DesignerFiles/Overwatch Material Studies/dependencies/quantize.sbs
rgba_merge,.sbs,Generators/Utility,no,yes,_substance/Overwatch Material Studies [dependency],_substance/Overwatch Material Studies/DesignerFiles/Overwatch Material Studies/dependencies/rgba_merge.sbs
safe_transform,.sbs,Generators/Utility,no,yes,_substance/Overwatch Material Studies [dependency],_substance/Overwatch Material Studies/DesignerFiles/Overwatch Material Studies/dependencies/safe_transform.sbs
shape,.sbs,Generators/Utility,no,yes,_substance/Overwatch Material Studies [dependency],_substance/Overwatch Material Studies/DesignerFiles/Overwatch Material Studies/dependencies/shape.sbs
slope_blur,.sbs,Generators/Utility,no,yes,_substance/Overwatch Material Studies [dependency],_substance/Overwatch Material Studies/DesignerFiles/Overwatch Material Studies/dependencies/slope_blur.sbs
triplanar,.sbs,Generators/Utility,no,yes,_substance/Overwatch Material Studies [dependency],_substance/Overwatch Material Studies/DesignerFiles/Overwatch Material Studies/dependencies/triplanar.sbs
white_noise,.sbs,Generators/Utility,no,yes,_substance/Overwatch Material Studies [dependency],_substance/Overwatch Material Studies/DesignerFiles/Overwatch Material Studies/dependencies/white_noise.sbs
Overwatch Material Studies,.sbs,Other,no,yes,_substance/Overwatch Material Studies,_substance/Overwatch Material Studies/DesignerFiles/Overwatch Material Studies/Overwatch Material Studies.sbs
Pixel8r_2.01,.sbsar,Generators/Utility,no,no,_substance/Pixel8r,_substance/Pixel8r/Pixel8r_2.01.sbsar
Pixel8r_2.5,.sbsar,Generators/Utility,no,no,_substance/Pixel8r,_substance/Pixel8r/Pixel8r_2.5.sbsar
Pixel8r_2.72,.sbsar,Generators/Utility,no,no,_substance/Pixel8r,_substance/Pixel8r/Pixel8r_2.72.sbsar
Red_Rock,.sbs,Rock/Stone/Cliff,no,yes,_substance/Red_Rock_zipped,_substance/Red_Rock_zipped/Red_Rock.sbs
Red_Rock,.sbsar,Rock/Stone/Cliff,no,yes,_substance/Red_Rock_zipped,_substance/Red_Rock_zipped/Red_Rock.sbsar
rockheight,.sbs,Rock/Stone/Cliff,no,yes,_substance/rockheight,_substance/rockheight/rockheight.sbs
rockheight,.sbsar,Rock/Stone/Cliff,no,yes,_substance/rockheight,_substance/rockheight/rockheight.sbsar
sci-fi_rock,.sbs,Sci-fi/Tech,no,yes,_substance/(loose),_substance/sci-fi_rock.sbs
Curvature_Adv_Example,.sbs,Generators/Utility,no,yes,_substance/SDNodes_Vol1_Files,_substance/SDNodes_Vol1_Files/Files/Example_SBS/Curvature_Adv_Example.sbs
Direction_Mask_Example,.sbs,Generators/Utility,no,yes,_substance/SDNodes_Vol1_Files,_substance/SDNodes_Vol1_Files/Files/Example_SBS/Direction_Mask_Example.sbs
Height_Level_Mask_Example,.sbs,Generators/Utility,no,yes,_substance/SDNodes_Vol1_Files,_substance/SDNodes_Vol1_Files/Files/Example_SBS/Height_Level_Mask_Example.sbs
Wetness_mask_Example,.sbs,Generators/Utility,no,yes,_substance/SDNodes_Vol1_Files,_substance/SDNodes_Vol1_Files/Files/Example_SBS/Wetness_mask_Example.sbs
JRO_Curvature Adv,.sbs,Generators/Utility,no,yes,_substance/SDNodes_Vol1_Files,_substance/SDNodes_Vol1_Files/Files/Nodes/JRO_Curvature Adv.sbs
JRO_Direction_Mask,.sbs,Generators/Utility,no,yes,_substance/SDNodes_Vol1_Files,_substance/SDNodes_Vol1_Files/Files/Nodes/JRO_Direction_Mask.sbs
JRO_Height_Level_Mask,.sbs,Generators/Utility,no,yes,_substance/SDNodes_Vol1_Files,_substance/SDNodes_Vol1_Files/Files/Nodes/JRO_Height_Level_Mask.sbs
JRO_Multi_blend,.sbs,Generators/Utility,no,yes,_substance/SDNodes_Vol1_Files,_substance/SDNodes_Vol1_Files/Files/Nodes/JRO_Multi_blend.sbs
JRO_Wetness_mask,.sbs,Generators/Utility,no,yes,_substance/SDNodes_Vol1_Files,_substance/SDNodes_Vol1_Files/Files/Nodes/JRO_Wetness_mask.sbs
Shields,.sbs,Sci-fi/Tech,no,yes,_substance/(loose),_substance/Shields.sbs
steel_galvanized,.sbs,Metal,no,yes,_substance/(loose),_substance/steel_galvanized.sbs
stone_carver_01,.sbs,Rock/Stone/Cliff,no,yes,_substance/(loose),_substance/stone_carver_01.sbs
stone_carver_01,.sbs,Rock/Stone/Cliff,no,yes,_substance/stone_carver_01 [autosave copy],_substance/stone_carver_01/.autosave/stone_carver_01.sbs
stone_carver_01_0,.sbs,Rock/Stone/Cliff,no,yes,_substance/stone_carver_01 [autosave copy],_substance/stone_carver_01/.autosave/stone_carver_01_0.sbs
nondirectional_warp,.sbs,Generators/Utility,no,yes,_substance/stone_carver_01 [autosave copy; dependency],_substance/stone_carver_01/dependencies/.autosave/nondirectional_warp.sbs
nondirectional_warp_0,.sbs,Generators/Utility,no,yes,_substance/stone_carver_01 [autosave copy; dependency],_substance/stone_carver_01/dependencies/.autosave/nondirectional_warp_0.sbs
Filter_DilationOrErosion,.sbsar,Generators/Utility,no,no,_substance/stone_carver_01 [dependency],_substance/stone_carver_01/dependencies/Filter_DilationOrErosion.sbsar
nondirectional_warp,.sbs,Generators/Utility,no,yes,_substance/stone_carver_01 [dependency],_substance/stone_carver_01/dependencies/nondirectional_warp.sbs
stone_carver_01,.sbs,Rock/Stone/Cliff,no,yes,_substance/stone_carver_01,_substance/stone_carver_01/stone_carver_01.sbs
DeteBaseSetup,.sbs,Generators/Utility,no,yes,_substance/Substance Project Files,_substance/Substance Project Files/DeteBaseSetup.sbs
DeteDirectionalWarp,.sbsar,Generators/Utility,no,no,_substance/Substance Project Files,_substance/Substance Project Files/DeteDirectionalWarp.sbsar
DeteLowPassing,.sbsar,Generators/Utility,no,no,_substance/Substance Project Files,_substance/Substance Project Files/DeteLowPassing.sbsar
_PreviewLibrary_lite,.sbs,Generators/Utility,no,yes,_substance/Substance2017LibraryLite,_substance/Substance2017LibraryLite/Substance2017LibraryLite/_PreviewLibrary_lite.sbs
AddToGround,.sbs,Ground/Soil/Sand/Gravel,no,yes,_substance/Substance2017LibraryLite,_substance/Substance2017LibraryLite/Substance2017LibraryLite/AddToGround.sbs
edge_detect_v002,.sbs,Generators/Utility,no,yes,_substance/Substance2017LibraryLite,_substance/Substance2017LibraryLite/Substance2017LibraryLite/edge_detect_v002.sbs
EdgeVariation,.sbs,Generators/Utility,no,yes,_substance/Substance2017LibraryLite,_substance/Substance2017LibraryLite/Substance2017LibraryLite/EdgeVariation.sbs
FloodFills,.sbs,Generators/Utility,no,yes,_substance/Substance2017LibraryLite,_substance/Substance2017LibraryLite/Substance2017LibraryLite/FloodFills.sbs
PushEdges,.sbs,Generators/Utility,no,yes,_substance/Substance2017LibraryLite,_substance/Substance2017LibraryLite/Substance2017LibraryLite/PushEdges.sbs
Rocks,.sbs,Rock/Stone/Cliff,no,yes,_substance/Substance2017LibraryLite,_substance/Substance2017LibraryLite/Substance2017LibraryLite/Rocks.sbs
ShiftRocks,.sbs,Rock/Stone/Cliff,no,yes,_substance/Substance2017LibraryLite,_substance/Substance2017LibraryLite/Substance2017LibraryLite/ShiftRocks.sbs
SimpleOutputs,.sbs,Generators/Utility,no,yes,_substance/Substance2017LibraryLite,_substance/Substance2017LibraryLite/Substance2017LibraryLite/SimpleOutputs.sbs
SubstanceDesignerWorkshop-TylerOliver,.sbs,Other,no,yes,_substance/(loose),_substance/SubstanceDesignerWorkshop-TylerOliver.sbs
T_baseSetup,.sbs,Generators/Utility,no,yes,_substance/(loose),_substance/T_baseSetup.sbs
Texel_checker,.sbsar,Generators/Utility,no,no,_substance/(loose),_substance/Texel_checker.sbsar
stone_carver_01,.sbs,Rock/Stone/Cliff,no,yes,_substance/textures-sbsar [autosave copy],_substance/textures-sbsar/stone_carver_01/.autosave/stone_carver_01.sbs
stone_carver_01_0,.sbs,Rock/Stone/Cliff,no,yes,_substance/textures-sbsar [autosave copy],_substance/textures-sbsar/stone_carver_01/.autosave/stone_carver_01_0.sbs
stone_carver_01_1,.sbs,Rock/Stone/Cliff,no,yes,_substance/textures-sbsar [autosave copy],_substance/textures-sbsar/stone_carver_01/.autosave/stone_carver_01_1.sbs
stone_carver_01_2,.sbs,Rock/Stone/Cliff,no,yes,_substance/textures-sbsar [autosave copy],_substance/textures-sbsar/stone_carver_01/.autosave/stone_carver_01_2.sbs
nondirectional_warp,.sbs,Generators/Utility,no,yes,_substance/textures-sbsar [autosave copy; dependency],_substance/textures-sbsar/stone_carver_01/dependencies/.autosave/nondirectional_warp.sbs
nondirectional_warp_0,.sbs,Generators/Utility,no,yes,_substance/textures-sbsar [autosave copy; dependency],_substance/textures-sbsar/stone_carver_01/dependencies/.autosave/nondirectional_warp_0.sbs
nondirectional_warp_1,.sbs,Generators/Utility,no,yes,_substance/textures-sbsar [autosave copy; dependency],_substance/textures-sbsar/stone_carver_01/dependencies/.autosave/nondirectional_warp_1.sbs
nondirectional_warp_2,.sbs,Generators/Utility,no,yes,_substance/textures-sbsar [autosave copy; dependency],_substance/textures-sbsar/stone_carver_01/dependencies/.autosave/nondirectional_warp_2.sbs
Filter_DilationOrErosion,.sbsar,Generators/Utility,no,no,_substance/textures-sbsar [dependency],_substance/textures-sbsar/stone_carver_01/dependencies/Filter_DilationOrErosion.sbsar
nondirectional_warp,.sbs,Generators/Utility,no,yes,_substance/textures-sbsar [dependency],_substance/textures-sbsar/stone_carver_01/dependencies/nondirectional_warp.sbs
stone_carver_01,.sbs,Rock/Stone/Cliff,no,yes,_substance/textures-sbsar,_substance/textures-sbsar/stone_carver_01/stone_carver_01.sbs
vfx_patterns_01,.sbs,Generators/Utility,no,yes,_substance/vfx_patterns_01,_substance/vfx_patterns_01/vfx_patterns_01.sbs
WaterColorEffect,.sbsar,Generators/Utility,no,no,_substance/(loose),_substance/WaterColorEffect.sbsar
SMM_Emissive_Helper,.sbsar,Generators/Utility,no,no,_Substance_Documents_/shelf/materials [.alg_meta copy],_Substance_Documents_/shelf/materials/.alg_meta/SMM_Emissive_Helper.sbsar
SMM_SoMuchDota,.sbsar,Generators/Utility,no,no,_Substance_Documents_/shelf/materials [.alg_meta copy],_Substance_Documents_/shelf/materials/.alg_meta/SMM_SoMuchDota.sbsar
SMM_SoMuchMaterials,.sbsar,Generators/Utility,no,no,_Substance_Documents_/shelf/materials [.alg_meta copy],_Substance_Documents_/shelf/materials/.alg_meta/SMM_SoMuchMaterials.sbsar
SMM_SoMuchOverlays,.sbsar,Generators/Utility,no,no,_Substance_Documents_/shelf/materials [.alg_meta copy],_Substance_Documents_/shelf/materials/.alg_meta/SMM_SoMuchOverlays.sbsar
SMM_SoMuchRoughness,.sbsar,Generators/Utility,no,no,_Substance_Documents_/shelf/materials [.alg_meta copy],_Substance_Documents_/shelf/materials/.alg_meta/SMM_SoMuchRoughness.sbsar
SMM_SoMuchSpecular,.sbsar,Generators/Utility,no,no,_Substance_Documents_/shelf/materials [.alg_meta copy],_Substance_Documents_/shelf/materials/.alg_meta/SMM_SoMuchSpecular.sbsar
SMM_SoMuchWarframe,.sbsar,Generators/Utility,no,no,_Substance_Documents_/shelf/materials [.alg_meta copy],_Substance_Documents_/shelf/materials/.alg_meta/SMM_SoMuchWarframe.sbsar
SMM_WF_Helper,.sbsar,Generators/Utility,no,no,_Substance_Documents_/shelf/materials [.alg_meta copy],_Substance_Documents_/shelf/materials/.alg_meta/SMM_WF_Helper.sbsar
SMM_Emissive_Helper,.sbsar,Generators/Utility,no,no,_Substance_Documents_/shelf/materials,_Substance_Documents_/shelf/materials/SMM_Emissive_Helper.sbsar
SMM_SoMuchDota,.sbsar,Generators/Utility,no,no,_Substance_Documents_/shelf/materials,_Substance_Documents_/shelf/materials/SMM_SoMuchDota.sbsar
SMM_SoMuchMaterials,.sbsar,Generators/Utility,no,no,_Substance_Documents_/shelf/materials,_Substance_Documents_/shelf/materials/SMM_SoMuchMaterials.sbsar
SMM_SoMuchOverlays,.sbsar,Generators/Utility,no,no,_Substance_Documents_/shelf/materials,_Substance_Documents_/shelf/materials/SMM_SoMuchOverlays.sbsar
SMM_SoMuchRoughness,.sbsar,Generators/Utility,no,no,_Substance_Documents_/shelf/materials,_Substance_Documents_/shelf/materials/SMM_SoMuchRoughness.sbsar
SMM_SoMuchSpecular,.sbsar,Generators/Utility,no,no,_Substance_Documents_/shelf/materials,_Substance_Documents_/shelf/materials/SMM_SoMuchSpecular.sbsar
SMM_SoMuchWarframe,.sbsar,Generators/Utility,no,no,_Substance_Documents_/shelf/materials,_Substance_Documents_/shelf/materials/SMM_SoMuchWarframe.sbsar
SMM_WF_Helper,.sbsar,Generators/Utility,no,no,_Substance_Documents_/shelf/materials,_Substance_Documents_/shelf/materials/SMM_WF_Helper.sbsar
Examples,.sbs,Other,no,yes,Gumroad Environment Art Mastery,Gumroad - Environment Art Mastery by Thiago Kafke (Standard Edition)/Extra Files/Extras/Demos/Textures/Examples.sbs
Trim_Example_01,.sbs,Other,no,yes,Gumroad Environment Art Mastery,Gumroad - Environment Art Mastery by Thiago Kafke (Standard Edition)/Extra Files/Extras/Demos/Textures/Trim_Example_01.sbs
TK_PBR_Templates,.sbs,Generators/Utility,no,yes,Gumroad Environment Art Mastery,Gumroad - Environment Art Mastery by Thiago Kafke (Standard Edition)/Extra Files/TK_Tools - Substance_Templates/Substance_Templates/TK_PBR_Templates.sbs
TK_PBR_Templates_Code,.sbs,Generators/Utility,no,yes,Gumroad Environment Art Mastery,Gumroad - Environment Art Mastery by Thiago Kafke (Standard Edition)/Extra Files/TK_Tools - Substance_Templates/Substance_Templates/TK_PBR_Templates_Code.sbs
abalone_and_knive_outside_shells,.sbsar,Organic/Nature,no,no,Substance Source,Substance Source/abalone_and_knive_outside_shells.sbsar
abandoned_factory_tiled_floor_02,.sbsar,Pavement/Tiles/Floor,no,no,Substance Source,Substance Source/abandoned_factory_tiled_floor_02.sbsar
aluminium_close_cell_foam,.sbsar,Ice/Snow/Water,no,no,Substance Source,Substance Source/aluminium_close_cell_foam.sbsar
american_walnut_crown_cut,.sbsar,Wood,no,no,Substance Source,Substance Source/american_walnut_crown_cut.sbsar
ancient_earth_enamel,.sbsar,Ground/Soil/Sand/Gravel,no,no,Substance Source,Substance Source/ancient_earth_enamel.sbsar
ancient_fantasy_world_map,.sbsar,Other,no,no,Substance Source,Substance Source/ancient_fantasy_world_map.sbsar
ancient_painted_rough_pottery,.sbsar,Other,no,no,Substance Source,Substance Source/ancient_painted_rough_pottery.sbsar
ancient_rough_pottery,.sbsar,Other,no,no,Substance Source,Substance Source/ancient_rough_pottery.sbsar
ancient_smooth_clay,.sbsar,Ground/Soil/Sand/Gravel,no,no,Substance Source,Substance Source/ancient_smooth_clay.sbsar
apricot_skin,.sbsar,Organic/Nature,no,no,Substance Source,Substance Source/apricot_skin.sbsar
arch_fingerprint_skin,.sbsar,Organic/Nature,no,no,Substance Source,Substance Source/arch_fingerprint_skin.sbsar
bamboo_wood_varnished,.sbsar,Wood,no,no,Substance Source,Substance Source/bamboo_wood_varnished.sbsar
banana_peels_02,.sbsar,Other,no,no,Substance Source,Substance Source/banana_peels_02.sbsar
battered_nickel,.sbsar,Metal,no,no,Substance Source,Substance Source/battered_nickel.sbsar
beaded_dupatta_fabric,.sbsar,Fabric/Leather,no,no,Substance Source,Substance Source/beaded_dupatta_fabric.sbsar
big_rubble_on_earth_ground,.sbsar,Rock/Stone/Cliff,no,no,Substance Source,Substance Source/big_rubble_on_earth_ground.sbsar
bleached_chiseled_rock,.sbsar,Rock/Stone/Cliff,no,no,Substance Source,Substance Source/bleached_chiseled_rock.sbsar
blistered_paint_concrete_wall,.sbsar,Concrete/Plaster,no,no,Substance Source,Substance Source/blistered_paint_concrete_wall.sbsar
blue_cheese,.sbsar,Other,no,no,Substance Source,Substance Source/blue_cheese.sbsar
bone,.sbsar,Organic/Nature,no,no,Substance Source,Substance Source/bone.sbsar
boxwood_boughs,.sbsar,Wood,no,no,Substance Source,Substance Source/boxwood_boughs.sbsar
bread_slice,.sbsar,Other,no,no,Substance Source,Substance Source/bread_slice.sbsar
broken_terracotta_tile_fragments,.sbsar,Pavement/Tiles/Floor,no,no,Substance Source,Substance Source/broken_terracotta_tile_fragments.sbsar
brushed_car_paint_metallic,.sbsar,Metal,no,no,Substance Source,Substance Source/brushed_car_paint_metallic.sbsar
brushed_oil_paint,.sbsar,Other,no,no,Substance Source,Substance Source/brushed_oil_paint.sbsar
bull_large_grain_stitched_seam,.sbsar,Fabric/Leather,no,no,Substance Source,Substance Source/bull_large_grain_stitched_seam.sbsar
burned_ripped_cardboard_pieces,.sbsar,Other,no,no,Substance Source,Substance Source/burned_ripped_cardboard_pieces.sbsar
burnt_wood,.sbsar,Wood,no,no,Substance Source,Substance Source/burnt_wood.sbsar
calfskin_leather,.sbsar,Fabric/Leather,no,no,Substance Source,Substance Source/calfskin_leather.sbsar
calfskin_leather_mariposa_emboss,.sbsar,Fabric/Leather,no,no,Substance Source,Substance Source/calfskin_leather_mariposa_emboss.sbsar
canyon_sandstone,.sbsar,Rock/Stone/Cliff,no,no,Substance Source,Substance Source/canyon_sandstone.sbsar
car_iridescent_paint,.sbsar,Other,no,no,Substance Source,Substance Source/car_iridescent_paint.sbsar
car_paint_custom_flakes,.sbsar,Other,no,no,Substance Source,Substance Source/car_paint_custom_flakes.sbsar
car_paint_matte_rough,.sbsar,Other,no,no,Substance Source,Substance Source/car_paint_matte_rough.sbsar
car_paint_metallic_matte,.sbsar,Metal,no,no,Substance Source,Substance Source/car_paint_metallic_matte.sbsar
car_paint_metallic_matte_dusty,.sbsar,Metal,no,no,Substance Source,Substance Source/car_paint_metallic_matte_dusty.sbsar
car_solid_paint,.sbsar,Other,no,no,Substance Source,Substance Source/car_solid_paint.sbsar
carbon_fiber_plain_weave,.sbsar,Sci-fi/Tech,no,no,Substance Source,Substance Source/carbon_fiber_plain_weave.sbsar
carpet_shaved,.sbsar,Fabric/Leather,no,no,Substance Source,Substance Source/carpet_shaved.sbsar
carrot_skin,.sbsar,Organic/Nature,no,no,Substance Source,Substance Source/carrot_skin.sbsar
cartagena_paint,.sbsar,Other,no,no,Substance Source,Substance Source/cartagena_paint.sbsar
carved_wood,.sbsar,Wood,no,no,Substance Source,Substance Source/carved_wood.sbsar
cast_concrete_wall_blocks,.sbsar,Concrete/Plaster,no,no,Substance Source,Substance Source/cast_concrete_wall_blocks.sbsar
cerused_pine_wood,.sbsar,Wood,no,no,Substance Source,Substance Source/cerused_pine_wood.sbsar
chamfered_concrete_building,.sbsar,Concrete/Plaster,no,no,Substance Source,Substance Source/chamfered_concrete_building.sbsar
charcoal_on_paper,.sbsar,Other,no,no,Substance Source,Substance Source/charcoal_on_paper.sbsar
chico_palm_dry_v02,.sbsar,Organic/Nature,no,no,Substance Source,Substance Source/chico_palm_dry_v02.sbsar
cigarette_butts,.sbsar,Other,no,no,Substance Source,Substance Source/cigarette_butts.sbsar
cipollino_marble,.sbsar,Rock/Stone/Cliff,no,no,Substance Source,Substance Source/cipollino_marble.sbsar
clean_asphalt_patch,.sbsar,Pavement/Tiles/Floor,no,no,Substance Source,Substance Source/clean_asphalt_patch.sbsar
cocoa_powder,.sbsar,Other,no,no,Substance Source,Substance Source/cocoa_powder.sbsar
concrete_raw_grey,.sbsar,Concrete/Plaster,no,no,Substance Source,Substance Source/concrete_raw_grey.sbsar
cooking_apples,.sbsar,Other,no,no,Substance Source,Substance Source/cooking_apples.sbsar
cotton_rich_tricotine_weave_back_side,.sbsar,Fabric/Leather,no,no,Substance Source,Substance Source/cotton_rich_tricotine_weave_back_side.sbsar
cotton_rich_tricotine_weave_front_side,.sbsar,Fabric/Leather,no,no,Substance Source,Substance Source/cotton_rich_tricotine_weave_front_side.sbsar
cotton_rich_tricotine_weave_front_side_scan,.sbsar,Fabric/Leather,no,no,Substance Source,Substance Source/cotton_rich_tricotine_weave_front_side_scan.sbsar
cotton_tricotine_weave_back_side,.sbsar,Fabric/Leather,no,no,Substance Source,Substance Source/cotton_tricotine_weave_back_side.sbsar
cotton_tricotine_weave_back_side_scan,.sbsar,Fabric/Leather,no,no,Substance Source,Substance Source/cotton_tricotine_weave_back_side_scan.sbsar
cotton_tricotine_weave_front_side,.sbsar,Fabric/Leather,no,no,Substance Source,Substance Source/cotton_tricotine_weave_front_side.sbsar
cotton_tricotine_weave_front_side_scan,.sbsar,Fabric/Leather,no,no,Substance Source,Substance Source/cotton_tricotine_weave_front_side_scan.sbsar
cotton_tricotine_weave_novelty_yarn_back_side,.sbsar,Fabric/Leather,no,no,Substance Source,Substance Source/cotton_tricotine_weave_novelty_yarn_back_side.sbsar
cotton_tricotine_weave_novelty_yarn_back_side_scan,.sbsar,Fabric/Leather,no,no,Substance Source,Substance Source/cotton_tricotine_weave_novelty_yarn_back_side_scan.sbsar
cotton_tricotine_weave_novelty_yarn_front_side,.sbsar,Fabric/Leather,no,no,Substance Source,Substance Source/cotton_tricotine_weave_novelty_yarn_front_side.sbsar
cotton_tricotine_weave_novelty_yarn_front_side_scan,.sbsar,Fabric/Leather,no,no,Substance Source,Substance Source/cotton_tricotine_weave_novelty_yarn_front_side_scan.sbsar
cotton_tricotine_weave_printed,.sbsar,Fabric/Leather,no,no,Substance Source,Substance Source/cotton_tricotine_weave_printed.sbsar
cotton_tricotine_weave_printed_scan,.sbsar,Fabric/Leather,no,no,Substance Source,Substance Source/cotton_tricotine_weave_printed_scan.sbsar
cracked_canyon_rock,.sbsar,Rock/Stone/Cliff,no,no,Substance Source,Substance Source/cracked_canyon_rock.sbsar
cracked_canyon_wall,.sbsar,Brick/Masonry/Wall,no,no,Substance Source,Substance Source/cracked_canyon_wall.sbsar
cracked_layered_cliff,.sbsar,Rock/Stone/Cliff,no,no,Substance Source,Substance Source/cracked_layered_cliff.sbsar
crackling_paint_on_plaster_wall,.sbsar,Concrete/Plaster,no,no,Substance Source,Substance Source/crackling_paint_on_plaster_wall.sbsar
cracks_on_layered_stone,.sbsar,Rock/Stone/Cliff,no,no,Substance Source,Substance Source/cracks_on_layered_stone.sbsar
cross_brushed_copper,.sbsar,Metal,no,no,Substance Source,Substance Source/cross_brushed_copper.sbsar
crumbled_rock,.sbsar,Rock/Stone/Cliff,no,no,Substance Source,Substance Source/crumbled_rock.sbsar
crumbled_rock_chips,.sbsar,Rock/Stone/Cliff,no,no,Substance Source,Substance Source/crumbled_rock_chips.sbsar
crumbly_cave_rock,.sbsar,Rock/Stone/Cliff,no,no,Substance Source,Substance Source/crumbly_cave_rock.sbsar
crushed_painted_soda_cans_02,.sbsar,Other,no,no,Substance Source,Substance Source/crushed_painted_soda_cans_02.sbsar
damaged_pedestrian_road_marking,.sbsar,Pavement/Tiles/Floor,no,no,Substance Source,Substance Source/damaged_pedestrian_road_marking.sbsar
damp_leafy_creek_bed,.sbsar,Organic/Nature,no,no,Substance Source,Substance Source/damp_leafy_creek_bed.sbsar
debris_covered_ground,.sbsar,Ground/Soil/Sand/Gravel,no,no,Substance Source,Substance Source/debris_covered_ground.sbsar
desert_cliff_eroded,.sbsar,Rock/Stone/Cliff,no,no,Substance Source,Substance Source/desert_cliff_eroded.sbsar
desert_sand_dune,.sbsar,Ground/Soil/Sand/Gravel,no,no,Substance Source,Substance Source/desert_sand_dune.sbsar
desert_sandstone_dark,.sbsar,Rock/Stone/Cliff,no,no,Substance Source,Substance Source/desert_sandstone_dark.sbsar
desert_sandy_bedrock,.sbsar,Rock/Stone/Cliff,no,no,Substance Source,Substance Source/desert_sandy_bedrock.sbsar
diluted_ink,.sbsar,Other,no,no,Substance Source,Substance Source/diluted_ink.sbsar
dirt_on_canyon_mud,.sbsar,Rock/Stone/Cliff,no,no,Substance Source,Substance Source/dirt_on_canyon_mud.sbsar
dirty_chipboard_fragments,.sbsar,Other,no,no,Substance Source,Substance Source/dirty_chipboard_fragments.sbsar
dirty_concrete_block_facade,.sbsar,Concrete/Plaster,no,no,Substance Source,Substance Source/dirty_concrete_block_facade.sbsar
dirty_corroded_rock,.sbsar,Rock/Stone/Cliff,no,no,Substance Source,Substance Source/dirty_corroded_rock.sbsar
dirty_terracotta_brick_wall,.sbsar,Brick/Masonry/Wall,no,no,Substance Source,Substance Source/dirty_terracotta_brick_wall.sbsar
dirty_wood_sticks,.sbsar,Wood,no,no,Substance Source,Substance Source/dirty_wood_sticks.sbsar
diving_helmet,.sbsar,Other,no,no,Substance Source,Substance Source/diving_helmet.sbsar
dry_brushed_ink,.sbsar,Other,no,no,Substance Source,Substance Source/dry_brushed_ink.sbsar
dry_laurel_leaves,.sbsar,Organic/Nature,no,no,Substance Source,Substance Source/dry_laurel_leaves.sbsar
dry_marker_strokes,.sbsar,Other,no,no,Substance Source,Substance Source/dry_marker_strokes.sbsar
earthy_cave_rock_formation,.sbsar,Rock/Stone/Cliff,no,no,Substance Source,Substance Source/earthy_cave_rock_formation.sbsar
elands_sourfig_leaves_02,.sbsar,Organic/Nature,no,no,Substance Source,Substance Source/elands_sourfig_leaves_02.sbsar
encroached_gravely_rock,.sbsar,Rock/Stone/Cliff,no,no,Substance Source,Substance Source/encroached_gravely_rock.sbsar
english_brick_curved_facade_03,.sbsar,Brick/Masonry/Wall,no,no,Substance Source,Substance Source/english_brick_curved_facade_03.sbsar
english_style_painted_arch_window_facade_02,.sbsar,Brick/Masonry/Wall,no,no,Substance Source,Substance Source/english_style_painted_arch_window_facade_02.sbsar
engraved_ancient_smooth_clay,.sbsar,Ground/Soil/Sand/Gravel,no,no,Substance Source,Substance Source/engraved_ancient_smooth_clay.sbsar
eroded_brick_fragments,.sbsar,Brick/Masonry/Wall,no,no,Substance Source,Substance Source/eroded_brick_fragments.sbsar
eroded_canyon_stone,.sbsar,Rock/Stone/Cliff,no,no,Substance Source,Substance Source/eroded_canyon_stone.sbsar
eroded_canyon_wall,.sbsar,Brick/Masonry/Wall,no,no,Substance Source,Substance Source/eroded_canyon_wall.sbsar
eroded_cobblestone_pathway,.sbsar,Pavement/Tiles/Floor,no,no,Substance Source,Substance Source/eroded_cobblestone_pathway.sbsar
eroded_earth_soil,.sbsar,Ground/Soil/Sand/Gravel,no,no,Substance Source,Substance Source/eroded_earth_soil.sbsar
exposed_mortar_tiles,.sbsar,Brick/Masonry/Wall,no,no,Substance Source,Substance Source/exposed_mortar_tiles.sbsar
exposed_stone_on_desert_ground,.sbsar,Rock/Stone/Cliff,no,no,Substance Source,Substance Source/exposed_stone_on_desert_ground.sbsar
fabric_jeans,.sbsar,Fabric/Leather,no,no,Substance Source,Substance Source/fabric_jeans.sbsar
female_40yo_cheek_skin_1,.sbsar,Organic/Nature,no,no,Substance Source,Substance Source/female_40yo_cheek_skin_1.sbsar
female_40yo_cheek_skin_2,.sbsar,Organic/Nature,no,no,Substance Source,Substance Source/female_40yo_cheek_skin_2.sbsar
female_40yo_cheek_skin_3,.sbsar,Organic/Nature,no,no,Substance Source,Substance Source/female_40yo_cheek_skin_3.sbsar
female_40yo_chin_skin_1,.sbsar,Organic/Nature,no,no,Substance Source,Substance Source/female_40yo_chin_skin_1.sbsar
female_40yo_chin_skin_2,.sbsar,Organic/Nature,no,no,Substance Source,Substance Source/female_40yo_chin_skin_2.sbsar
female_60yo_cheek_skin_1,.sbsar,Organic/Nature,no,no,Substance Source,Substance Source/female_60yo_cheek_skin_1.sbsar
female_60yo_cheek_skin_2,.sbsar,Organic/Nature,no,no,Substance Source,Substance Source/female_60yo_cheek_skin_2.sbsar
female_60yo_cheek_skin_3,.sbsar,Organic/Nature,no,no,Substance Source,Substance Source/female_60yo_cheek_skin_3.sbsar
female_60yo_cheek_skin_4,.sbsar,Organic/Nature,no,no,Substance Source,Substance Source/female_60yo_cheek_skin_4.sbsar
female_60yo_forehead_skin_1,.sbsar,Organic/Nature,no,no,Substance Source,Substance Source/female_60yo_forehead_skin_1.sbsar
female_60yo_forehead_skin_2,.sbsar,Organic/Nature,no,no,Substance Source,Substance Source/female_60yo_forehead_skin_2.sbsar
female_60yo_forehead_skin_3,.sbsar,Organic/Nature,no,no,Substance Source,Substance Source/female_60yo_forehead_skin_3.sbsar
female_back_skin_1,.sbsar,Organic/Nature,no,no,Substance Source,Substance Source/female_back_skin_1.sbsar
female_elbow_skin_1,.sbsar,Organic/Nature,no,no,Substance Source,Substance Source/female_elbow_skin_1.sbsar
female_elbow_skin_2,.sbsar,Organic/Nature,no,no,Substance Source,Substance Source/female_elbow_skin_2.sbsar
female_elbow_skin_3,.sbsar,Organic/Nature,no,no,Substance Source,Substance Source/female_elbow_skin_3.sbsar
female_elbow_skin_4,.sbsar,Organic/Nature,no,no,Substance Source,Substance Source/female_elbow_skin_4.sbsar
female_fullarm_skin_1,.sbsar,Organic/Nature,no,no,Substance Source,Substance Source/female_fullarm_skin_1.sbsar
female_fullarm_skin_2,.sbsar,Organic/Nature,no,no,Substance Source,Substance Source/female_fullarm_skin_2.sbsar
female_fullarm_skin_3,.sbsar,Organic/Nature,no,no,Substance Source,Substance Source/female_fullarm_skin_3.sbsar
female_fullarm_skin_4,.sbsar,Organic/Nature,no,no,Substance Source,Substance Source/female_fullarm_skin_4.sbsar
female_fullarm_skin_5,.sbsar,Organic/Nature,no,no,Substance Source,Substance Source/female_fullarm_skin_5.sbsar
female_fullarm_skin_6,.sbsar,Organic/Nature,no,no,Substance Source,Substance Source/female_fullarm_skin_6.sbsar
female_leg_skin_1,.sbsar,Organic/Nature,no,no,Substance Source,Substance Source/female_leg_skin_1.sbsar
female_leg_skin_2,.sbsar,Organic/Nature,no,no,Substance Source,Substance Source/female_leg_skin_2.sbsar
female_leg_skin_3,.sbsar,Organic/Nature,no,no,Substance Source,Substance Source/female_leg_skin_3.sbsar
female_leg_skin_4,.sbsar,Organic/Nature,no,no,Substance Source,Substance Source/female_leg_skin_4.sbsar
female_leg_skin_5,.sbsar,Organic/Nature,no,no,Substance Source,Substance Source/female_leg_skin_5.sbsar
female_shoulder_skin_1,.sbsar,Organic/Nature,no,no,Substance Source,Substance Source/female_shoulder_skin_1.sbsar
fir_tree_boughs,.sbsar,Wood,no,no,Substance Source,Substance Source/fir_tree_boughs.sbsar
fish_bait_ball,.sbsar,Organic/Nature,no,no,Substance Source,Substance Source/fish_bait_ball.sbsar
fish_scales,.sbsar,Organic/Nature,no,no,Substance Source,Substance Source/fish_scales.sbsar
flat_embroidery,.sbsar,Fabric/Leather,no,no,Substance Source,Substance Source/flat_embroidery.sbsar
flecked_herringbone_serge,.sbsar,Fabric/Leather,no,no,Substance Source,Substance Source/flecked_herringbone_serge.sbsar
floral_lace_fabric,.sbsar,Fabric/Leather,no,no,Substance Source,Substance Source/floral_lace_fabric.sbsar
floral_style_embroidery_jacquard,.sbsar,Fabric/Leather,no,no,Substance Source,Substance Source/floral_style_embroidery_jacquard.sbsar
french_croissant,.sbsar,Other,no,no,Substance Source,Substance Source/french_croissant.sbsar
fresco_floral_ancient_earth_enamel,.sbsar,Ground/Soil/Sand/Gravel,no,no,Substance Source,Substance Source/fresco_floral_ancient_earth_enamel.sbsar
fresco_straight_ancient_cracked_mudbrick_wall,.sbsar,Brick/Masonry/Wall,no,no,Substance Source,Substance Source/fresco_straight_ancient_cracked_mudbrick_wall.sbsar
fresco_wavy_ancient_earth_enamel,.sbsar,Ground/Soil/Sand/Gravel,no,no,Substance Source,Substance Source/fresco_wavy_ancient_earth_enamel.sbsar
frog_skin,.sbsar,Organic/Nature,no,no,Substance Source,Substance Source/frog_skin.sbsar
granite_grey_blue,.sbsar,Rock/Stone/Cliff,no,no,Substance Source,Substance Source/granite_grey_blue.sbsar
grassy_gravel_canyon_soil,.sbsar,Rock/Stone/Cliff,no,no,Substance Source,Substance Source/grassy_gravel_canyon_soil.sbsar
grassy_parking_lot_concrete_paving_blocks,.sbsar,Concrete/Plaster,no,no,Substance Source,Substance Source/grassy_parking_lot_concrete_paving_blocks.sbsar
greco_scritto_marble,.sbsar,Rock/Stone/Cliff,no,no,Substance Source,Substance Source/greco_scritto_marble.sbsar
handmade_rice_paper,.sbsar,Other,no,no,Substance Source,Substance Source/handmade_rice_paper.sbsar
hay_tarp,.sbsar,Organic/Nature,no,no,Substance Source,Substance Source/hay_tarp.sbsar
heavy_cracked_concrete_sidewalk_01,.sbsar,Concrete/Plaster,no,no,Substance Source,Substance Source/heavy_cracked_concrete_sidewalk_01.sbsar
heavy_golden_dawn_clean,.sbsar,Other,no,no,Substance Source,Substance Source/heavy_golden_dawn_clean.sbsar
holly_leaves_front,.sbsar,Organic/Nature,no,no,Substance Source,Substance Source/holly_leaves_front.sbsar
horse_chestnut_leaves_front_side,.sbsar,Organic/Nature,no,no,Substance Source,Substance Source/horse_chestnut_leaves_front_side.sbsar
indian_paper_macro,.sbsar,Other,no,no,Substance Source,Substance Source/indian_paper_macro.sbsar
ink_dripping_dilution,.sbsar,Other,no,no,Substance Source,Substance Source/ink_dripping_dilution.sbsar
ink_flame_dilution,.sbsar,Other,no,no,Substance Source,Substance Source/ink_flame_dilution.sbsar
insulation_foil_gasket,.sbsar,Metal,no,no,Substance Source,Substance Source/insulation_foil_gasket.sbsar
irregular_triangle_curtain_wall_tiles,.sbsar,Fabric/Leather,no,no,Substance Source,Substance Source/irregular_triangle_curtain_wall_tiles.sbsar
ivory_beige,.sbsar,Other,no,no,Substance Source,Substance Source/ivory_beige.sbsar
japanese_embroidered_peonies_fabric,.sbsar,Fabric/Leather,no,no,Substance Source,Substance Source/japanese_embroidered_peonies_fabric.sbsar
japanese_porcelain,.sbsar,Pavement/Tiles/Floor,no,no,Substance Source,Substance Source/japanese_porcelain.sbsar
japanese_shiny_embroidered_peacock_fabric,.sbsar,Fabric/Leather,no,no,Substance Source,Substance Source/japanese_shiny_embroidered_peacock_fabric.sbsar
japanese_shiny_embroidered_trees_fabric,.sbsar,Fabric/Leather,no,no,Substance Source,Substance Source/japanese_shiny_embroidered_trees_fabric.sbsar
jersey_stitch,.sbsar,Fabric/Leather,no,no,Substance Source,Substance Source/jersey_stitch.sbsar
joshua_tree_leaves,.sbsar,Organic/Nature,no,no,Substance Source,Substance Source/joshua_tree_leaves.sbsar
lacing_stitch,.sbsar,Fabric/Leather,no,no,Substance Source,Substance Source/lacing_stitch.sbsar
large_bullet_rusty_impacts,.sbsar,Metal,no,no,Substance Source,Substance Source/large_bullet_rusty_impacts.sbsar
large_fern_frontside,.sbsar,Organic/Nature,no,no,Substance Source,Substance Source/large_fern_frontside.sbsar
large_hosta_leaf_front,.sbsar,Organic/Nature,no,no,Substance Source,Substance Source/large_hosta_leaf_front.sbsar
large_river_rocks,.sbsar,Ice/Snow/Water,no,no,Substance Source,Substance Source/large_river_rocks.sbsar
large_rust_leaks,.sbsar,Metal,no,no,Substance Source,Substance Source/large_rust_leaks.sbsar
lava_flow,.sbsar,Rock/Stone/Cliff,no,no,Substance Source,Substance Source/lava_flow.sbsar
layered_sand,.sbsar,Ground/Soil/Sand/Gravel,no,no,Substance Source,Substance Source/layered_sand.sbsar
leather_bull,.sbsar,Fabric/Leather,no,no,Substance Source,Substance Source/leather_bull.sbsar
lehenga_fabric,.sbsar,Fabric/Leather,no,no,Substance Source,Substance Source/lehenga_fabric.sbsar
lichen_covered_wood_sticks,.sbsar,Wood,no,no,Substance Source,Substance Source/lichen_covered_wood_sticks.sbsar
limestone_grit_06,.sbsar,Rock/Stone/Cliff,no,no,Substance Source,Substance Source/limestone_grit_06.sbsar
limestone_rock_canyon,.sbsar,Rock/Stone/Cliff,no,no,Substance Source,Substance Source/limestone_rock_canyon.sbsar
linden_autumn_leaves,.sbsar,Organic/Nature,no,no,Substance Source,Substance Source/linden_autumn_leaves.sbsar
linear_marker_strokes,.sbsar,Other,no,no,Substance Source,Substance Source/linear_marker_strokes.sbsar
loop_fingerprint_skin,.sbsar,Organic/Nature,no,no,Substance Source,Substance Source/loop_fingerprint_skin.sbsar
low_tide_sand_stripes,.sbsar,Ground/Soil/Sand/Gravel,no,no,Substance Source,Substance Source/low_tide_sand_stripes.sbsar
low_velocity_fresh_paint_stains,.sbsar,Other,no,no,Substance Source,Substance Source/low_velocity_fresh_paint_stains.sbsar
male_30yo_cheek_skin_1,.sbsar,Organic/Nature,no,no,Substance Source,Substance Source/male_30yo_cheek_skin_1.sbsar
male_30yo_cheek_skin_2,.sbsar,Organic/Nature,no,no,Substance Source,Substance Source/male_30yo_cheek_skin_2.sbsar
male_30yo_forehead_skin_1,.sbsar,Organic/Nature,no,no,Substance Source,Substance Source/male_30yo_forehead_skin_1.sbsar
male_30yo_forehead_skin_2,.sbsar,Organic/Nature,no,no,Substance Source,Substance Source/male_30yo_forehead_skin_2.sbsar
male_30yo_forehead_skin_3,.sbsar,Organic/Nature,no,no,Substance Source,Substance Source/male_30yo_forehead_skin_3.sbsar
male_30yo_forehead_skin_4,.sbsar,Organic/Nature,no,no,Substance Source,Substance Source/male_30yo_forehead_skin_4.sbsar
male_40yo_cheek_skin_1,.sbsar,Organic/Nature,no,no,Substance Source,Substance Source/male_40yo_cheek_skin_1.sbsar
male_40yo_cheek_skin_2,.sbsar,Organic/Nature,no,no,Substance Source,Substance Source/male_40yo_cheek_skin_2.sbsar
male_40yo_cheek_skin_3,.sbsar,Organic/Nature,no,no,Substance Source,Substance Source/male_40yo_cheek_skin_3.sbsar
male_40yo_cheek_skin_4,.sbsar,Organic/Nature,no,no,Substance Source,Substance Source/male_40yo_cheek_skin_4.sbsar
male_40yo_cheek_skin_5,.sbsar,Organic/Nature,no,no,Substance Source,Substance Source/male_40yo_cheek_skin_5.sbsar
male_40yo_cheek_skin_6,.sbsar,Organic/Nature,no,no,Substance Source,Substance Source/male_40yo_cheek_skin_6.sbsar
male_40yo_cheek_skin_7,.sbsar,Organic/Nature,no,no,Substance Source,Substance Source/male_40yo_cheek_skin_7.sbsar
male_40yo_cheek_skin_8,.sbsar,Organic/Nature,no,no,Substance Source,Substance Source/male_40yo_cheek_skin_8.sbsar
male_40yo_chin_skin_1,.sbsar,Organic/Nature,no,no,Substance Source,Substance Source/male_40yo_chin_skin_1.sbsar
male_40yo_chin_skin_2,.sbsar,Organic/Nature,no,no,Substance Source,Substance Source/male_40yo_chin_skin_2.sbsar
male_40yo_forehead_skin_1,.sbsar,Organic/Nature,no,no,Substance Source,Substance Source/male_40yo_forehead_skin_1.sbsar
male_40yo_nose_skin_1,.sbsar,Organic/Nature,no,no,Substance Source,Substance Source/male_40yo_nose_skin_1.sbsar
male_belly_skin_1,.sbsar,Organic/Nature,no,no,Substance Source,Substance Source/male_belly_skin_1.sbsar
male_belly_skin_2,.sbsar,Organic/Nature,no,no,Substance Source,Substance Source/male_belly_skin_2.sbsar
male_belly_skin_3,.sbsar,Organic/Nature,no,no,Substance Source,Substance Source/male_belly_skin_3.sbsar
male_foot_sole_skin_1,.sbsar,Organic/Nature,no,no,Substance Source,Substance Source/male_foot_sole_skin_1.sbsar
male_foot_sole_skin_2,.sbsar,Organic/Nature,no,no,Substance Source,Substance Source/male_foot_sole_skin_2.sbsar
male_foot_sole_skin_3,.sbsar,Organic/Nature,no,no,Substance Source,Substance Source/male_foot_sole_skin_3.sbsar
male_fullarm_skin_1,.sbsar,Organic/Nature,no,no,Substance Source,Substance Source/male_fullarm_skin_1.sbsar
male_fullarm_skin_2,.sbsar,Organic/Nature,no,no,Substance Source,Substance Source/male_fullarm_skin_2.sbsar
male_fullarm_skin_3,.sbsar,Organic/Nature,no,no,Substance Source,Substance Source/male_fullarm_skin_3.sbsar
male_fullarm_skin_4,.sbsar,Organic/Nature,no,no,Substance Source,Substance Source/male_fullarm_skin_4.sbsar
male_fullarm_skin_5,.sbsar,Organic/Nature,no,no,Substance Source,Substance Source/male_fullarm_skin_5.sbsar
male_fullarm_skin_6,.sbsar,Organic/Nature,no,no,Substance Source,Substance Source/male_fullarm_skin_6.sbsar
male_fullarm_skin_7,.sbsar,Organic/Nature,no,no,Substance Source,Substance Source/male_fullarm_skin_7.sbsar
male_lowerleg_skin_1,.sbsar,Organic/Nature,no,no,Substance Source,Substance Source/male_lowerleg_skin_1.sbsar
male_lowerleg_skin_2,.sbsar,Organic/Nature,no,no,Substance Source,Substance Source/male_lowerleg_skin_2.sbsar
male_lowerleg_skin_3,.sbsar,Organic/Nature,no,no,Substance Source,Substance Source/male_lowerleg_skin_3.sbsar
male_lowerleg_skin_4,.sbsar,Organic/Nature,no,no,Substance Source,Substance Source/male_lowerleg_skin_4.sbsar
male_lowerleg_skin_5,.sbsar,Organic/Nature,no,no,Substance Source,Substance Source/male_lowerleg_skin_5.sbsar
male_neck_skin_1,.sbsar,Organic/Nature,no,no,Substance Source,Substance Source/male_neck_skin_1.sbsar
male_palmhand_skin_1,.sbsar,Organic/Nature,no,no,Substance Source,Substance Source/male_palmhand_skin_1.sbsar
male_shoulder_skin_1,.sbsar,Organic/Nature,no,no,Substance Source,Substance Source/male_shoulder_skin_1.sbsar
male_shoulder_skin_2,.sbsar,Organic/Nature,no,no,Substance Source,Substance Source/male_shoulder_skin_2.sbsar
male_shoulder_skin_3,.sbsar,Organic/Nature,no,no,Substance Source,Substance Source/male_shoulder_skin_3.sbsar
male_shoulder_skin_4,.sbsar,Organic/Nature,no,no,Substance Source,Substance Source/male_shoulder_skin_4.sbsar
male_shoulder_skin_5,.sbsar,Organic/Nature,no,no,Substance Source,Substance Source/male_shoulder_skin_5.sbsar
male_shoulder_skin_6,.sbsar,Organic/Nature,no,no,Substance Source,Substance Source/male_shoulder_skin_6.sbsar
male_shoulder_skin_7,.sbsar,Organic/Nature,no,no,Substance Source,Substance Source/male_shoulder_skin_7.sbsar
male_shoulder_skin_8,.sbsar,Organic/Nature,no,no,Substance Source,Substance Source/male_shoulder_skin_8.sbsar
male_upperchest_skin_1,.sbsar,Organic/Nature,no,no,Substance Source,Substance Source/male_upperchest_skin_1.sbsar
male_upperchest_skin_2,.sbsar,Organic/Nature,no,no,Substance Source,Substance Source/male_upperchest_skin_2.sbsar
male_upperchest_skin_3,.sbsar,Organic/Nature,no,no,Substance Source,Substance Source/male_upperchest_skin_3.sbsar
male_upperchest_skin_4,.sbsar,Organic/Nature,no,no,Substance Source,Substance Source/male_upperchest_skin_4.sbsar
male_upperchest_skin_5,.sbsar,Organic/Nature,no,no,Substance Source,Substance Source/male_upperchest_skin_5.sbsar
maple_leafy_boughs,.sbsar,Wood,no,no,Substance Source,Substance Source/maple_leafy_boughs.sbsar
marble_paint,.sbsar,Rock/Stone/Cliff,no,no,Substance Source,Substance Source/marble_paint.sbsar
marbled_rocky_terrain,.sbsar,Rock/Stone/Cliff,no,no,Substance Source,Substance Source/marbled_rocky_terrain.sbsar
medium_cinderblock_fragments,.sbsar,Brick/Masonry/Wall,no,no,Substance Source,Substance Source/medium_cinderblock_fragments.sbsar
medium_rock_pebbles_10,.sbsar,Rock/Stone/Cliff,no,no,Substance Source,Substance Source/medium_rock_pebbles_10.sbsar
metal_grinded,.sbsar,Metal,no,no,Substance Source,Substance Source/metal_grinded.sbsar
metal_scratched_and_dented,.sbsar,Metal,no,no,Substance Source,Substance Source/metal_scratched_and_dented.sbsar
metallic_paint,.sbsar,Metal,no,no,Substance Source,Substance Source/metallic_paint.sbsar
micro_diamond_embroidery,.sbsar,Fabric/Leather,no,no,Substance Source,Substance Source/micro_diamond_embroidery.sbsar
milk_liquid,.sbsar,Ice/Snow/Water,no,no,Substance Source,Substance Source/milk_liquid.sbsar
mix_thick_paint,.sbsar,Other,no,no,Substance Source,Substance Source/mix_thick_paint.sbsar
mixed_bricks_rubble_floor,.sbsar,Brick/Masonry/Wall,no,no,Substance Source,Substance Source/mixed_bricks_rubble_floor.sbsar
modern_brick_facade_02,.sbsar,Brick/Masonry/Wall,no,no,Substance Source,Substance Source/modern_brick_facade_02.sbsar
moldy_wood_chunks_02,.sbsar,Wood,no,no,Substance Source,Substance Source/moldy_wood_chunks_02.sbsar
moon_orchid_petals,.sbsar,Organic/Nature,no,no,Substance Source,Substance Source/moon_orchid_petals.sbsar
morio_worms,.sbsar,Other,no,no,Substance Source,Substance Source/morio_worms.sbsar
moss_ball_vegetal_wall,.sbsar,Organic/Nature,no,no,Substance Source,Substance Source/moss_ball_vegetal_wall.sbsar
mossy_oak_bark,.sbsar,Wood,no,no,Substance Source,Substance Source/mossy_oak_bark.sbsar
mossy_roof_tiles,.sbsar,Pavement/Tiles/Floor,no,no,Substance Source,Substance Source/mossy_roof_tiles.sbsar
mossy_wood_sticks_03,.sbsar,Wood,no,no,Substance Source,Substance Source/mossy_wood_sticks_03.sbsar
mossy_wood_sticks_07,.sbsar,Wood,no,no,Substance Source,Substance Source/mossy_wood_sticks_07.sbsar
mud_wet_step_marks,.sbsar,Pavement/Tiles/Floor,no,no,Substance Source,Substance Source/mud_wet_step_marks.sbsar
nacho_chip,.sbsar,Other,no,no,Substance Source,Substance Source/nacho_chip.sbsar
natural_cross_laminated_wood_timber,.sbsar,Wood,no,no,Substance Source,Substance Source/natural_cross_laminated_wood_timber.sbsar
natural_european_ash_wood,.sbsar,Wood,no,no,Substance Source,Substance Source/natural_european_ash_wood.sbsar
oak_leaves_front_side,.sbsar,Wood,no,no,Substance Source,Substance Source/oak_leaves_front_side.sbsar
oil_paint,.sbsar,Other,no,no,Substance Source,Substance Source/oil_paint.sbsar
oil_paint_on_canvas,.sbsar,Fabric/Leather,no,no,Substance Source,Substance Source/oil_paint_on_canvas.sbsar
old_cobblestone_pavement_01,.sbsar,Pavement/Tiles/Floor,no,no,Substance Source,Substance Source/old_cobblestone_pavement_01.sbsar
old_corrugated_freight_elevator_door,.sbsar,Metal,no,no,Substance Source,Substance Source/old_corrugated_freight_elevator_door.sbsar
old_japanese_stone_pavers,.sbsar,Pavement/Tiles/Floor,no,no,Substance Source,Substance Source/old_japanese_stone_pavers.sbsar
old_walnut_bark,.sbsar,Wood,no,no,Substance Source,Substance Source/old_walnut_bark.sbsar
oleander_bouquet,.sbsar,Organic/Nature,no,no,Substance Source,Substance Source/oleander_bouquet.sbsar
ominous_obsidian,.sbsar,Rock/Stone/Cliff,no,no,Substance Source,Substance Source/ominous_obsidian.sbsar
orange_skin,.sbsar,Organic/Nature,no,no,Substance Source,Substance Source/orange_skin.sbsar
oxidized_terracotta_tiles,.sbsar,Pavement/Tiles/Floor,no,no,Substance Source,Substance Source/oxidized_terracotta_tiles.sbsar
palm_tree_bark_peeings,.sbsar,Organic/Nature,no,no,Substance Source,Substance Source/palm_tree_bark_peeings.sbsar
palm_tree_fan_leaves,.sbsar,Organic/Nature,no,no,Substance Source,Substance Source/palm_tree_fan_leaves.sbsar
paper_with_straw_inserts,.sbsar,Organic/Nature,no,no,Substance Source,Substance Source/paper_with_straw_inserts.sbsar
park_forest_floor,.sbsar,Organic/Nature,no,no,Substance Source,Substance Source/park_forest_floor.sbsar
patterned_terracotta_tiles,.sbsar,Pavement/Tiles/Floor,no,no,Substance Source,Substance Source/patterned_terracotta_tiles.sbsar
pavonazzetto_marble,.sbsar,Rock/Stone/Cliff,no,no,Substance Source,Substance Source/pavonazzetto_marble.sbsar
pebbly_river_bank,.sbsar,Ice/Snow/Water,no,no,Substance Source,Substance Source/pebbly_river_bank.sbsar
pebbly_shore,.sbsar,Ground/Soil/Sand/Gravel,no,no,Substance Source,Substance Source/pebbly_shore.sbsar
peppervine_autumn_leaves_02,.sbsar,Organic/Nature,no,no,Substance Source,Substance Source/peppervine_autumn_leaves_02.sbsar
pieces_of_broken_roof_tiles_02,.sbsar,Pavement/Tiles/Floor,no,no,Substance Source,Substance Source/pieces_of_broken_roof_tiles_02.sbsar
pine_needles,.sbsar,Wood,no,no,Substance Source,Substance Source/pine_needles.sbsar
pine_oak_autumn_leaves_03,.sbsar,Wood,no,no,Substance Source,Substance Source/pine_oak_autumn_leaves_03.sbsar
pine_wood_outdoor_panelling_01,.sbsar,Wood,no,no,Substance Source,Substance Source/pine_wood_outdoor_panelling_01.sbsar
pink_flower_petals_04,.sbsar,Organic/Nature,no,no,Substance Source,Substance Source/pink_flower_petals_04.sbsar
polyester_stretch_interlock_front,.sbsar,Fabric/Leather,no,no,Substance Source,Substance Source/polyester_stretch_interlock_front.sbsar
polystyrene_foam_chips,.sbsar,Ice/Snow/Water,no,no,Substance Source,Substance Source/polystyrene_foam_chips.sbsar
poplar_leafy_branches,.sbsar,Organic/Nature,no,no,Substance Source,Substance Source/poplar_leafy_branches.sbsar
porous_riverbed_sand,.sbsar,Ground/Soil/Sand/Gravel,no,no,Substance Source,Substance Source/porous_riverbed_sand.sbsar
prefab_vertical_window_panels,.sbsar,Other,no,no,Substance Source,Substance Source/prefab_vertical_window_panels.sbsar
puff_glitter_print,.sbsar,Other,no,no,Substance Source,Substance Source/puff_glitter_print.sbsar
pumpkin_skin,.sbsar,Organic/Nature,no,no,Substance Source,Substance Source/pumpkin_skin.sbsar
putty_root_leaves,.sbsar,Organic/Nature,no,no,Substance Source,Substance Source/putty_root_leaves.sbsar
quartz_acrylic_polymer,.sbsar,Rock/Stone/Cliff,no,no,Substance Source,Substance Source/quartz_acrylic_polymer.sbsar
raked_natural_clay,.sbsar,Ground/Soil/Sand/Gravel,no,no,Substance Source,Substance Source/raked_natural_clay.sbsar
random_brushed_titanium,.sbsar,Metal,no,no,Substance Source,Substance Source/random_brushed_titanium.sbsar
random_paint_brush,.sbsar,Other,no,no,Substance Source,Substance Source/random_paint_brush.sbsar
random_rubble_masonry_rounded_stone_wall,.sbsar,Brick/Masonry/Wall,no,no,Substance Source,Substance Source/random_rubble_masonry_rounded_stone_wall.sbsar
randomized_stone_pathway,.sbsar,Pavement/Tiles/Floor,no,no,Substance Source,Substance Source/randomized_stone_pathway.sbsar
raw_canyon_sandstone,.sbsar,Rock/Stone/Cliff,no,no,Substance Source,Substance Source/raw_canyon_sandstone.sbsar
raw_salmon_flesh,.sbsar,Organic/Nature,no,no,Substance Source,Substance Source/raw_salmon_flesh.sbsar
red_desert_soil,.sbsar,Ground/Soil/Sand/Gravel,no,no,Substance Source,Substance Source/red_desert_soil.sbsar
red_gravel,.sbsar,Ground/Soil/Sand/Gravel,no,no,Substance Source,Substance Source/red_gravel.sbsar
reptilian_alien_skin,.sbsar,Organic/Nature,no,no,Substance Source,Substance Source/reptilian_alien_skin.sbsar
ripples_on_sandstone,.sbsar,Ice/Snow/Water,no,no,Substance Source,Substance Source/ripples_on_sandstone.sbsar
river_pebbles_in_dry_mud_02,.sbsar,Ice/Snow/Water,no,no,Substance Source,Substance Source/river_pebbles_in_dry_mud_02.sbsar
rocky_dusty_ground,.sbsar,Rock/Stone/Cliff,no,no,Substance Source,Substance Source/rocky_dusty_ground.sbsar
rocky_road_surface,.sbsar,Pavement/Tiles/Floor,no,no,Substance Source,Substance Source/rocky_road_surface.sbsar
rolling_sandy_beach,.sbsar,Ground/Soil/Sand/Gravel,no,no,Substance Source,Substance Source/rolling_sandy_beach.sbsar
rose_pearl_limestone_grit,.sbsar,Rock/Stone/Cliff,no,no,Substance Source,Substance Source/rose_pearl_limestone_grit.sbsar
rough_rock_surface,.sbsar,Rock/Stone/Cliff,no,no,Substance Source,Substance Source/rough_rock_surface.sbsar
rust_brown,.sbsar,Metal,no,no,Substance Source,Substance Source/rust_brown.sbsar
rusty_hardware_debris,.sbsar,Metal,no,no,Substance Source,Substance Source/rusty_hardware_debris.sbsar
rusty_metal_burrs,.sbsar,Metal,no,no,Substance Source,Substance Source/rusty_metal_burrs.sbsar
sahara_desert_sand,.sbsar,Ground/Soil/Sand/Gravel,no,no,Substance Source,Substance Source/sahara_desert_sand.sbsar
salami,.sbsar,Other,no,no,Substance Source,Substance Source/salami.sbsar
salmon_flesh_grilled,.sbsar,Organic/Nature,no,no,Substance Source,Substance Source/salmon_flesh_grilled.sbsar
sand_small_ripples,.sbsar,Ice/Snow/Water,no,no,Substance Source,Substance Source/sand_small_ripples.sbsar
sand_smooth,.sbsar,Ground/Soil/Sand/Gravel,no,no,Substance Source,Substance Source/sand_smooth.sbsar
satin_fabric,.sbsar,Fabric/Leather,no,no,Substance Source,Substance Source/satin_fabric.sbsar
scarce_blood_leaks,.sbsar,Other,no,no,Substance Source,Substance Source/scarce_blood_leaks.sbsar
scifi_brushed_metal,.sbsar,Sci-fi/Tech,no,no,Substance Source,Substance Source/scifi_brushed_metal.sbsar
scifi_expandable_plate_panel,.sbsar,Sci-fi/Tech,no,no,Substance Source,Substance Source/scifi_expandable_plate_panel.sbsar
scifi_interlocking_slider_panels,.sbsar,Sci-fi/Tech,no,no,Substance Source,Substance Source/scifi_interlocking_slider_panels.sbsar
scifi_metal_foil_retaining_mesh,.sbsar,Sci-fi/Tech,no,no,Substance Source,Substance Source/scifi_metal_foil_retaining_mesh.sbsar
scifi_straight_floor_panel,.sbsar,Sci-fi/Tech,no,no,Substance Source,Substance Source/scifi_straight_floor_panel.sbsar
scrubland_palm_leaves,.sbsar,Organic/Nature,no,no,Substance Source,Substance Source/scrubland_palm_leaves.sbsar
sequins_reversible_graphic,.sbsar,Fabric/Leather,no,no,Substance Source,Substance Source/sequins_reversible_graphic.sbsar
shaved_hair,.sbsar,Organic/Nature,no,no,Substance Source,Substance Source/shaved_hair.sbsar
shingle_beach,.sbsar,Pavement/Tiles/Floor,no,no,Substance Source,Substance Source/shingle_beach.sbsar
short_american_fern_02,.sbsar,Organic/Nature,no,no,Substance Source,Substance Source/short_american_fern_02.sbsar
short_weed_clumps_03,.sbsar,Organic/Nature,no,no,Substance Source,Substance Source/short_weed_clumps_03.sbsar
siena_marble_herringbone_tiles,.sbsar,Pavement/Tiles/Floor,no,no,Substance Source,Substance Source/siena_marble_herringbone_tiles.sbsar
skin_birth_mark,.sbsar,Organic/Nature,no,no,Substance Source,Substance Source/skin_birth_mark.sbsar
skin_cracks,.sbsar,Organic/Nature,no,no,Substance Source,Substance Source/skin_cracks.sbsar
skin_crust,.sbsar,Organic/Nature,no,no,Substance Source,Substance Source/skin_crust.sbsar
skin_freckles,.sbsar,Organic/Nature,no,no,Substance Source,Substance Source/skin_freckles.sbsar
skin_scratches,.sbsar,Organic/Nature,no,no,Substance Source,Substance Source/skin_scratches.sbsar
skyros_marble,.sbsar,Rock/Stone/Cliff,no,no,Substance Source,Substance Source/skyros_marble.sbsar
slabs_on_desert_ground,.sbsar,Pavement/Tiles/Floor,no,no,Substance Source,Substance Source/slabs_on_desert_ground.sbsar
slick_canyon_rock,.sbsar,Rock/Stone/Cliff,no,no,Substance Source,Substance Source/slick_canyon_rock.sbsar
small_dirty_wood_chunks_01,.sbsar,Wood,no,no,Substance Source,Substance Source/small_dirty_wood_chunks_01.sbsar
small_granite_peebles,.sbsar,Rock/Stone/Cliff,no,no,Substance Source,Substance Source/small_granite_peebles.sbsar
smooth_natural_clay,.sbsar,Ground/Soil/Sand/Gravel,no,no,Substance Source,Substance Source/smooth_natural_clay.sbsar
smooth_sandy_riverbed,.sbsar,Ground/Soil/Sand/Gravel,no,no,Substance Source,Substance Source/smooth_sandy_riverbed.sbsar
smoothed_sandy_beach,.sbsar,Ground/Soil/Sand/Gravel,no,no,Substance Source,Substance Source/smoothed_sandy_beach.sbsar
soft_round_pebble_ground_01,.sbsar,Rock/Stone/Cliff,no,no,Substance Source,Substance Source/soft_round_pebble_ground_01.sbsar
space_station_cargo_rack,.sbsar,Sci-fi/Tech,no,no,Substance Source,Substance Source/space_station_cargo_rack.sbsar
spanish_trowel_stucco,.sbsar,Concrete/Plaster,no,no,Substance Source,Substance Source/spanish_trowel_stucco.sbsar
spray_paint_tag,.sbsar,Other,no,no,Substance Source,Substance Source/spray_paint_tag.sbsar
spruce_boughs,.sbsar,Wood,no,no,Substance Source,Substance Source/spruce_boughs.sbsar
square_brown_terracotta_credence,.sbsar,Pavement/Tiles/Floor,no,no,Substance Source,Substance Source/square_brown_terracotta_credence.sbsar
stained_rocky_ground,.sbsar,Rock/Stone/Cliff,no,no,Substance Source,Substance Source/stained_rocky_ground.sbsar
steel_polished,.sbsar,Metal,no,no,Substance Source,Substance Source/steel_polished.sbsar
stepped_rock,.sbsar,Rock/Stone/Cliff,no,no,Substance Source,Substance Source/stepped_rock.sbsar
stone_mixed_soil,.sbsar,Rock/Stone/Cliff,no,no,Substance Source,Substance Source/stone_mixed_soil.sbsar
stone_pavement_mossy_stylized,.sbsar,Stylized,yes,no,Substance Source,Substance Source/stone_pavement_mossy_stylized.sbsar
stones_on_canyon_mud,.sbsar,Rock/Stone/Cliff,no,no,Substance Source,Substance Source/stones_on_canyon_mud.sbsar
straight_floral_ancient_earth_enamel,.sbsar,Ground/Soil/Sand/Gravel,no,no,Substance Source,Substance Source/straight_floral_ancient_earth_enamel.sbsar
straight_square_ancient_cracked_mudbrick_wall,.sbsar,Brick/Masonry/Wall,no,no,Substance Source,Substance Source/straight_square_ancient_cracked_mudbrick_wall.sbsar
straight_square_ancient_earth_enamel,.sbsar,Ground/Soil/Sand/Gravel,no,no,Substance Source,Substance Source/straight_square_ancient_earth_enamel.sbsar
stylized_aged_gold,.sbsar,Stylized,yes,no,Substance Source,Substance Source/stylized_aged_gold.sbsar
stylized_autumnal_fallen_leaves,.sbsar,Stylized,yes,no,Substance Source,Substance Source/stylized_autumnal_fallen_leaves.sbsar
stylized_balloon_paper,.sbsar,Stylized,yes,no,Substance Source,Substance Source/stylized_balloon_paper.sbsar
stylized_barnacle_covered_rock,.sbsar,Stylized,yes,no,Substance Source,Substance Source/stylized_barnacle_covered_rock.sbsar
stylized_battered_copper,.sbsar,Stylized,yes,no,Substance Source,Substance Source/stylized_battered_copper.sbsar
stylized_battered_iron,.sbsar,Stylized,yes,no,Substance Source,Substance Source/stylized_battered_iron.sbsar
stylized_bent_double_concrete_wall,.sbsar,Stylized,yes,no,Substance Source,Substance Source/stylized_bent_double_concrete_wall.sbsar
stylized_black_ink_marble,.sbsar,Stylized,yes,no,Substance Source,Substance Source/stylized_black_ink_marble.sbsar
stylized_black_ink_marble_fluted_column,.sbsar,Stylized,yes,no,Substance Source,Substance Source/stylized_black_ink_marble_fluted_column.sbsar
stylized_black_marble,.sbsar,Stylized,yes,no,Substance Source,Substance Source/stylized_black_marble.sbsar
stylized_blocky_stone_cliff,.sbsar,Stylized,yes,no,Substance Source,Substance Source/stylized_blocky_stone_cliff.sbsar
stylized_blue_marble_fluted_column,.sbsar,Stylized,yes,no,Substance Source,Substance Source/stylized_blue_marble_fluted_column.sbsar
stylized_book_paper,.sbsar,Stylized,yes,no,Substance Source,Substance Source/stylized_book_paper.sbsar
stylized_brushed_ceramic,.sbsar,Stylized,yes,no,Substance Source,Substance Source/stylized_brushed_ceramic.sbsar
stylized_carved_crystal,.sbsar,Stylized,yes,no,Substance Source,Substance Source/stylized_carved_crystal.sbsar
stylized_cast_copper,.sbsar,Stylized,yes,no,Substance Source,Substance Source/stylized_cast_copper.sbsar
stylized_cast_gold,.sbsar,Stylized,yes,no,Substance Source,Substance Source/stylized_cast_gold.sbsar
stylized_cast_iron,.sbsar,Stylized,yes,no,Substance Source,Substance Source/stylized_cast_iron.sbsar
stylized_chinese_plaster,.sbsar,Stylized,yes,no,Substance Source,Substance Source/stylized_chinese_plaster.sbsar
stylized_clay_mold,.sbsar,Stylized,yes,no,Substance Source,Substance Source/stylized_clay_mold.sbsar
stylized_clean_copper_wall_panel,.sbsar,Stylized,yes,no,Substance Source,Substance Source/stylized_clean_copper_wall_panel.sbsar
stylized_coast_cliff_rock_overgrown,.sbsar,Stylized,yes,no,Substance Source,Substance Source/stylized_coast_cliff_rock_overgrown.sbsar
stylized_cobblestone_pavement,.sbsar,Stylized,yes,no,Substance Source,Substance Source/stylized_cobblestone_pavement.sbsar
stylized_concrete,.sbsar,Stylized,yes,no,Substance Source,Substance Source/stylized_concrete.sbsar
stylized_copper,.sbsar,Stylized,yes,no,Substance Source,Substance Source/stylized_copper.sbsar
stylized_cracked_willow,.sbsar,Stylized,yes,no,Substance Source,Substance Source/stylized_cracked_willow.sbsar
stylized_cracked_wood_planks,.sbsar,Stylized,yes,no,Substance Source,Substance Source/stylized_cracked_wood_planks.sbsar
stylized_damaged_concrete,.sbsar,Stylized,yes,no,Substance Source,Substance Source/stylized_damaged_concrete.sbsar
stylized_damaged_concrete_herringbone_pavement,.sbsar,Stylized,yes,no,Substance Source,Substance Source/stylized_damaged_concrete_herringbone_pavement.sbsar
stylized_damaged_copper,.sbsar,Stylized,yes,no,Substance Source,Substance Source/stylized_damaged_copper.sbsar
stylized_damaged_hammered_copper,.sbsar,Stylized,yes,no,Substance Source,Substance Source/stylized_damaged_hammered_copper.sbsar
stylized_damaged_terracotta,.sbsar,Stylized,yes,no,Substance Source,Substance Source/stylized_damaged_terracotta.sbsar
stylized_damaged_terracotta_stretcher_bond,.sbsar,Stylized,yes,no,Substance Source,Substance Source/stylized_damaged_terracotta_stretcher_bond.sbsar
stylized_damaged_wood_phoenix_parquet,.sbsar,Stylized,yes,no,Substance Source,Substance Source/stylized_damaged_wood_phoenix_parquet.sbsar
stylized_desert_sand_ridge,.sbsar,Stylized,yes,no,Substance Source,Substance Source/stylized_desert_sand_ridge.sbsar
stylized_diamond_stone_pavement,.sbsar,Stylized,yes,no,Substance Source,Substance Source/stylized_diamond_stone_pavement.sbsar
stylized_dirty_brick_chimney,.sbsar,Stylized,yes,no,Substance Source,Substance Source/stylized_dirty_brick_chimney.sbsar
stylized_dirty_rock,.sbsar,Stylized,yes,no,Substance Source,Substance Source/stylized_dirty_rock.sbsar
stylized_dirty_rock_with_sand,.sbsar,Stylized,yes,no,Substance Source,Substance Source/stylized_dirty_rock_with_sand.sbsar
stylized_dirty_square_stone_wall,.sbsar,Stylized,yes,no,Substance Source,Substance Source/stylized_dirty_square_stone_wall.sbsar
stylized_driftwood,.sbsar,Stylized,yes,no,Substance Source,Substance Source/stylized_driftwood.sbsar
stylized_electric_wire,.sbsar,Stylized,yes,no,Substance Source,Substance Source/stylized_electric_wire.sbsar
stylized_endshake_terracotta_roof_tiles,.sbsar,Stylized,yes,no,Substance Source,Substance Source/stylized_endshake_terracotta_roof_tiles.sbsar
stylized_eroded_concrete,.sbsar,Stylized,yes,no,Substance Source,Substance Source/stylized_eroded_concrete.sbsar
stylized_eroded_stone,.sbsar,Stylized,yes,no,Substance Source,Substance Source/stylized_eroded_stone.sbsar
stylized_fallen_pine_needles,.sbsar,Stylized,yes,no,Substance Source,Substance Source/stylized_fallen_pine_needles.sbsar
stylized_fine_sand_beach,.sbsar,Stylized,yes,no,Substance Source,Substance Source/stylized_fine_sand_beach.sbsar
stylized_fish_scale_terracotta_roof_tiles,.sbsar,Stylized,yes,no,Substance Source,Substance Source/stylized_fish_scale_terracotta_roof_tiles.sbsar
stylized_flat_terracotta_roof_tiles,.sbsar,Stylized,yes,no,Substance Source,Substance Source/stylized_flat_terracotta_roof_tiles.sbsar
stylized_galvanized_steel,.sbsar,Stylized,yes,no,Substance Source,Substance Source/stylized_galvanized_steel.sbsar
stylized_gaziana_flower,.sbsar,Stylized,yes,no,Substance Source,Substance Source/stylized_gaziana_flower.sbsar
stylized_gold,.sbsar,Stylized,yes,no,Substance Source,Substance Source/stylized_gold.sbsar
stylized_gold_coins,.sbsar,Stylized,yes,no,Substance Source,Substance Source/stylized_gold_coins.sbsar
stylized_gravel_sand_beach,.sbsar,Stylized,yes,no,Substance Source,Substance Source/stylized_gravel_sand_beach.sbsar
stylized_grinded_copper,.sbsar,Stylized,yes,no,Substance Source,Substance Source/stylized_grinded_copper.sbsar
stylized_grinded_iron,.sbsar,Stylized,yes,no,Substance Source,Substance Source/stylized_grinded_iron.sbsar
stylized_hammered_cast_iron,.sbsar,Stylized,yes,no,Substance Source,Substance Source/stylized_hammered_cast_iron.sbsar
stylized_hammered_gold,.sbsar,Stylized,yes,no,Substance Source,Substance Source/stylized_hammered_gold.sbsar
stylized_harvest_bells_flower,.sbsar,Stylized,yes,no,Substance Source,Substance Source/stylized_harvest_bells_flower.sbsar
stylized_hay_ground,.sbsar,Stylized,yes,no,Substance Source,Substance Source/stylized_hay_ground.sbsar
stylized_heavy_duty_steel_wire_cable,.sbsar,Stylized,yes,no,Substance Source,Substance Source/stylized_heavy_duty_steel_wire_cable.sbsar
stylized_ice_impact,.sbsar,Stylized,yes,no,Substance Source,Substance Source/stylized_ice_impact.sbsar
stylized_inca_temple_wall,.sbsar,Stylized,yes,no,Substance Source,Substance Source/stylized_inca_temple_wall.sbsar
stylized_iron,.sbsar,Stylized,yes,no,Substance Source,Substance Source/stylized_iron.sbsar
stylized_iron_steam_pipe,.sbsar,Stylized,yes,no,Substance Source,Substance Source/stylized_iron_steam_pipe.sbsar
stylized_island_cliff,.sbsar,Stylized,yes,no,Substance Source,Substance Source/stylized_island_cliff.sbsar
stylized_large_terrazzo,.sbsar,Stylized,yes,no,Substance Source,Substance Source/stylized_large_terrazzo.sbsar
stylized_lava_cracked,.sbsar,Stylized,yes,no,Substance Source,Substance Source/stylized_lava_cracked.sbsar
stylized_lawn_grass,.sbsar,Stylized,yes,no,Substance Source,Substance Source/stylized_lawn_grass.sbsar
stylized_layered_cliff_rock,.sbsar,Stylized,yes,no,Substance Source,Substance Source/stylized_layered_cliff_rock.sbsar
stylized_light_blue_marble,.sbsar,Stylized,yes,no,Substance Source,Substance Source/stylized_light_blue_marble.sbsar
stylized_light_blue_marble_grid_tiles,.sbsar,Stylized,yes,no,Substance Source,Substance Source/stylized_light_blue_marble_grid_tiles.sbsar
stylized_light_brown_marble,.sbsar,Stylized,yes,no,Substance Source,Substance Source/stylized_light_brown_marble.sbsar
stylized_long_field_grass,.sbsar,Stylized,yes,no,Substance Source,Substance Source/stylized_long_field_grass.sbsar
stylized_long_leaves,.sbsar,Stylized,yes,no,Substance Source,Substance Source/stylized_long_leaves.sbsar
stylized_long_tuft_of_grass,.sbsar,Stylized,yes,no,Substance Source,Substance Source/stylized_long_tuft_of_grass.sbsar
stylized_medieval_chain_armor,.sbsar,Stylized,yes,no,Substance Source,Substance Source/stylized_medieval_chain_armor.sbsar
stylized_medium_pebbles_ground,.sbsar,Stylized,yes,no,Substance Source,Substance Source/stylized_medium_pebbles_ground.sbsar
stylized_melted_metal,.sbsar,Stylized,yes,no,Substance Source,Substance Source/stylized_melted_metal.sbsar
stylized_modelling_clay,.sbsar,Stylized,yes,no,Substance Source,Substance Source/stylized_modelling_clay.sbsar
stylized_moroccan_terracotta_tiles,.sbsar,Stylized,yes,no,Substance Source,Substance Source/stylized_moroccan_terracotta_tiles.sbsar
stylized_mossy_island_cliff,.sbsar,Stylized,yes,no,Substance Source,Substance Source/stylized_mossy_island_cliff.sbsar
stylized_muddy_soil,.sbsar,Stylized,yes,no,Substance Source,Substance Source/stylized_muddy_soil.sbsar
stylized_multi_filament_metal_wire_cable,.sbsar,Stylized,yes,no,Substance Source,Substance Source/stylized_multi_filament_metal_wire_cable.sbsar
stylized_norfolk_terracotta_roof_tiles,.sbsar,Stylized,yes,no,Substance Source,Substance Source/stylized_norfolk_terracotta_roof_tiles.sbsar
stylized_ocean_spray_swept_wood,.sbsar,Stylized,yes,no,Substance Source,Substance Source/stylized_ocean_spray_swept_wood.sbsar
stylized_ocean_spray_swept_wood_planks,.sbsar,Stylized,yes,no,Substance Source,Substance Source/stylized_ocean_spray_swept_wood_planks.sbsar
stylized_old_brick_wall,.sbsar,Stylized,yes,no,Substance Source,Substance Source/stylized_old_brick_wall.sbsar
stylized_old_rusty_iron,.sbsar,Stylized,yes,no,Substance Source,Substance Source/stylized_old_rusty_iron.sbsar
stylized_old_terracotta,.sbsar,Stylized,yes,no,Substance Source,Substance Source/stylized_old_terracotta.sbsar
stylized_old_wood_planks_with_reinforced_crossed_chassis,.sbsar,Stylized,yes,no,Substance Source,Substance Source/stylized_old_wood_planks_with_reinforced_crossed_chassis.sbsar
stylized_oxidized_copper,.sbsar,Stylized,yes,no,Substance Source,Substance Source/stylized_oxidized_copper.sbsar
stylized_palm_tree_bark,.sbsar,Stylized,yes,no,Substance Source,Substance Source/stylized_palm_tree_bark.sbsar
stylized_perforated_copper_wall_panel,.sbsar,Stylized,yes,no,Substance Source,Substance Source/stylized_perforated_copper_wall_panel.sbsar
stylized_pier_wood_pillar,.sbsar,Stylized,yes,no,Substance Source,Substance Source/stylized_pier_wood_pillar.sbsar
stylized_pier_wood_planks,.sbsar,Stylized,yes,no,Substance Source,Substance Source/stylized_pier_wood_planks.sbsar
stylized_pirate_island_beach_sand,.sbsar,Stylized,yes,no,Substance Source,Substance Source/stylized_pirate_island_beach_sand.sbsar
stylized_pirate_island_cliff,.sbsar,Stylized,yes,no,Substance Source,Substance Source/stylized_pirate_island_cliff.sbsar
stylized_pirate_port_building_facade,.sbsar,Stylized,yes,no,Substance Source,Substance Source/stylized_pirate_port_building_facade.sbsar
stylized_pirate_ship_deck_planks,.sbsar,Stylized,yes,no,Substance Source,Substance Source/stylized_pirate_ship_deck_planks.sbsar
stylized_pirate_ship_sails,.sbsar,Stylized,yes,no,Substance Source,Substance Source/stylized_pirate_ship_sails.sbsar
stylized_pirate_ship_wood_trim_sheet,.sbsar,Stylized,yes,no,Substance Source,Substance Source/stylized_pirate_ship_wood_trim_sheet.sbsar
stylized_pirate_treasure,.sbsar,Stylized,yes,no,Substance Source,Substance Source/stylized_pirate_treasure.sbsar
stylized_plaster_reinforced_wall,.sbsar,Stylized,yes,no,Substance Source,Substance Source/stylized_plaster_reinforced_wall.sbsar
stylized_plaster_wall_wooden_beam,.sbsar,Stylized,yes,no,Substance Source,Substance Source/stylized_plaster_wall_wooden_beam.sbsar
stylized_random_ashlar_floor,.sbsar,Stylized,yes,no,Substance Source,Substance Source/stylized_random_ashlar_floor.sbsar
stylized_rockery_floor,.sbsar,Stylized,yes,no,Substance Source,Substance Source/stylized_rockery_floor.sbsar
stylized_rockery_ground,.sbsar,Stylized,yes,no,Substance Source,Substance Source/stylized_rockery_ground.sbsar
stylized_rocky_desert_ground,.sbsar,Stylized,yes,no,Substance Source,Substance Source/stylized_rocky_desert_ground.sbsar
stylized_rope_manila,.sbsar,Stylized,yes,no,Substance Source,Substance Source/stylized_rope_manila.sbsar
stylized_rope_spool,.sbsar,Stylized,yes,no,Substance Source,Substance Source/stylized_rope_spool.sbsar
stylized_rough_clay,.sbsar,Stylized,yes,no,Substance Source,Substance Source/stylized_rough_clay.sbsar
stylized_round_stones_in_concrete,.sbsar,Stylized,yes,no,Substance Source,Substance Source/stylized_round_stones_in_concrete.sbsar
stylized_rusted_metal_wire_cable,.sbsar,Stylized,yes,no,Substance Source,Substance Source/stylized_rusted_metal_wire_cable.sbsar
stylized_rusty_iron,.sbsar,Stylized,yes,no,Substance Source,Substance Source/stylized_rusty_iron.sbsar
stylized_sahara_dunes,.sbsar,Stylized,yes,no,Substance Source,Substance Source/stylized_sahara_dunes.sbsar
stylized_sandy_rock_shore,.sbsar,Stylized,yes,no,Substance Source,Substance Source/stylized_sandy_rock_shore.sbsar
stylized_scratched_wood_planks,.sbsar,Stylized,yes,no,Substance Source,Substance Source/stylized_scratched_wood_planks.sbsar
stylized_sea_house_stone_wall,.sbsar,Stylized,yes,no,Substance Source,Substance Source/stylized_sea_house_stone_wall.sbsar
stylized_sea_house_terracotta_roof,.sbsar,Stylized,yes,no,Substance Source,Substance Source/stylized_sea_house_terracotta_roof.sbsar
stylized_seaside_cobblestone_path,.sbsar,Stylized,yes,no,Substance Source,Substance Source/stylized_seaside_cobblestone_path.sbsar
stylized_slate_metal_wall_panel,.sbsar,Stylized,yes,no,Substance Source,Substance Source/stylized_slate_metal_wall_panel.sbsar
stylized_small_field_grass,.sbsar,Stylized,yes,no,Substance Source,Substance Source/stylized_small_field_grass.sbsar
stylized_small_leaves_shrub_plant,.sbsar,Stylized,yes,no,Substance Source,Substance Source/stylized_small_leaves_shrub_plant.sbsar
stylized_soft_gray_zebra_marble,.sbsar,Stylized,yes,no,Substance Source,Substance Source/stylized_soft_gray_zebra_marble.sbsar
stylized_spanish_plaster,.sbsar,Stylized,yes,no,Substance Source,Substance Source/stylized_spanish_plaster.sbsar
stylized_spanish_terracotta_roof_tiles,.sbsar,Stylized,yes,no,Substance Source,Substance Source/stylized_spanish_terracotta_roof_tiles.sbsar
stylized_square_concrete_tiles,.sbsar,Stylized,yes,no,Substance Source,Substance Source/stylized_square_concrete_tiles.sbsar
stylized_square_crystal_stone_pavement,.sbsar,Stylized,yes,no,Substance Source,Substance Source/stylized_square_crystal_stone_pavement.sbsar
stylized_stalactite,.sbsar,Stylized,yes,no,Substance Source,Substance Source/stylized_stalactite.sbsar
stylized_standard_paper,.sbsar,Stylized,yes,no,Substance Source,Substance Source/stylized_standard_paper.sbsar
stylized_stone_cliff_with_sand,.sbsar,Stylized,yes,no,Substance Source,Substance Source/stylized_stone_cliff_with_sand.sbsar
stylized_terracotta,.sbsar,Stylized,yes,no,Substance Source,Substance Source/stylized_terracotta.sbsar
stylized_terracotta_regular_stairs,.sbsar,Stylized,yes,no,Substance Source,Substance Source/stylized_terracotta_regular_stairs.sbsar
stylized_tortoise_shell,.sbsar,Stylized,yes,no,Substance Source,Substance Source/stylized_tortoise_shell.sbsar
stylized_tree_trunk_cross_section,.sbsar,Stylized,yes,no,Substance Source,Substance Source/stylized_tree_trunk_cross_section.sbsar
stylized_tropical_island_leaves,.sbsar,Stylized,yes,no,Substance Source,Substance Source/stylized_tropical_island_leaves.sbsar
stylized_twelve_angled_stones,.sbsar,Stylized,yes,no,Substance Source,Substance Source/stylized_twelve_angled_stones.sbsar
stylized_wavy_tuft_of_grass,.sbsar,Stylized,yes,no,Substance Source,Substance Source/stylized_wavy_tuft_of_grass.sbsar
stylized_white_marble,.sbsar,Stylized,yes,no,Substance Source,Substance Source/stylized_white_marble.sbsar
stylized_wild_grass,.sbsar,Stylized,yes,no,Substance Source,Substance Source/stylized_wild_grass.sbsar
stylized_wood_barrier,.sbsar,Stylized,yes,no,Substance Source,Substance Source/stylized_wood_barrier.sbsar
stylized_wood_beam,.sbsar,Stylized,yes,no,Substance Source,Substance Source/stylized_wood_beam.sbsar
stylized_wood_flooring,.sbsar,Stylized,yes,no,Substance Source,Substance Source/stylized_wood_flooring.sbsar
stylized_wood_planks,.sbsar,Stylized,yes,no,Substance Source,Substance Source/stylized_wood_planks.sbsar
stylized_wood_siding_panel,.sbsar,Stylized,yes,no,Substance Source,Substance Source/stylized_wood_siding_panel.sbsar
stylized_wool,.sbsar,Stylized,yes,no,Substance Source,Substance Source/stylized_wool.sbsar
stylized_woven_carpet,.sbsar,Stylized,yes,no,Substance Source,Substance Source/stylized_woven_carpet.sbsar
swamp_stream_ground,.sbsar,Ice/Snow/Water,no,no,Substance Source,Substance Source/swamp_stream_ground.sbsar
swirl_fingerprint_skin,.sbsar,Organic/Nature,no,no,Substance Source,Substance Source/swirl_fingerprint_skin.sbsar
tarovine_leaves_front_side,.sbsar,Organic/Nature,no,no,Substance Source,Substance Source/tarovine_leaves_front_side.sbsar
tea_beverage,.sbsar,Other,no,no,Substance Source,Substance Source/tea_beverage.sbsar
texas_sotol_leaves_,.sbsar,Organic/Nature,no,no,Substance Source,Substance Source/texas_sotol_leaves_.sbsar
thermal_insulation_panel,.sbsar,Other,no,no,Substance Source,Substance Source/thermal_insulation_panel.sbsar
thick_handmade_watercolor_paper,.sbsar,Other,no,no,Substance Source,Substance Source/thick_handmade_watercolor_paper.sbsar
thick_wood_sticks_03,.sbsar,Wood,no,no,Substance Source,Substance Source/thick_wood_sticks_03.sbsar
thin_deciduous_wood_sticks,.sbsar,Wood,no,no,Substance Source,Substance Source/thin_deciduous_wood_sticks.sbsar
thin_dry_bamboo_leaves,.sbsar,Wood,no,no,Substance Source,Substance Source/thin_dry_bamboo_leaves.sbsar
thin_hemp_paper_macro,.sbsar,Other,no,no,Substance Source,Substance Source/thin_hemp_paper_macro.sbsar
thorny_olive_boughs,.sbsar,Organic/Nature,no,no,Substance Source,Substance Source/thorny_olive_boughs.sbsar
toad_skin,.sbsar,Organic/Nature,no,no,Substance Source,Substance Source/toad_skin.sbsar
tooth_tartar,.sbsar,Other,no,no,Substance Source,Substance Source/tooth_tartar.sbsar
torn_cardboard_pieces_02,.sbsar,Other,no,no,Substance Source,Substance Source/torn_cardboard_pieces_02.sbsar
triple_panel_building,.sbsar,Other,no,no,Substance Source,Substance Source/triple_panel_building.sbsar
twisted_canyon_sandstone,.sbsar,Rock/Stone/Cliff,no,no,Substance Source,Substance Source/twisted_canyon_sandstone.sbsar
vegetable_tanned_leather_diamond_woven,.sbsar,Fabric/Leather,no,no,Substance Source,Substance Source/vegetable_tanned_leather_diamond_woven.sbsar
volga_blue_granite,.sbsar,Rock/Stone/Cliff,no,no,Substance Source,Substance Source/volga_blue_granite.sbsar
wagon_fine_wood_panelling,.sbsar,Wood,no,no,Substance Source,Substance Source/wagon_fine_wood_panelling.sbsar
wallpaper_hexagon_relief_pattern,.sbsar,Generators/Utility,no,no,Substance Source,Substance Source/wallpaper_hexagon_relief_pattern.sbsar
walnut_bark,.sbsar,Wood,no,no,Substance Source,Substance Source/walnut_bark.sbsar
washed_canyon_sandstone_bedrock,.sbsar,Rock/Stone/Cliff,no,no,Substance Source,Substance Source/washed_canyon_sandstone_bedrock.sbsar
watercolor_paint,.sbsar,Other,no,no,Substance Source,Substance Source/watercolor_paint.sbsar
watercolor_paper_02,.sbsar,Other,no,no,Substance Source,Substance Source/watercolor_paper_02.sbsar
waved_painted_plates,.sbsar,Other,no,no,Substance Source,Substance Source/waved_painted_plates.sbsar
wavy_ancient_cracked_mudbrick_wall,.sbsar,Brick/Masonry/Wall,no,no,Substance Source,Substance Source/wavy_ancient_cracked_mudbrick_wall.sbsar
wax_chalk_background,.sbsar,Other,no,no,Substance Source,Substance Source/wax_chalk_background.sbsar
wax_chalk_strokes,.sbsar,Other,no,no,Substance Source,Substance Source/wax_chalk_strokes.sbsar
wax_flower_print_fabric,.sbsar,Fabric/Leather,no,no,Substance Source,Substance Source/wax_flower_print_fabric.sbsar
weave_in_striped_knit,.sbsar,Fabric/Leather,no,no,Substance Source,Substance Source/weave_in_striped_knit.sbsar
wet_off_road_tire_s_tread,.sbsar,Pavement/Tiles/Floor,no,no,Substance Source,Substance Source/wet_off_road_tire_s_tread.sbsar
white_pine_boughs,.sbsar,Wood,no,no,Substance Source,Substance Source/white_pine_boughs.sbsar
windswept_wet_sand,.sbsar,Ground/Soil/Sand/Gravel,no,no,Substance Source,Substance Source/windswept_wet_sand.sbsar
wood_and_bark_chips,.sbsar,Wood,no,no,Substance Source,Substance Source/wood_and_bark_chips.sbsar
wood_cedar_white,.sbsar,Wood,no,no,Substance Source,Substance Source/wood_cedar_white.sbsar
worn_canyon_wall,.sbsar,Brick/Masonry/Wall,no,no,Substance Source,Substance Source/worn_canyon_wall.sbsar
worn_concrete_bridge_support_wall_painted_03,.sbsar,Concrete/Plaster,no,no,Substance Source,Substance Source/worn_concrete_bridge_support_wall_painted_03.sbsar
x_structure_curtain_wall_panel,.sbsar,Fabric/Leather,no,no,Substance Source,Substance Source/x_structure_curtain_wall_panel.sbsar
zombie_bloody_meat,.sbsar,Organic/Nature,no,no,Substance Source,Substance Source/zombie_bloody_meat.sbsar
zombie_skin_burnt_scars,.sbsar,Organic/Nature,no,no,Substance Source,Substance Source/zombie_skin_burnt_scars.sbsar
3dex_stylized_medieval_wall,.sbs,Stylized,yes,yes,substance-designer/(loose),substance-designer/3dex_stylized_medieval_wall.sbs
arcane_wall_tutorial,.sbs,Brick/Masonry/Wall,no,yes,substance-designer/arcane-wall-tutorial,substance-designer/arcane-wall-tutorial/arcane_wall_tutorial.sbs
Cobblestone_cjw_02,.sbs,Pavement/Tiles/Floor,no,yes,substance-designer/(loose),substance-designer/Cobblestone_cjw_02.sbs
ColorWheel,.sbs,Generators/Utility,no,yes,substance-designer/Color Wheel,substance-designer/Color Wheel/ColorWheel.sbs
Designer_Template,.sbs,Generators/Utility,no,yes,substance-designer/(loose),substance-designer/Designer_Template.sbs
DeteBaseSetup,.sbs,Generators/Utility,no,yes,substance-designer/(loose),substance-designer/DeteBaseSetup.sbs
FloodFillExample,.sbs,Generators/Utility,no,yes,substance-designer/(loose),substance-designer/FloodFillExample.sbs
GameEngine_Template,.sbs,Generators/Utility,no,yes,substance-designer/(loose),substance-designer/GameEngine_Template.sbs
grass_pattern_01,.sbs,Organic/Nature,no,yes,substance-designer/(loose),substance-designer/grass_pattern_01.sbs
anisotropic_blur,.sbs,Generators/Utility,no,yes,substance-designer/Overwatch Material Studies [autosave copy; dependency],substance-designer/Overwatch Material Studies/DesignerFiles/Overwatch Material Studies/dependencies/.autosave/anisotropic_blur.sbs
auto_levels,.sbs,Generators/Utility,no,yes,substance-designer/Overwatch Material Studies [autosave copy; dependency],substance-designer/Overwatch Material Studies/DesignerFiles/Overwatch Material Studies/dependencies/.autosave/auto_levels.sbs
bevel,.sbs,Generators/Utility,no,yes,substance-designer/Overwatch Material Studies [autosave copy; dependency],substance-designer/Overwatch Material Studies/DesignerFiles/Overwatch Material Studies/dependencies/.autosave/bevel.sbs
blend_switch,.sbs,Generators/Utility,no,yes,substance-designer/Overwatch Material Studies [autosave copy; dependency],substance-designer/Overwatch Material Studies/DesignerFiles/Overwatch Material Studies/dependencies/.autosave/blend_switch.sbs
blur_hq,.sbs,Generators/Utility,no,yes,substance-designer/Overwatch Material Studies [autosave copy; dependency],substance-designer/Overwatch Material Studies/DesignerFiles/Overwatch Material Studies/dependencies/.autosave/blur_hq.sbs
contrast_luminosity,.sbs,Generators/Utility,no,yes,substance-designer/Overwatch Material Studies [autosave copy; dependency],substance-designer/Overwatch Material Studies/DesignerFiles/Overwatch Material Studies/dependencies/.autosave/contrast_luminosity.sbs
curvature,.sbs,Generators/Utility,no,yes,substance-designer/Overwatch Material Studies [autosave copy; dependency],substance-designer/Overwatch Material Studies/DesignerFiles/Overwatch Material Studies/dependencies/.autosave/curvature.sbs
edge_detect,.sbs,Generators/Utility,no,yes,substance-designer/Overwatch Material Studies [autosave copy; dependency],substance-designer/Overwatch Material Studies/DesignerFiles/Overwatch Material Studies/dependencies/.autosave/edge_detect.sbs
flood_fill_2,.sbs,Generators/Utility,no,yes,substance-designer/Overwatch Material Studies [autosave copy; dependency],substance-designer/Overwatch Material Studies/DesignerFiles/Overwatch Material Studies/dependencies/.autosave/flood_fill_2.sbs
functions,.sbs,Generators/Utility,no,yes,substance-designer/Overwatch Material Studies [autosave copy; dependency],substance-designer/Overwatch Material Studies/DesignerFiles/Overwatch Material Studies/dependencies/.autosave/functions.sbs
Get_Slope,.sbs,Generators/Utility,no,yes,substance-designer/Overwatch Material Studies [autosave copy; dependency],substance-designer/Overwatch Material Studies/DesignerFiles/Overwatch Material Studies/dependencies/.autosave/Get_Slope.sbs
gradient_linear_1,.sbs,Generators/Utility,no,yes,substance-designer/Overwatch Material Studies [autosave copy; dependency],substance-designer/Overwatch Material Studies/DesignerFiles/Overwatch Material Studies/dependencies/.autosave/gradient_linear_1.sbs
gradient_linear_2,.sbs,Generators/Utility,no,yes,substance-designer/Overwatch Material Studies [autosave copy; dependency],substance-designer/Overwatch Material Studies/DesignerFiles/Overwatch Material Studies/dependencies/.autosave/gradient_linear_2.sbs
gradient_linear_3,.sbs,Generators/Utility,no,yes,substance-designer/Overwatch Material Studies [autosave copy; dependency],substance-designer/Overwatch Material Studies/DesignerFiles/Overwatch Material Studies/dependencies/.autosave/gradient_linear_3.sbs
hbao_2,.sbs,Generators/Utility,no,yes,substance-designer/Overwatch Material Studies [autosave copy; dependency],substance-designer/Overwatch Material Studies/DesignerFiles/Overwatch Material Studies/dependencies/.autosave/hbao_2.sbs
histogram_range,.sbs,Generators/Utility,no,yes,substance-designer/Overwatch Material Studies [autosave copy; dependency],substance-designer/Overwatch Material Studies/DesignerFiles/Overwatch Material Studies/dependencies/.autosave/histogram_range.sbs
histogram_scan,.sbs,Generators/Utility,no,yes,substance-designer/Overwatch Material Studies [autosave copy; dependency],substance-designer/Overwatch Material Studies/DesignerFiles/Overwatch Material Studies/dependencies/.autosave/histogram_scan.sbs
invert,.sbs,Generators/Utility,no,yes,substance-designer/Overwatch Material Studies [autosave copy; dependency],substance-designer/Overwatch Material Studies/DesignerFiles/Overwatch Material Studies/dependencies/.autosave/invert.sbs
noise_anisotropic_noise,.sbs,Generators/Utility,no,yes,substance-designer/Overwatch Material Studies [autosave copy; dependency],substance-designer/Overwatch Material Studies/DesignerFiles/Overwatch Material Studies/dependencies/.autosave/noise_anisotropic_noise.sbs
noise_bnw_spots_2,.sbs,Generators/Utility,no,yes,substance-designer/Overwatch Material Studies [autosave copy; dependency],substance-designer/Overwatch Material Studies/DesignerFiles/Overwatch Material Studies/dependencies/.autosave/noise_bnw_spots_2.sbs
noise_bnw_spots_3,.sbs,Generators/Utility,no,yes,substance-designer/Overwatch Material Studies [autosave copy; dependency],substance-designer/Overwatch Material Studies/DesignerFiles/Overwatch Material Studies/dependencies/.autosave/noise_bnw_spots_3.sbs
noise_cells_1,.sbs,Generators/Utility,no,yes,substance-designer/Overwatch Material Studies [autosave copy; dependency],substance-designer/Overwatch Material Studies/DesignerFiles/Overwatch Material Studies/dependencies/.autosave/noise_cells_1.sbs
noise_cells_4,.sbs,Generators/Utility,no,yes,substance-designer/Overwatch Material Studies [autosave copy; dependency],substance-designer/Overwatch Material Studies/DesignerFiles/Overwatch Material Studies/dependencies/.autosave/noise_cells_4.sbs
noise_clouds_1,.sbs,Generators/Utility,no,yes,substance-designer/Overwatch Material Studies [autosave copy; dependency],substance-designer/Overwatch Material Studies/DesignerFiles/Overwatch Material Studies/dependencies/.autosave/noise_clouds_1.sbs
noise_clouds_2,.sbs,Generators/Utility,no,yes,substance-designer/Overwatch Material Studies [autosave copy; dependency],substance-designer/Overwatch Material Studies/DesignerFiles/Overwatch Material Studies/dependencies/.autosave/noise_clouds_2.sbs
noise_clouds_3,.sbs,Generators/Utility,no,yes,substance-designer/Overwatch Material Studies [autosave copy; dependency],substance-designer/Overwatch Material Studies/DesignerFiles/Overwatch Material Studies/dependencies/.autosave/noise_clouds_3.sbs
noise_creased,.sbs,Generators/Utility,no,yes,substance-designer/Overwatch Material Studies [autosave copy; dependency],substance-designer/Overwatch Material Studies/DesignerFiles/Overwatch Material Studies/dependencies/.autosave/noise_creased.sbs
noise_crystal_1,.sbs,Generators/Utility,no,yes,substance-designer/Overwatch Material Studies [autosave copy; dependency],substance-designer/Overwatch Material Studies/DesignerFiles/Overwatch Material Studies/dependencies/.autosave/noise_crystal_1.sbs
noise_crystal_2,.sbs,Generators/Utility,no,yes,substance-designer/Overwatch Material Studies [autosave copy; dependency],substance-designer/Overwatch Material Studies/DesignerFiles/Overwatch Material Studies/dependencies/.autosave/noise_crystal_2.sbs
noise_directional_noise_1,.sbs,Generators/Utility,no,yes,substance-designer/Overwatch Material Studies [autosave copy; dependency],substance-designer/Overwatch Material Studies/DesignerFiles/Overwatch Material Studies/dependencies/.autosave/noise_directional_noise_1.sbs
noise_directional_noise_4,.sbs,Generators/Utility,no,yes,substance-designer/Overwatch Material Studies [autosave copy; dependency],substance-designer/Overwatch Material Studies/DesignerFiles/Overwatch Material Studies/dependencies/.autosave/noise_directional_noise_4.sbs
noise_dirt_1,.sbs,Generators/Utility,no,yes,substance-designer/Overwatch Material Studies [autosave copy; dependency],substance-designer/Overwatch Material Studies/DesignerFiles/Overwatch Material Studies/dependencies/.autosave/noise_dirt_1.sbs
noise_dirt_3,.sbs,Generators/Utility,no,yes,substance-designer/Overwatch Material Studies [autosave copy; dependency],substance-designer/Overwatch Material Studies/DesignerFiles/Overwatch Material Studies/dependencies/.autosave/noise_dirt_3.sbs
noise_gaussian_noise,.sbs,Generators/Utility,no,yes,substance-designer/Overwatch Material Studies [autosave copy; dependency],substance-designer/Overwatch Material Studies/DesignerFiles/Overwatch Material Studies/dependencies/.autosave/noise_gaussian_noise.sbs
noise_gaussian_spots_1,.sbs,Generators/Utility,no,yes,substance-designer/Overwatch Material Studies [autosave copy; dependency],substance-designer/Overwatch Material Studies/DesignerFiles/Overwatch Material Studies/dependencies/.autosave/noise_gaussian_spots_1.sbs
noise_grunge_map_002,.sbs,Generators/Utility,no,yes,substance-designer/Overwatch Material Studies [autosave copy; dependency],substance-designer/Overwatch Material Studies/DesignerFiles/Overwatch Material Studies/dependencies/.autosave/noise_grunge_map_002.sbs
noise_grunge_map_003,.sbs,Generators/Utility,no,yes,substance-designer/Overwatch Material Studies [autosave copy; dependency],substance-designer/Overwatch Material Studies/DesignerFiles/Overwatch Material Studies/dependencies/.autosave/noise_grunge_map_003.sbs
noise_grunge_map_005,.sbs,Generators/Utility,no,yes,substance-designer/Overwatch Material Studies [autosave copy; dependency],substance-designer/Overwatch Material Studies/DesignerFiles/Overwatch Material Studies/dependencies/.autosave/noise_grunge_map_005.sbs
noise_grunge_map_009,.sbs,Generators/Utility,no,yes,substance-designer/Overwatch Material Studies [autosave copy; dependency],substance-designer/Overwatch Material Studies/DesignerFiles/Overwatch Material Studies/dependencies/.autosave/noise_grunge_map_009.sbs
noise_grunge_map_013,.sbs,Generators/Utility,no,yes,substance-designer/Overwatch Material Studies [autosave copy; dependency],substance-designer/Overwatch Material Studies/DesignerFiles/Overwatch Material Studies/dependencies/.autosave/noise_grunge_map_013.sbs
noise_moisture_noise,.sbs,Generators/Utility,no,yes,substance-designer/Overwatch Material Studies [autosave copy; dependency],substance-designer/Overwatch Material Studies/DesignerFiles/Overwatch Material Studies/dependencies/.autosave/noise_moisture_noise.sbs
noise_perlin_noise,.sbs,Generators/Utility,no,yes,substance-designer/Overwatch Material Studies [autosave copy; dependency],substance-designer/Overwatch Material Studies/DesignerFiles/Overwatch Material Studies/dependencies/.autosave/noise_perlin_noise.sbs
non_uniform_blur,.sbs,Generators/Utility,no,yes,substance-designer/Overwatch Material Studies [autosave copy; dependency],substance-designer/Overwatch Material Studies/DesignerFiles/Overwatch Material Studies/dependencies/.autosave/non_uniform_blur.sbs
pattern_shape,.sbs,Generators/Utility,no,yes,substance-designer/Overwatch Material Studies [autosave copy; dependency],substance-designer/Overwatch Material Studies/DesignerFiles/Overwatch Material Studies/dependencies/.autosave/pattern_shape.sbs
pattern_stripes,.sbs,Generators/Utility,no,yes,substance-designer/Overwatch Material Studies [autosave copy; dependency],substance-designer/Overwatch Material Studies/DesignerFiles/Overwatch Material Studies/dependencies/.autosave/pattern_stripes.sbs
pattern_tile_generator,.sbs,Generators/Utility,no,yes,substance-designer/Overwatch Material Studies [autosave copy; dependency],substance-designer/Overwatch Material Studies/DesignerFiles/Overwatch Material Studies/dependencies/.autosave/pattern_tile_generator.sbs
pattern_tile_sampler,.sbs,Generators/Utility,no,yes,substance-designer/Overwatch Material Studies [autosave copy; dependency],substance-designer/Overwatch Material Studies/DesignerFiles/Overwatch Material Studies/dependencies/.autosave/pattern_tile_sampler.sbs
quantize,.sbs,Generators/Utility,no,yes,substance-designer/Overwatch Material Studies [autosave copy; dependency],substance-designer/Overwatch Material Studies/DesignerFiles/Overwatch Material Studies/dependencies/.autosave/quantize.sbs
rgba_merge,.sbs,Generators/Utility,no,yes,substance-designer/Overwatch Material Studies [autosave copy; dependency],substance-designer/Overwatch Material Studies/DesignerFiles/Overwatch Material Studies/dependencies/.autosave/rgba_merge.sbs
safe_transform,.sbs,Generators/Utility,no,yes,substance-designer/Overwatch Material Studies [autosave copy; dependency],substance-designer/Overwatch Material Studies/DesignerFiles/Overwatch Material Studies/dependencies/.autosave/safe_transform.sbs
shape,.sbs,Generators/Utility,no,yes,substance-designer/Overwatch Material Studies [autosave copy; dependency],substance-designer/Overwatch Material Studies/DesignerFiles/Overwatch Material Studies/dependencies/.autosave/shape.sbs
slope_blur,.sbs,Generators/Utility,no,yes,substance-designer/Overwatch Material Studies [autosave copy; dependency],substance-designer/Overwatch Material Studies/DesignerFiles/Overwatch Material Studies/dependencies/.autosave/slope_blur.sbs
triplanar,.sbs,Generators/Utility,no,yes,substance-designer/Overwatch Material Studies [autosave copy; dependency],substance-designer/Overwatch Material Studies/DesignerFiles/Overwatch Material Studies/dependencies/.autosave/triplanar.sbs
white_noise,.sbs,Generators/Utility,no,yes,substance-designer/Overwatch Material Studies [autosave copy; dependency],substance-designer/Overwatch Material Studies/DesignerFiles/Overwatch Material Studies/dependencies/.autosave/white_noise.sbs
anisotropic_blur,.sbs,Generators/Utility,no,yes,substance-designer/Overwatch Material Studies [dependency],substance-designer/Overwatch Material Studies/DesignerFiles/Overwatch Material Studies/dependencies/anisotropic_blur.sbs
auto_levels,.sbs,Generators/Utility,no,yes,substance-designer/Overwatch Material Studies [dependency],substance-designer/Overwatch Material Studies/DesignerFiles/Overwatch Material Studies/dependencies/auto_levels.sbs
bevel,.sbs,Generators/Utility,no,yes,substance-designer/Overwatch Material Studies [dependency],substance-designer/Overwatch Material Studies/DesignerFiles/Overwatch Material Studies/dependencies/bevel.sbs
blend,.sbs,Generators/Utility,no,yes,substance-designer/Overwatch Material Studies [dependency],substance-designer/Overwatch Material Studies/DesignerFiles/Overwatch Material Studies/dependencies/blend.sbs
blend_switch,.sbs,Generators/Utility,no,yes,substance-designer/Overwatch Material Studies [dependency],substance-designer/Overwatch Material Studies/DesignerFiles/Overwatch Material Studies/dependencies/blend_switch.sbs
blur_hq,.sbs,Generators/Utility,no,yes,substance-designer/Overwatch Material Studies [dependency],substance-designer/Overwatch Material Studies/DesignerFiles/Overwatch Material Studies/dependencies/blur_hq.sbs
contrast_luminosity,.sbs,Generators/Utility,no,yes,substance-designer/Overwatch Material Studies [dependency],substance-designer/Overwatch Material Studies/DesignerFiles/Overwatch Material Studies/dependencies/contrast_luminosity.sbs
curvature,.sbs,Generators/Utility,no,yes,substance-designer/Overwatch Material Studies [dependency],substance-designer/Overwatch Material Studies/DesignerFiles/Overwatch Material Studies/dependencies/curvature.sbs
DeteDirectionalWarp,.sbsar,Generators/Utility,no,no,substance-designer/Overwatch Material Studies [dependency],substance-designer/Overwatch Material Studies/DesignerFiles/Overwatch Material Studies/dependencies/DeteDirectionalWarp.sbsar
edge_detect,.sbs,Generators/Utility,no,yes,substance-designer/Overwatch Material Studies [dependency],substance-designer/Overwatch Material Studies/DesignerFiles/Overwatch Material Studies/dependencies/edge_detect.sbs
flood_fill_2,.sbs,Generators/Utility,no,yes,substance-designer/Overwatch Material Studies [dependency],substance-designer/Overwatch Material Studies/DesignerFiles/Overwatch Material Studies/dependencies/flood_fill_2.sbs
functions,.sbs,Generators/Utility,no,yes,substance-designer/Overwatch Material Studies [dependency],substance-designer/Overwatch Material Studies/DesignerFiles/Overwatch Material Studies/dependencies/functions.sbs
Get_Slope,.sbs,Generators/Utility,no,yes,substance-designer/Overwatch Material Studies [dependency],substance-designer/Overwatch Material Studies/DesignerFiles/Overwatch Material Studies/dependencies/Get_Slope.sbs
gradient_linear_1,.sbs,Generators/Utility,no,yes,substance-designer/Overwatch Material Studies [dependency],substance-designer/Overwatch Material Studies/DesignerFiles/Overwatch Material Studies/dependencies/gradient_linear_1.sbs
gradient_linear_2,.sbs,Generators/Utility,no,yes,substance-designer/Overwatch Material Studies [dependency],substance-designer/Overwatch Material Studies/DesignerFiles/Overwatch Material Studies/dependencies/gradient_linear_2.sbs
gradient_linear_3,.sbs,Generators/Utility,no,yes,substance-designer/Overwatch Material Studies [dependency],substance-designer/Overwatch Material Studies/DesignerFiles/Overwatch Material Studies/dependencies/gradient_linear_3.sbs
hbao_2,.sbs,Generators/Utility,no,yes,substance-designer/Overwatch Material Studies [dependency],substance-designer/Overwatch Material Studies/DesignerFiles/Overwatch Material Studies/dependencies/hbao_2.sbs
histogram_range,.sbs,Generators/Utility,no,yes,substance-designer/Overwatch Material Studies [dependency],substance-designer/Overwatch Material Studies/DesignerFiles/Overwatch Material Studies/dependencies/histogram_range.sbs
histogram_scan,.sbs,Generators/Utility,no,yes,substance-designer/Overwatch Material Studies [dependency],substance-designer/Overwatch Material Studies/DesignerFiles/Overwatch Material Studies/dependencies/histogram_scan.sbs
invert,.sbs,Generators/Utility,no,yes,substance-designer/Overwatch Material Studies [dependency],substance-designer/Overwatch Material Studies/DesignerFiles/Overwatch Material Studies/dependencies/invert.sbs
noise_anisotropic_noise,.sbs,Generators/Utility,no,yes,substance-designer/Overwatch Material Studies [dependency],substance-designer/Overwatch Material Studies/DesignerFiles/Overwatch Material Studies/dependencies/noise_anisotropic_noise.sbs
noise_bnw_spots_2,.sbs,Generators/Utility,no,yes,substance-designer/Overwatch Material Studies [dependency],substance-designer/Overwatch Material Studies/DesignerFiles/Overwatch Material Studies/dependencies/noise_bnw_spots_2.sbs
noise_bnw_spots_3,.sbs,Generators/Utility,no,yes,substance-designer/Overwatch Material Studies [dependency],substance-designer/Overwatch Material Studies/DesignerFiles/Overwatch Material Studies/dependencies/noise_bnw_spots_3.sbs
noise_cells_1,.sbs,Generators/Utility,no,yes,substance-designer/Overwatch Material Studies [dependency],substance-designer/Overwatch Material Studies/DesignerFiles/Overwatch Material Studies/dependencies/noise_cells_1.sbs
noise_cells_4,.sbs,Generators/Utility,no,yes,substance-designer/Overwatch Material Studies [dependency],substance-designer/Overwatch Material Studies/DesignerFiles/Overwatch Material Studies/dependencies/noise_cells_4.sbs
noise_clouds_1,.sbs,Generators/Utility,no,yes,substance-designer/Overwatch Material Studies [dependency],substance-designer/Overwatch Material Studies/DesignerFiles/Overwatch Material Studies/dependencies/noise_clouds_1.sbs
noise_clouds_2,.sbs,Generators/Utility,no,yes,substance-designer/Overwatch Material Studies [dependency],substance-designer/Overwatch Material Studies/DesignerFiles/Overwatch Material Studies/dependencies/noise_clouds_2.sbs
noise_clouds_3,.sbs,Generators/Utility,no,yes,substance-designer/Overwatch Material Studies [dependency],substance-designer/Overwatch Material Studies/DesignerFiles/Overwatch Material Studies/dependencies/noise_clouds_3.sbs
noise_creased,.sbs,Generators/Utility,no,yes,substance-designer/Overwatch Material Studies [dependency],substance-designer/Overwatch Material Studies/DesignerFiles/Overwatch Material Studies/dependencies/noise_creased.sbs
noise_crystal_1,.sbs,Generators/Utility,no,yes,substance-designer/Overwatch Material Studies [dependency],substance-designer/Overwatch Material Studies/DesignerFiles/Overwatch Material Studies/dependencies/noise_crystal_1.sbs
noise_crystal_2,.sbs,Generators/Utility,no,yes,substance-designer/Overwatch Material Studies [dependency],substance-designer/Overwatch Material Studies/DesignerFiles/Overwatch Material Studies/dependencies/noise_crystal_2.sbs
noise_directional_noise_1,.sbs,Generators/Utility,no,yes,substance-designer/Overwatch Material Studies [dependency],substance-designer/Overwatch Material Studies/DesignerFiles/Overwatch Material Studies/dependencies/noise_directional_noise_1.sbs
noise_directional_noise_4,.sbs,Generators/Utility,no,yes,substance-designer/Overwatch Material Studies [dependency],substance-designer/Overwatch Material Studies/DesignerFiles/Overwatch Material Studies/dependencies/noise_directional_noise_4.sbs
noise_dirt_1,.sbs,Generators/Utility,no,yes,substance-designer/Overwatch Material Studies [dependency],substance-designer/Overwatch Material Studies/DesignerFiles/Overwatch Material Studies/dependencies/noise_dirt_1.sbs
noise_dirt_3,.sbs,Generators/Utility,no,yes,substance-designer/Overwatch Material Studies [dependency],substance-designer/Overwatch Material Studies/DesignerFiles/Overwatch Material Studies/dependencies/noise_dirt_3.sbs
noise_fractal_sum_base,.sbs,Generators/Utility,no,yes,substance-designer/Overwatch Material Studies [dependency],substance-designer/Overwatch Material Studies/DesignerFiles/Overwatch Material Studies/dependencies/noise_fractal_sum_base.sbs
noise_gaussian_noise,.sbs,Generators/Utility,no,yes,substance-designer/Overwatch Material Studies [dependency],substance-designer/Overwatch Material Studies/DesignerFiles/Overwatch Material Studies/dependencies/noise_gaussian_noise.sbs
noise_gaussian_spots_1,.sbs,Generators/Utility,no,yes,substance-designer/Overwatch Material Studies [dependency],substance-designer/Overwatch Material Studies/DesignerFiles/Overwatch Material Studies/dependencies/noise_gaussian_spots_1.sbs
noise_grunge_map_002,.sbs,Generators/Utility,no,yes,substance-designer/Overwatch Material Studies [dependency],substance-designer/Overwatch Material Studies/DesignerFiles/Overwatch Material Studies/dependencies/noise_grunge_map_002.sbs
noise_grunge_map_003,.sbs,Generators/Utility,no,yes,substance-designer/Overwatch Material Studies [dependency],substance-designer/Overwatch Material Studies/DesignerFiles/Overwatch Material Studies/dependencies/noise_grunge_map_003.sbs
noise_grunge_map_005,.sbs,Generators/Utility,no,yes,substance-designer/Overwatch Material Studies [dependency],substance-designer/Overwatch Material Studies/DesignerFiles/Overwatch Material Studies/dependencies/noise_grunge_map_005.sbs
noise_grunge_map_009,.sbs,Generators/Utility,no,yes,substance-designer/Overwatch Material Studies [dependency],substance-designer/Overwatch Material Studies/DesignerFiles/Overwatch Material Studies/dependencies/noise_grunge_map_009.sbs
noise_grunge_map_013,.sbs,Generators/Utility,no,yes,substance-designer/Overwatch Material Studies [dependency],substance-designer/Overwatch Material Studies/DesignerFiles/Overwatch Material Studies/dependencies/noise_grunge_map_013.sbs
noise_moisture_noise,.sbs,Generators/Utility,no,yes,substance-designer/Overwatch Material Studies [dependency],substance-designer/Overwatch Material Studies/DesignerFiles/Overwatch Material Studies/dependencies/noise_moisture_noise.sbs
noise_perlin_noise,.sbs,Generators/Utility,no,yes,substance-designer/Overwatch Material Studies [dependency],substance-designer/Overwatch Material Studies/DesignerFiles/Overwatch Material Studies/dependencies/noise_perlin_noise.sbs
non_uniform_blur,.sbs,Generators/Utility,no,yes,substance-designer/Overwatch Material Studies [dependency],substance-designer/Overwatch Material Studies/DesignerFiles/Overwatch Material Studies/dependencies/non_uniform_blur.sbs
pattern_shape,.sbs,Generators/Utility,no,yes,substance-designer/Overwatch Material Studies [dependency],substance-designer/Overwatch Material Studies/DesignerFiles/Overwatch Material Studies/dependencies/pattern_shape.sbs
pattern_stripes,.sbs,Generators/Utility,no,yes,substance-designer/Overwatch Material Studies [dependency],substance-designer/Overwatch Material Studies/DesignerFiles/Overwatch Material Studies/dependencies/pattern_stripes.sbs
pattern_tile_generator,.sbs,Generators/Utility,no,yes,substance-designer/Overwatch Material Studies [dependency],substance-designer/Overwatch Material Studies/DesignerFiles/Overwatch Material Studies/dependencies/pattern_tile_generator.sbs
pattern_tile_sampler,.sbs,Generators/Utility,no,yes,substance-designer/Overwatch Material Studies [dependency],substance-designer/Overwatch Material Studies/DesignerFiles/Overwatch Material Studies/dependencies/pattern_tile_sampler.sbs
quantize,.sbs,Generators/Utility,no,yes,substance-designer/Overwatch Material Studies [dependency],substance-designer/Overwatch Material Studies/DesignerFiles/Overwatch Material Studies/dependencies/quantize.sbs
rgba_merge,.sbs,Generators/Utility,no,yes,substance-designer/Overwatch Material Studies [dependency],substance-designer/Overwatch Material Studies/DesignerFiles/Overwatch Material Studies/dependencies/rgba_merge.sbs
safe_transform,.sbs,Generators/Utility,no,yes,substance-designer/Overwatch Material Studies [dependency],substance-designer/Overwatch Material Studies/DesignerFiles/Overwatch Material Studies/dependencies/safe_transform.sbs
shape,.sbs,Generators/Utility,no,yes,substance-designer/Overwatch Material Studies [dependency],substance-designer/Overwatch Material Studies/DesignerFiles/Overwatch Material Studies/dependencies/shape.sbs
slope_blur,.sbs,Generators/Utility,no,yes,substance-designer/Overwatch Material Studies [dependency],substance-designer/Overwatch Material Studies/DesignerFiles/Overwatch Material Studies/dependencies/slope_blur.sbs
triplanar,.sbs,Generators/Utility,no,yes,substance-designer/Overwatch Material Studies [dependency],substance-designer/Overwatch Material Studies/DesignerFiles/Overwatch Material Studies/dependencies/triplanar.sbs
white_noise,.sbs,Generators/Utility,no,yes,substance-designer/Overwatch Material Studies [dependency],substance-designer/Overwatch Material Studies/DesignerFiles/Overwatch Material Studies/dependencies/white_noise.sbs
Overwatch Material Studies,.sbs,Other,no,yes,substance-designer/Overwatch Material Studies,substance-designer/Overwatch Material Studies/DesignerFiles/Overwatch Material Studies/Overwatch Material Studies.sbs
Cloudy_Marble,.sbsar,Rock/Stone/Cliff,no,no,Substance-Texture-Pack,Substance-Texture-Pack/SBSAR/Cloudy_Marble.sbsar
Earthshatter,.sbsar,Rock/Stone/Cliff,no,no,Substance-Texture-Pack,Substance-Texture-Pack/SBSAR/Earthshatter.sbsar
Fleshy_Tissue,.sbsar,Organic/Nature,no,no,Substance-Texture-Pack,Substance-Texture-Pack/SBSAR/Fleshy_Tissue.sbsar
Gold_Veined_Marble,.sbsar,Rock/Stone/Cliff,no,no,Substance-Texture-Pack,Substance-Texture-Pack/SBSAR/Gold_Veined_Marble.sbsar
Painted_Mandala,.sbsar,Other,no,no,Substance-Texture-Pack,Substance-Texture-Pack/SBSAR/Painted_Mandala.sbsar
Stylised_Rocks,.sbsar,Stylized,yes,no,Substance-Texture-Pack,Substance-Texture-Pack/SBSAR/Stylised_Rocks.sbsar
Vintage_Tiles,.sbsar,Pavement/Tiles/Floor,no,no,Substance-Texture-Pack,Substance-Texture-Pack/SBSAR/Vintage_Tiles.sbsar
boulder_stone_wall,.sbsar,Brick/Masonry/Wall,no,no,Substance_Database_2.1/Substance_Database_2.0_GameTextures_Sbsar_Part1,Substance_Database_2.1/Substance_Database_2.0_GameTextures_Sbsar_Part1/boulder_stone_wall.sbsar
brick_bath_stone,.sbsar,Brick/Masonry/Wall,no,no,Substance_Database_2.1/Substance_Database_2.0_GameTextures_Sbsar_Part1,Substance_Database_2.1/Substance_Database_2.0_GameTextures_Sbsar_Part1/brick_bath_stone.sbsar
brick_bonus_castle_wall,.sbsar,Brick/Masonry/Wall,no,no,Substance_Database_2.1/Substance_Database_2.0_GameTextures_Sbsar_Part1,Substance_Database_2.1/Substance_Database_2.0_GameTextures_Sbsar_Part1/brick_bonus_castle_wall.sbsar
brick_brown_grooved,.sbsar,Brick/Masonry/Wall,no,no,Substance_Database_2.1/Substance_Database_2.0_GameTextures_Sbsar_Part1,Substance_Database_2.1/Substance_Database_2.0_GameTextures_Sbsar_Part1/brick_brown_grooved.sbsar
brick_capital_brick,.sbsar,Brick/Masonry/Wall,no,no,Substance_Database_2.1/Substance_Database_2.0_GameTextures_Sbsar_Part1,Substance_Database_2.1/Substance_Database_2.0_GameTextures_Sbsar_Part1/brick_capital_brick.sbsar
brick_castle_bumpy,.sbsar,Brick/Masonry/Wall,no,no,Substance_Database_2.1/Substance_Database_2.0_GameTextures_Sbsar_Part1,Substance_Database_2.1/Substance_Database_2.0_GameTextures_Sbsar_Part1/brick_castle_bumpy.sbsar
brick_chicago,.sbsar,Brick/Masonry/Wall,no,no,Substance_Database_2.1/Substance_Database_2.0_GameTextures_Sbsar_Part1,Substance_Database_2.1/Substance_Database_2.0_GameTextures_Sbsar_Part1/brick_chicago.sbsar
brick_cinderblock,.sbsar,Brick/Masonry/Wall,no,no,Substance_Database_2.1/Substance_Database_2.0_GameTextures_Sbsar_Part1,Substance_Database_2.1/Substance_Database_2.0_GameTextures_Sbsar_Part1/brick_cinderblock.sbsar
brick_clean_white,.sbsar,Brick/Masonry/Wall,no,no,Substance_Database_2.1/Substance_Database_2.0_GameTextures_Sbsar_Part1,Substance_Database_2.1/Substance_Database_2.0_GameTextures_Sbsar_Part1/brick_clean_white.sbsar
brick_cobblestone_wavy,.sbsar,Brick/Masonry/Wall,no,no,Substance_Database_2.1/Substance_Database_2.0_GameTextures_Sbsar_Part1,Substance_Database_2.1/Substance_Database_2.0_GameTextures_Sbsar_Part1/brick_cobblestone_wavy.sbsar
brick_concrete_retaining_wall,.sbsar,Concrete/Plaster,no,no,Substance_Database_2.1/Substance_Database_2.0_GameTextures_Sbsar_Part1,Substance_Database_2.1/Substance_Database_2.0_GameTextures_Sbsar_Part1/brick_concrete_retaining_wall.sbsar
brick_eroded_sandstone,.sbsar,Brick/Masonry/Wall,no,no,Substance_Database_2.1/Substance_Database_2.0_GameTextures_Sbsar_Part1,Substance_Database_2.1/Substance_Database_2.0_GameTextures_Sbsar_Part1/brick_eroded_sandstone.sbsar
brick_generic_red_city_brick,.sbsar,Brick/Masonry/Wall,no,no,Substance_Database_2.1/Substance_Database_2.0_GameTextures_Sbsar_Part1,Substance_Database_2.1/Substance_Database_2.0_GameTextures_Sbsar_Part1/brick_generic_red_city_brick.sbsar
brick_grungy_cinderblock,.sbsar,Brick/Masonry/Wall,no,no,Substance_Database_2.1/Substance_Database_2.0_GameTextures_Sbsar_Part1,Substance_Database_2.1/Substance_Database_2.0_GameTextures_Sbsar_Part1/brick_grungy_cinderblock.sbsar
brick_large_castle_wall,.sbsar,Brick/Masonry/Wall,no,no,Substance_Database_2.1/Substance_Database_2.0_GameTextures_Sbsar_Part1,Substance_Database_2.1/Substance_Database_2.0_GameTextures_Sbsar_Part1/brick_large_castle_wall.sbsar
brick_large_sandy_colored,.sbsar,Brick/Masonry/Wall,no,no,Substance_Database_2.1/Substance_Database_2.0_GameTextures_Sbsar_Part1,Substance_Database_2.1/Substance_Database_2.0_GameTextures_Sbsar_Part1/brick_large_sandy_colored.sbsar
brick_marble_brick,.sbsar,Brick/Masonry/Wall,no,no,Substance_Database_2.1/Substance_Database_2.0_GameTextures_Sbsar_Part1,Substance_Database_2.1/Substance_Database_2.0_GameTextures_Sbsar_Part1/brick_marble_brick.sbsar
brick_medieval_chipped,.sbsar,Brick/Masonry/Wall,no,no,Substance_Database_2.1/Substance_Database_2.0_GameTextures_Sbsar_Part1,Substance_Database_2.1/Substance_Database_2.0_GameTextures_Sbsar_Part1/brick_medieval_chipped.sbsar
brick_medieval_dark_brown_grout,.sbsar,Brick/Masonry/Wall,no,no,Substance_Database_2.1/Substance_Database_2.0_GameTextures_Sbsar_Part1,Substance_Database_2.1/Substance_Database_2.0_GameTextures_Sbsar_Part1/brick_medieval_dark_brown_grout.sbsar
brick_medieval_oval,.sbsar,Brick/Masonry/Wall,no,no,Substance_Database_2.1/Substance_Database_2.0_GameTextures_Sbsar_Part1,Substance_Database_2.1/Substance_Database_2.0_GameTextures_Sbsar_Part1/brick_medieval_oval.sbsar
brick_modern_glossed,.sbsar,Brick/Masonry/Wall,no,no,Substance_Database_2.1/Substance_Database_2.0_GameTextures_Sbsar_Part1,Substance_Database_2.1/Substance_Database_2.0_GameTextures_Sbsar_Part1/brick_modern_glossed.sbsar
brick_mossy_castle,.sbsar,Brick/Masonry/Wall,no,no,Substance_Database_2.1/Substance_Database_2.0_GameTextures_Sbsar_Part1,Substance_Database_2.1/Substance_Database_2.0_GameTextures_Sbsar_Part1/brick_mossy_castle.sbsar
brick_octagon_paver_pattern,.sbsar,Brick/Masonry/Wall,no,no,Substance_Database_2.1/Substance_Database_2.0_GameTextures_Sbsar_Part1,Substance_Database_2.1/Substance_Database_2.0_GameTextures_Sbsar_Part1/brick_octagon_paver_pattern.sbsar
brick_painted_city_brick,.sbsar,Brick/Masonry/Wall,no,no,Substance_Database_2.1/Substance_Database_2.0_GameTextures_Sbsar_Part1,Substance_Database_2.1/Substance_Database_2.0_GameTextures_Sbsar_Part1/brick_painted_city_brick.sbsar
brick_pattern_x,.sbsar,Brick/Masonry/Wall,no,no,Substance_Database_2.1/Substance_Database_2.0_GameTextures_Sbsar_Part1,Substance_Database_2.1/Substance_Database_2.0_GameTextures_Sbsar_Part1/brick_pattern_x.sbsar
brick_paving_stones_decorative_001,.sbsar,Brick/Masonry/Wall,no,no,Substance_Database_2.1/Substance_Database_2.0_GameTextures_Sbsar_Part1,Substance_Database_2.1/Substance_Database_2.0_GameTextures_Sbsar_Part1/brick_paving_stones_decorative_001.sbsar
brick_paving_stones_decorative_002,.sbsar,Brick/Masonry/Wall,no,no,Substance_Database_2.1/Substance_Database_2.0_GameTextures_Sbsar_Part1,Substance_Database_2.1/Substance_Database_2.0_GameTextures_Sbsar_Part1/brick_paving_stones_decorative_002.sbsar
brick_sewer_brick,.sbsar,Brick/Masonry/Wall,no,no,Substance_Database_2.1/Substance_Database_2.0_GameTextures_Sbsar_Part1,Substance_Database_2.1/Substance_Database_2.0_GameTextures_Sbsar_Part1/brick_sewer_brick.sbsar
brick_smooth_geometric_rock,.sbsar,Brick/Masonry/Wall,no,no,Substance_Database_2.1/Substance_Database_2.0_GameTextures_Sbsar_Part1,Substance_Database_2.1/Substance_Database_2.0_GameTextures_Sbsar_Part1/brick_smooth_geometric_rock.sbsar
brick_spanish_fort,.sbsar,Brick/Masonry/Wall,no,no,Substance_Database_2.1/Substance_Database_2.0_GameTextures_Sbsar_Part1,Substance_Database_2.1/Substance_Database_2.0_GameTextures_Sbsar_Part1/brick_spanish_fort.sbsar
brick_standard_dirty,.sbsar,Brick/Masonry/Wall,no,no,Substance_Database_2.1/Substance_Database_2.0_GameTextures_Sbsar_Part1,Substance_Database_2.1/Substance_Database_2.0_GameTextures_Sbsar_Part1/brick_standard_dirty.sbsar
brick_stylized_cobblestones,.sbsar,Stylized,yes,no,Substance_Database_2.1/Substance_Database_2.0_GameTextures_Sbsar_Part1,Substance_Database_2.1/Substance_Database_2.0_GameTextures_Sbsar_Part1/brick_stylized_cobblestones.sbsar
brown_and_grey_cobblestone_ground,.sbsar,Pavement/Tiles/Floor,no,no,Substance_Database_2.1/Substance_Database_2.0_GameTextures_Sbsar_Part1,Substance_Database_2.1/Substance_Database_2.0_GameTextures_Sbsar_Part1/brown_and_grey_cobblestone_ground.sbsar
brown_sandstone_rock,.sbsar,Rock/Stone/Cliff,no,no,Substance_Database_2.1/Substance_Database_2.0_GameTextures_Sbsar_Part1,Substance_Database_2.1/Substance_Database_2.0_GameTextures_Sbsar_Part1/brown_sandstone_rock.sbsar
carpet_office_parallel,.sbsar,Fabric/Leather,no,no,Substance_Database_2.1/Substance_Database_2.0_GameTextures_Sbsar_Part1,Substance_Database_2.1/Substance_Database_2.0_GameTextures_Sbsar_Part1/carpet_office_parallel.sbsar
ceiling_coffered_ballroom_lights,.sbsar,Other,no,no,Substance_Database_2.1/Substance_Database_2.0_GameTextures_Sbsar_Part1,Substance_Database_2.1/Substance_Database_2.0_GameTextures_Sbsar_Part1/ceiling_coffered_ballroom_lights.sbsar
ceiling_extravagent_wood,.sbsar,Wood,no,no,Substance_Database_2.1/Substance_Database_2.0_GameTextures_Sbsar_Part1,Substance_Database_2.1/Substance_Database_2.0_GameTextures_Sbsar_Part1/ceiling_extravagent_wood.sbsar
ceiling_wood_cartoony_clean,.sbsar,Stylized,yes,no,Substance_Database_2.1/Substance_Database_2.0_GameTextures_Sbsar_Part1,Substance_Database_2.1/Substance_Database_2.0_GameTextures_Sbsar_Part1/ceiling_wood_cartoony_clean.sbsar
clean_basement_cinderblocks,.sbsar,Brick/Masonry/Wall,no,no,Substance_Database_2.1/Substance_Database_2.0_GameTextures_Sbsar_Part1,Substance_Database_2.1/Substance_Database_2.0_GameTextures_Sbsar_Part1/clean_basement_cinderblocks.sbsar
concerete_modern_tiling_squares,.sbsar,Concrete/Plaster,no,no,Substance_Database_2.1/Substance_Database_2.0_GameTextures_Sbsar_Part1,Substance_Database_2.1/Substance_Database_2.0_GameTextures_Sbsar_Part1/concerete_modern_tiling_squares.sbsar
concrete_bare_001,.sbsar,Concrete/Plaster,no,no,Substance_Database_2.1/Substance_Database_2.0_GameTextures_Sbsar_Part1,Substance_Database_2.1/Substance_Database_2.0_GameTextures_Sbsar_Part1/concrete_bare_001.sbsar
concrete_bare_002,.sbsar,Concrete/Plaster,no,no,Substance_Database_2.1/Substance_Database_2.0_GameTextures_Sbsar_Part1,Substance_Database_2.1/Substance_Database_2.0_GameTextures_Sbsar_Part1/concrete_bare_002.sbsar
concrete_bare_003,.sbsar,Concrete/Plaster,no,no,Substance_Database_2.1/Substance_Database_2.0_GameTextures_Sbsar_Part1,Substance_Database_2.1/Substance_Database_2.0_GameTextures_Sbsar_Part1/concrete_bare_003.sbsar
concrete_bare_004,.sbsar,Concrete/Plaster,no,no,Substance_Database_2.1/Substance_Database_2.0_GameTextures_Sbsar_Part1,Substance_Database_2.1/Substance_Database_2.0_GameTextures_Sbsar_Part1/concrete_bare_004.sbsar
concrete_blocks,.sbsar,Concrete/Plaster,no,no,Substance_Database_2.1/Substance_Database_2.0_GameTextures_Sbsar_Part1,Substance_Database_2.1/Substance_Database_2.0_GameTextures_Sbsar_Part1/concrete_blocks.sbsar
concrete_bolted_panels,.sbsar,Concrete/Plaster,no,no,Substance_Database_2.1/Substance_Database_2.0_GameTextures_Sbsar_Part1,Substance_Database_2.1/Substance_Database_2.0_GameTextures_Sbsar_Part1/concrete_bolted_panels.sbsar
concrete_bolted_wall,.sbsar,Concrete/Plaster,no,no,Substance_Database_2.1/Substance_Database_2.0_GameTextures_Sbsar_Part1,Substance_Database_2.1/Substance_Database_2.0_GameTextures_Sbsar_Part1/concrete_bolted_wall.sbsar
concrete_brick_kit,.sbsar,Concrete/Plaster,no,no,Substance_Database_2.1/Substance_Database_2.0_GameTextures_Sbsar_Part1,Substance_Database_2.1/Substance_Database_2.0_GameTextures_Sbsar_Part1/concrete_brick_kit.sbsar
concrete_bunker_vertical,.sbsar,Concrete/Plaster,no,no,Substance_Database_2.1/Substance_Database_2.0_GameTextures_Sbsar_Part1,Substance_Database_2.1/Substance_Database_2.0_GameTextures_Sbsar_Part1/concrete_bunker_vertical.sbsar
concrete_chernobyl_distressed,.sbsar,Concrete/Plaster,no,no,Substance_Database_2.1/Substance_Database_2.0_GameTextures_Sbsar_Part1,Substance_Database_2.1/Substance_Database_2.0_GameTextures_Sbsar_Part1/concrete_chernobyl_distressed.sbsar
concrete_diamond_pattern,.sbsar,Concrete/Plaster,no,no,Substance_Database_2.1/Substance_Database_2.0_GameTextures_Sbsar_Part1,Substance_Database_2.1/Substance_Database_2.0_GameTextures_Sbsar_Part1/concrete_diamond_pattern.sbsar
concrete_drill_holes,.sbsar,Concrete/Plaster,no,no,Substance_Database_2.1/Substance_Database_2.0_GameTextures_Sbsar_Part1,Substance_Database_2.1/Substance_Database_2.0_GameTextures_Sbsar_Part1/concrete_drill_holes.sbsar
concrete_large_square_tiles,.sbsar,Concrete/Plaster,no,no,Substance_Database_2.1/Substance_Database_2.0_GameTextures_Sbsar_Part1,Substance_Database_2.1/Substance_Database_2.0_GameTextures_Sbsar_Part1/concrete_large_square_tiles.sbsar
concrete_long_concrete_brick,.sbsar,Concrete/Plaster,no,no,Substance_Database_2.1/Substance_Database_2.0_GameTextures_Sbsar_Part1,Substance_Database_2.1/Substance_Database_2.0_GameTextures_Sbsar_Part1/concrete_long_concrete_brick.sbsar
concrete_metal_grid,.sbsar,Concrete/Plaster,no,no,Substance_Database_2.1/Substance_Database_2.0_GameTextures_Sbsar_Part1,Substance_Database_2.1/Substance_Database_2.0_GameTextures_Sbsar_Part1/concrete_metal_grid.sbsar
concrete_parallel_extrusions,.sbsar,Concrete/Plaster,no,no,Substance_Database_2.1/Substance_Database_2.0_GameTextures_Sbsar_Part1,Substance_Database_2.1/Substance_Database_2.0_GameTextures_Sbsar_Part1/concrete_parallel_extrusions.sbsar
concrete_pattern_001,.sbsar,Concrete/Plaster,no,no,Substance_Database_2.1/Substance_Database_2.0_GameTextures_Sbsar_Part1,Substance_Database_2.1/Substance_Database_2.0_GameTextures_Sbsar_Part1/concrete_pattern_001.sbsar
concrete_rebar_concrete,.sbsar,Concrete/Plaster,no,no,Substance_Database_2.1/Substance_Database_2.0_GameTextures_Sbsar_Part1,Substance_Database_2.1/Substance_Database_2.0_GameTextures_Sbsar_Part1/concrete_rebar_concrete.sbsar
concrete_removed_tiles,.sbsar,Concrete/Plaster,no,no,Substance_Database_2.1/Substance_Database_2.0_GameTextures_Sbsar_Part1,Substance_Database_2.1/Substance_Database_2.0_GameTextures_Sbsar_Part1/concrete_removed_tiles.sbsar
concrete_rough_exposed_pebbles,.sbsar,Concrete/Plaster,no,no,Substance_Database_2.1/Substance_Database_2.0_GameTextures_Sbsar_Part1,Substance_Database_2.1/Substance_Database_2.0_GameTextures_Sbsar_Part1/concrete_rough_exposed_pebbles.sbsar
concrete_sandstone_wall_base,.sbsar,Concrete/Plaster,no,no,Substance_Database_2.1/Substance_Database_2.0_GameTextures_Sbsar_Part1,Substance_Database_2.1/Substance_Database_2.0_GameTextures_Sbsar_Part1/concrete_sandstone_wall_base.sbsar
concrete_sidewalk,.sbsar,Concrete/Plaster,no,no,Substance_Database_2.1/Substance_Database_2.0_GameTextures_Sbsar_Part1,Substance_Database_2.1/Substance_Database_2.0_GameTextures_Sbsar_Part1/concrete_sidewalk.sbsar
concrete_skate_ramp,.sbsar,Concrete/Plaster,no,no,Substance_Database_2.1/Substance_Database_2.0_GameTextures_Sbsar_Part1,Substance_Database_2.1/Substance_Database_2.0_GameTextures_Sbsar_Part1/concrete_skate_ramp.sbsar
concrete_smooth_tiles,.sbsar,Concrete/Plaster,no,no,Substance_Database_2.1/Substance_Database_2.0_GameTextures_Sbsar_Part1,Substance_Database_2.1/Substance_Database_2.0_GameTextures_Sbsar_Part1/concrete_smooth_tiles.sbsar
concrete_square,.sbsar,Concrete/Plaster,no,no,Substance_Database_2.1/Substance_Database_2.0_GameTextures_Sbsar_Part1,Substance_Database_2.1/Substance_Database_2.0_GameTextures_Sbsar_Part1/concrete_square.sbsar
concrete_square_tile_patterned,.sbsar,Concrete/Plaster,no,no,Substance_Database_2.1/Substance_Database_2.0_GameTextures_Sbsar_Part1,Substance_Database_2.1/Substance_Database_2.0_GameTextures_Sbsar_Part1/concrete_square_tile_patterned.sbsar
concrete_structural_divots,.sbsar,Concrete/Plaster,no,no,Substance_Database_2.1/Substance_Database_2.0_GameTextures_Sbsar_Part1,Substance_Database_2.1/Substance_Database_2.0_GameTextures_Sbsar_Part1/concrete_structural_divots.sbsar
concrete_tiny_cracks,.sbsar,Concrete/Plaster,no,no,Substance_Database_2.1/Substance_Database_2.0_GameTextures_Sbsar_Part1,Substance_Database_2.1/Substance_Database_2.0_GameTextures_Sbsar_Part1/concrete_tiny_cracks.sbsar
concrete_traffic_barrier,.sbsar,Concrete/Plaster,no,no,Substance_Database_2.1/Substance_Database_2.0_GameTextures_Sbsar_Part1,Substance_Database_2.1/Substance_Database_2.0_GameTextures_Sbsar_Part1/concrete_traffic_barrier.sbsar
concrete_vertical_bunker,.sbsar,Concrete/Plaster,no,no,Substance_Database_2.1/Substance_Database_2.0_GameTextures_Sbsar_Part1,Substance_Database_2.1/Substance_Database_2.0_GameTextures_Sbsar_Part1/concrete_vertical_bunker.sbsar
concrete_wall_004,.sbsar,Concrete/Plaster,no,no,Substance_Database_2.1/Substance_Database_2.0_GameTextures_Sbsar_Part1,Substance_Database_2.1/Substance_Database_2.0_GameTextures_Sbsar_Part1/concrete_wall_004.sbsar
concrete_wall_ridges,.sbsar,Concrete/Plaster,no,no,Substance_Database_2.1/Substance_Database_2.0_GameTextures_Sbsar_Part1,Substance_Database_2.1/Substance_Database_2.0_GameTextures_Sbsar_Part1/concrete_wall_ridges.sbsar
cube_pattern_wood_floor,.sbsar,Wood,no,no,Substance_Database_2.1/Substance_Database_2.0_GameTextures_Sbsar_Part1,Substance_Database_2.1/Substance_Database_2.0_GameTextures_Sbsar_Part1/cube_pattern_wood_floor.sbsar
dark_colored_concrete,.sbsar,Concrete/Plaster,no,no,Substance_Database_2.1/Substance_Database_2.0_GameTextures_Sbsar_Part1,Substance_Database_2.1/Substance_Database_2.0_GameTextures_Sbsar_Part1/dark_colored_concrete.sbsar
diagonal_grooved_brick,.sbsar,Brick/Masonry/Wall,no,no,Substance_Database_2.1/Substance_Database_2.0_GameTextures_Sbsar_Part1,Substance_Database_2.1/Substance_Database_2.0_GameTextures_Sbsar_Part1/diagonal_grooved_brick.sbsar
dirt_with_gravel,.sbsar,Ground/Soil/Sand/Gravel,no,no,Substance_Database_2.1/Substance_Database_2.0_GameTextures_Sbsar_Part1,Substance_Database_2.1/Substance_Database_2.0_GameTextures_Sbsar_Part1/dirt_with_gravel.sbsar
dirty_industrial_steel,.sbsar,Metal,no,no,Substance_Database_2.1/Substance_Database_2.0_GameTextures_Sbsar_Part1,Substance_Database_2.1/Substance_Database_2.0_GameTextures_Sbsar_Part1/dirty_industrial_steel.sbsar
distressed_aged_concrete,.sbsar,Concrete/Plaster,no,no,Substance_Database_2.1/Substance_Database_2.0_GameTextures_Sbsar_Part1,Substance_Database_2.1/Substance_Database_2.0_GameTextures_Sbsar_Part1/distressed_aged_concrete.sbsar
dusty_chrome_advanced,.sbsar,Metal,no,no,Substance_Database_2.1/Substance_Database_2.0_GameTextures_Sbsar_Part1,Substance_Database_2.1/Substance_Database_2.0_GameTextures_Sbsar_Part1/dusty_chrome_advanced.sbsar
floor_medieval_pavement,.sbsar,Pavement/Tiles/Floor,no,no,Substance_Database_2.1/Substance_Database_2.0_GameTextures_Sbsar_Part1,Substance_Database_2.1/Substance_Database_2.0_GameTextures_Sbsar_Part1/floor_medieval_pavement.sbsar
floor_wood_alternating,.sbsar,Wood,no,no,Substance_Database_2.1/Substance_Database_2.0_GameTextures_Sbsar_Part1,Substance_Database_2.1/Substance_Database_2.0_GameTextures_Sbsar_Part1/floor_wood_alternating.sbsar
framed_metal_001,.sbsar,Metal,no,no,Substance_Database_2.1/Substance_Database_2.0_GameTextures_Sbsar_Part1,Substance_Database_2.1/Substance_Database_2.0_GameTextures_Sbsar_Part1/framed_metal_001.sbsar
framed_metal_002,.sbsar,Metal,no,no,Substance_Database_2.1/Substance_Database_2.0_GameTextures_Sbsar_Part1,Substance_Database_2.1/Substance_Database_2.0_GameTextures_Sbsar_Part1/framed_metal_002.sbsar
granite_rock_wall,.sbsar,Brick/Masonry/Wall,no,no,Substance_Database_2.1/Substance_Database_2.0_GameTextures_Sbsar_Part1,Substance_Database_2.1/Substance_Database_2.0_GameTextures_Sbsar_Part1/granite_rock_wall.sbsar
ground_brick_paving_stone,.sbsar,Brick/Masonry/Wall,no,no,Substance_Database_2.1/Substance_Database_2.0_GameTextures_Sbsar_Part1,Substance_Database_2.1/Substance_Database_2.0_GameTextures_Sbsar_Part1/ground_brick_paving_stone.sbsar
ground_dead_leaves_001,.sbsar,Organic/Nature,no,no,Substance_Database_2.1/Substance_Database_2.0_GameTextures_Sbsar_Part1,Substance_Database_2.1/Substance_Database_2.0_GameTextures_Sbsar_Part1/ground_dead_leaves_001.sbsar
ground_dead_leaves_002,.sbsar,Organic/Nature,no,no,Substance_Database_2.1/Substance_Database_2.0_GameTextures_Sbsar_Part1,Substance_Database_2.1/Substance_Database_2.0_GameTextures_Sbsar_Part1/ground_dead_leaves_002.sbsar
ground_desert_sand,.sbsar,Ground/Soil/Sand/Gravel,no,no,Substance_Database_2.1/Substance_Database_2.0_GameTextures_Sbsar_Part1,Substance_Database_2.1/Substance_Database_2.0_GameTextures_Sbsar_Part1/ground_desert_sand.sbsar
ground_desert_sand_pebbles,.sbsar,Rock/Stone/Cliff,no,no,Substance_Database_2.1/Substance_Database_2.0_GameTextures_Sbsar_Part1,Substance_Database_2.1/Substance_Database_2.0_GameTextures_Sbsar_Part1/ground_desert_sand_pebbles.sbsar
ground_desert_sand_small_dunes,.sbsar,Ground/Soil/Sand/Gravel,no,no,Substance_Database_2.1/Substance_Database_2.0_GameTextures_Sbsar_Part1,Substance_Database_2.1/Substance_Database_2.0_GameTextures_Sbsar_Part1/ground_desert_sand_small_dunes.sbsar
ground_dirt_clod_ground,.sbsar,Ground/Soil/Sand/Gravel,no,no,Substance_Database_2.1/Substance_Database_2.0_GameTextures_Sbsar_Part1,Substance_Database_2.1/Substance_Database_2.0_GameTextures_Sbsar_Part1/ground_dirt_clod_ground.sbsar
ground_fine_wood_bits,.sbsar,Wood,no,no,Substance_Database_2.1/Substance_Database_2.0_GameTextures_Sbsar_Part1,Substance_Database_2.1/Substance_Database_2.0_GameTextures_Sbsar_Part1/ground_fine_wood_bits.sbsar
ground_forest_cover,.sbsar,Organic/Nature,no,no,Substance_Database_2.1/Substance_Database_2.0_GameTextures_Sbsar_Part1,Substance_Database_2.1/Substance_Database_2.0_GameTextures_Sbsar_Part1/ground_forest_cover.sbsar
ground_fresh_snow,.sbsar,Ice/Snow/Water,no,no,Substance_Database_2.1/Substance_Database_2.0_GameTextures_Sbsar_Part1,Substance_Database_2.1/Substance_Database_2.0_GameTextures_Sbsar_Part1/ground_fresh_snow.sbsar
ground_fresh_tilled_dirt,.sbsar,Ground/Soil/Sand/Gravel,no,no,Substance_Database_2.1/Substance_Database_2.0_GameTextures_Sbsar_Part1,Substance_Database_2.1/Substance_Database_2.0_GameTextures_Sbsar_Part1/ground_fresh_tilled_dirt.sbsar
ground_generic_sand,.sbsar,Ground/Soil/Sand/Gravel,no,no,Substance_Database_2.1/Substance_Database_2.0_GameTextures_Sbsar_Part1,Substance_Database_2.1/Substance_Database_2.0_GameTextures_Sbsar_Part1/ground_generic_sand.sbsar
ground_gnarly_grass,.sbsar,Organic/Nature,no,no,Substance_Database_2.1/Substance_Database_2.0_GameTextures_Sbsar_Part1,Substance_Database_2.1/Substance_Database_2.0_GameTextures_Sbsar_Part1/ground_gnarly_grass.sbsar
ground_grass_001,.sbsar,Organic/Nature,no,no,Substance_Database_2.1/Substance_Database_2.0_GameTextures_Sbsar_Part1,Substance_Database_2.1/Substance_Database_2.0_GameTextures_Sbsar_Part1/ground_grass_001.sbsar
ground_grass_002,.sbsar,Organic/Nature,no,no,Substance_Database_2.1/Substance_Database_2.0_GameTextures_Sbsar_Part1,Substance_Database_2.1/Substance_Database_2.0_GameTextures_Sbsar_Part1/ground_grass_002.sbsar
ground_grass_003,.sbsar,Organic/Nature,no,no,Substance_Database_2.1/Substance_Database_2.0_GameTextures_Sbsar_Part1,Substance_Database_2.1/Substance_Database_2.0_GameTextures_Sbsar_Part1/ground_grass_003.sbsar
ground_grass_004,.sbsar,Organic/Nature,no,no,Substance_Database_2.1/Substance_Database_2.0_GameTextures_Sbsar_Part1,Substance_Database_2.1/Substance_Database_2.0_GameTextures_Sbsar_Part1/ground_grass_004.sbsar
ground_grass_dead,.sbsar,Organic/Nature,no,no,Substance_Database_2.1/Substance_Database_2.0_GameTextures_Sbsar_Part1,Substance_Database_2.1/Substance_Database_2.0_GameTextures_Sbsar_Part1/ground_grass_dead.sbsar
ground_gravel_dead_leaves,.sbsar,Organic/Nature,no,no,Substance_Database_2.1/Substance_Database_2.0_GameTextures_Sbsar_Part1,Substance_Database_2.1/Substance_Database_2.0_GameTextures_Sbsar_Part1/ground_gravel_dead_leaves.sbsar
ground_gravel_muddy_mine,.sbsar,Ground/Soil/Sand/Gravel,no,no,Substance_Database_2.1/Substance_Database_2.0_GameTextures_Sbsar_Part1,Substance_Database_2.1/Substance_Database_2.0_GameTextures_Sbsar_Part1/ground_gravel_muddy_mine.sbsar
ground_gravel_smooth,.sbsar,Ground/Soil/Sand/Gravel,no,no,Substance_Database_2.1/Substance_Database_2.0_GameTextures_Sbsar_Part1,Substance_Database_2.1/Substance_Database_2.0_GameTextures_Sbsar_Part1/ground_gravel_smooth.sbsar
ground_green_foliage_001,.sbsar,Organic/Nature,no,no,Substance_Database_2.1/Substance_Database_2.0_GameTextures_Sbsar_Part1,Substance_Database_2.1/Substance_Database_2.0_GameTextures_Sbsar_Part1/ground_green_foliage_001.sbsar
ground_green_foliage_002,.sbsar,Organic/Nature,no,no,Substance_Database_2.1/Substance_Database_2.0_GameTextures_Sbsar_Part1,Substance_Database_2.1/Substance_Database_2.0_GameTextures_Sbsar_Part1/ground_green_foliage_002.sbsar
ground_icy_snow_pack,.sbsar,Ice/Snow/Water,no,no,Substance_Database_2.1/Substance_Database_2.0_GameTextures_Sbsar_Part1,Substance_Database_2.1/Substance_Database_2.0_GameTextures_Sbsar_Part1/ground_icy_snow_pack.sbsar
ground_ivy_ground_cover,.sbsar,Organic/Nature,no,no,Substance_Database_2.1/Substance_Database_2.0_GameTextures_Sbsar_Part1,Substance_Database_2.1/Substance_Database_2.0_GameTextures_Sbsar_Part1/ground_ivy_ground_cover.sbsar
ground_large_rock_surface,.sbsar,Rock/Stone/Cliff,no,no,Substance_Database_2.1/Substance_Database_2.0_GameTextures_Sbsar_Part1,Substance_Database_2.1/Substance_Database_2.0_GameTextures_Sbsar_Part1/ground_large_rock_surface.sbsar
ground_large_scale_grass,.sbsar,Organic/Nature,no,no,Substance_Database_2.1/Substance_Database_2.0_GameTextures_Sbsar_Part1,Substance_Database_2.1/Substance_Database_2.0_GameTextures_Sbsar_Part1/ground_large_scale_grass.sbsar
ground_large_scale_rocky_dirt,.sbsar,Organic/Nature,no,no,Substance_Database_2.1/Substance_Database_2.0_GameTextures_Sbsar_Part1,Substance_Database_2.1/Substance_Database_2.0_GameTextures_Sbsar_Part1/ground_large_scale_rocky_dirt.sbsar
ground_leafy_ground,.sbsar,Organic/Nature,no,no,Substance_Database_2.1/Substance_Database_2.0_GameTextures_Sbsar_Part1,Substance_Database_2.1/Substance_Database_2.0_GameTextures_Sbsar_Part1/ground_leafy_ground.sbsar
ground_long_dead_grass,.sbsar,Organic/Nature,no,no,Substance_Database_2.1/Substance_Database_2.0_GameTextures_Sbsar_Part1,Substance_Database_2.1/Substance_Database_2.0_GameTextures_Sbsar_Part1/ground_long_dead_grass.sbsar
ground_moon_dirt,.sbsar,Ground/Soil/Sand/Gravel,no,no,Substance_Database_2.1/Substance_Database_2.0_GameTextures_Sbsar_Part1,Substance_Database_2.1/Substance_Database_2.0_GameTextures_Sbsar_Part1/ground_moon_dirt.sbsar
ground_mud_cracked,.sbsar,Ground/Soil/Sand/Gravel,no,no,Substance_Database_2.1/Substance_Database_2.0_GameTextures_Sbsar_Part1,Substance_Database_2.1/Substance_Database_2.0_GameTextures_Sbsar_Part1/ground_mud_cracked.sbsar
ground_puffy_seaweed,.sbsar,Organic/Nature,no,no,Substance_Database_2.1/Substance_Database_2.0_GameTextures_Sbsar_Part1,Substance_Database_2.1/Substance_Database_2.0_GameTextures_Sbsar_Part1/ground_puffy_seaweed.sbsar
ground_red_desert_dirt,.sbsar,Ground/Soil/Sand/Gravel,no,no,Substance_Database_2.1/Substance_Database_2.0_GameTextures_Sbsar_Part1,Substance_Database_2.1/Substance_Database_2.0_GameTextures_Sbsar_Part1/ground_red_desert_dirt.sbsar
ground_rocky_ground_grass,.sbsar,Organic/Nature,no,no,Substance_Database_2.1/Substance_Database_2.0_GameTextures_Sbsar_Part1,Substance_Database_2.1/Substance_Database_2.0_GameTextures_Sbsar_Part1/ground_rocky_ground_grass.sbsar
ground_sand_kauai,.sbsar,Ground/Soil/Sand/Gravel,no,no,Substance_Database_2.1/Substance_Database_2.0_GameTextures_Sbsar_Part1,Substance_Database_2.1/Substance_Database_2.0_GameTextures_Sbsar_Part1/ground_sand_kauai.sbsar
ground_seaside_gravel,.sbsar,Ground/Soil/Sand/Gravel,no,no,Substance_Database_2.1/Substance_Database_2.0_GameTextures_Sbsar_Part1,Substance_Database_2.1/Substance_Database_2.0_GameTextures_Sbsar_Part1/ground_seaside_gravel.sbsar
ground_seattle_beach_gravel,.sbsar,Ground/Soil/Sand/Gravel,no,no,Substance_Database_2.1/Substance_Database_2.0_GameTextures_Sbsar_Part1,Substance_Database_2.1/Substance_Database_2.0_GameTextures_Sbsar_Part1/ground_seattle_beach_gravel.sbsar
ground_smooth_martian_rock,.sbsar,Rock/Stone/Cliff,no,no,Substance_Database_2.1/Substance_Database_2.0_GameTextures_Sbsar_Part1,Substance_Database_2.1/Substance_Database_2.0_GameTextures_Sbsar_Part1/ground_smooth_martian_rock.sbsar
ground_smooth_rocks,.sbsar,Rock/Stone/Cliff,no,no,Substance_Database_2.1/Substance_Database_2.0_GameTextures_Sbsar_Part1,Substance_Database_2.1/Substance_Database_2.0_GameTextures_Sbsar_Part1/ground_smooth_rocks.sbsar
ground_snow_dunes,.sbsar,Ice/Snow/Water,no,no,Substance_Database_2.1/Substance_Database_2.0_GameTextures_Sbsar_Part1,Substance_Database_2.1/Substance_Database_2.0_GameTextures_Sbsar_Part1/ground_snow_dunes.sbsar
ground_straw_covered_ground,.sbsar,Organic/Nature,no,no,Substance_Database_2.1/Substance_Database_2.0_GameTextures_Sbsar_Part1,Substance_Database_2.1/Substance_Database_2.0_GameTextures_Sbsar_Part1/ground_straw_covered_ground.sbsar
horizontal_metal_plates,.sbsar,Metal,no,no,Substance_Database_2.1/Substance_Database_2.0_GameTextures_Sbsar_Part1,Substance_Database_2.1/Substance_Database_2.0_GameTextures_Sbsar_Part1/horizontal_metal_plates.sbsar
interlocked_wood_panel_floor,.sbsar,Wood,no,no,Substance_Database_2.1/Substance_Database_2.0_GameTextures_Sbsar_Part1,Substance_Database_2.1/Substance_Database_2.0_GameTextures_Sbsar_Part1/interlocked_wood_panel_floor.sbsar
large_square_cracked_concrete,.sbsar,Concrete/Plaster,no,no,Substance_Database_2.1/Substance_Database_2.0_GameTextures_Sbsar_Part1,Substance_Database_2.1/Substance_Database_2.0_GameTextures_Sbsar_Part1/large_square_cracked_concrete.sbsar
light_grey_rock,.sbsar,Rock/Stone/Cliff,no,no,Substance_Database_2.1/Substance_Database_2.0_GameTextures_Sbsar_Part1,Substance_Database_2.1/Substance_Database_2.0_GameTextures_Sbsar_Part1/light_grey_rock.sbsar
marble_limestone,.sbsar,Rock/Stone/Cliff,no,no,Substance_Database_2.1/Substance_Database_2.0_GameTextures_Sbsar_Part1,Substance_Database_2.1/Substance_Database_2.0_GameTextures_Sbsar_Part1/marble_limestone.sbsar
marble_nero_marguina,.sbsar,Rock/Stone/Cliff,no,no,Substance_Database_2.1/Substance_Database_2.0_GameTextures_Sbsar_Part1,Substance_Database_2.1/Substance_Database_2.0_GameTextures_Sbsar_Part1/marble_nero_marguina.sbsar
marble_white_italian_marble,.sbsar,Rock/Stone/Cliff,no,no,Substance_Database_2.1/Substance_Database_2.0_GameTextures_Sbsar_Part1,Substance_Database_2.1/Substance_Database_2.0_GameTextures_Sbsar_Part1/marble_white_italian_marble.sbsar
medieval_brown_brick_001,.sbsar,Brick/Masonry/Wall,no,no,Substance_Database_2.1/Substance_Database_2.0_GameTextures_Sbsar_Part1,Substance_Database_2.1/Substance_Database_2.0_GameTextures_Sbsar_Part1/medieval_brown_brick_001.sbsar
medieval_brown_brick_002,.sbsar,Brick/Masonry/Wall,no,no,Substance_Database_2.1/Substance_Database_2.0_GameTextures_Sbsar_Part1,Substance_Database_2.1/Substance_Database_2.0_GameTextures_Sbsar_Part1/medieval_brown_brick_002.sbsar
medieval_brown_brick_003,.sbsar,Brick/Masonry/Wall,no,no,Substance_Database_2.1/Substance_Database_2.0_GameTextures_Sbsar_Part1,Substance_Database_2.1/Substance_Database_2.0_GameTextures_Sbsar_Part1/medieval_brown_brick_003.sbsar
medieval_brown_brick_004,.sbsar,Brick/Masonry/Wall,no,no,Substance_Database_2.1/Substance_Database_2.0_GameTextures_Sbsar_Part1,Substance_Database_2.1/Substance_Database_2.0_GameTextures_Sbsar_Part1/medieval_brown_brick_004.sbsar
medieval_rounded_stone_bricks,.sbsar,Brick/Masonry/Wall,no,no,Substance_Database_2.1/Substance_Database_2.0_GameTextures_Sbsar_Part1,Substance_Database_2.1/Substance_Database_2.0_GameTextures_Sbsar_Part1/medieval_rounded_stone_bricks.sbsar
metal_air_duct,.sbsar,Metal,no,no,Substance_Database_2.1/Substance_Database_2.0_GameTextures_Sbsar_Part1,Substance_Database_2.1/Substance_Database_2.0_GameTextures_Sbsar_Part1/metal_air_duct.sbsar
metal_aircraft_interior,.sbsar,Metal,no,no,Substance_Database_2.1/Substance_Database_2.0_GameTextures_Sbsar_Part1,Substance_Database_2.1/Substance_Database_2.0_GameTextures_Sbsar_Part1/metal_aircraft_interior.sbsar
metal_aluminium_directional,.sbsar,Metal,no,no,Substance_Database_2.1/Substance_Database_2.0_GameTextures_Sbsar_Part1,Substance_Database_2.1/Substance_Database_2.0_GameTextures_Sbsar_Part1/metal_aluminium_directional.sbsar
metal_aluminum_space_station,.sbsar,Sci-fi/Tech,no,no,Substance_Database_2.1/Substance_Database_2.0_GameTextures_Sbsar_Part1,Substance_Database_2.1/Substance_Database_2.0_GameTextures_Sbsar_Part1/metal_aluminum_space_station.sbsar
metal_beefy_metal_chainlink,.sbsar,Metal,no,no,Substance_Database_2.1/Substance_Database_2.0_GameTextures_Sbsar_Part1,Substance_Database_2.1/Substance_Database_2.0_GameTextures_Sbsar_Part1/metal_beefy_metal_chainlink.sbsar
metal_bolted_plates,.sbsar,Metal,no,no,Substance_Database_2.1/Substance_Database_2.0_GameTextures_Sbsar_Part1,Substance_Database_2.1/Substance_Database_2.0_GameTextures_Sbsar_Part1/metal_bolted_plates.sbsar
metal_brass_generic,.sbsar,Metal,no,no,Substance_Database_2.1/Substance_Database_2.0_GameTextures_Sbsar_Part1,Substance_Database_2.1/Substance_Database_2.0_GameTextures_Sbsar_Part1/metal_brass_generic.sbsar
metal_brushed_copper,.sbsar,Metal,no,no,Substance_Database_2.1/Substance_Database_2.0_GameTextures_Sbsar_Part1,Substance_Database_2.1/Substance_Database_2.0_GameTextures_Sbsar_Part1/metal_brushed_copper.sbsar
metal_brushed_steel_001,.sbsar,Metal,no,no,Substance_Database_2.1/Substance_Database_2.0_GameTextures_Sbsar_Part1,Substance_Database_2.1/Substance_Database_2.0_GameTextures_Sbsar_Part1/metal_brushed_steel_001.sbsar
metal_brushed_steel_002,.sbsar,Metal,no,no,Substance_Database_2.1/Substance_Database_2.0_GameTextures_Sbsar_Part1,Substance_Database_2.1/Substance_Database_2.0_GameTextures_Sbsar_Part1/metal_brushed_steel_002.sbsar
metal_brushed_steel_003,.sbsar,Metal,no,no,Substance_Database_2.1/Substance_Database_2.0_GameTextures_Sbsar_Part1,Substance_Database_2.1/Substance_Database_2.0_GameTextures_Sbsar_Part1/metal_brushed_steel_003.sbsar
metal_chainmail,.sbsar,Metal,no,no,Substance_Database_2.1/Substance_Database_2.0_GameTextures_Sbsar_Part1,Substance_Database_2.1/Substance_Database_2.0_GameTextures_Sbsar_Part1/metal_chainmail.sbsar
metal_copper_dented,.sbsar,Metal,no,no,Substance_Database_2.1/Substance_Database_2.0_GameTextures_Sbsar_Part2,Substance_Database_2.1/Substance_Database_2.0_GameTextures_Sbsar_Part2/metal_copper_dented.sbsar
metal_corrugated,.sbsar,Metal,no,no,Substance_Database_2.1/Substance_Database_2.0_GameTextures_Sbsar_Part2,Substance_Database_2.1/Substance_Database_2.0_GameTextures_Sbsar_Part2/metal_corrugated.sbsar
metal_corrugated_steel_worn_paint,.sbsar,Metal,no,no,Substance_Database_2.1/Substance_Database_2.0_GameTextures_Sbsar_Part2,Substance_Database_2.1/Substance_Database_2.0_GameTextures_Sbsar_Part2/metal_corrugated_steel_worn_paint.sbsar
metal_diamond_plates_advanced,.sbsar,Metal,no,no,Substance_Database_2.1/Substance_Database_2.0_GameTextures_Sbsar_Part2,Substance_Database_2.1/Substance_Database_2.0_GameTextures_Sbsar_Part2/metal_diamond_plates_advanced.sbsar
metal_diamond_plates_quad,.sbsar,Metal,no,no,Substance_Database_2.1/Substance_Database_2.0_GameTextures_Sbsar_Part2,Substance_Database_2.1/Substance_Database_2.0_GameTextures_Sbsar_Part2/metal_diamond_plates_quad.sbsar
metal_diamond_traction_plates,.sbsar,Metal,no,no,Substance_Database_2.1/Substance_Database_2.0_GameTextures_Sbsar_Part2,Substance_Database_2.1/Substance_Database_2.0_GameTextures_Sbsar_Part2/metal_diamond_traction_plates.sbsar
metal_distressed_iron,.sbsar,Metal,no,no,Substance_Database_2.1/Substance_Database_2.0_GameTextures_Sbsar_Part2,Substance_Database_2.1/Substance_Database_2.0_GameTextures_Sbsar_Part2/metal_distressed_iron.sbsar
metal_expanded_steel_traction_plates,.sbsar,Metal,no,no,Substance_Database_2.1/Substance_Database_2.0_GameTextures_Sbsar_Part2,Substance_Database_2.1/Substance_Database_2.0_GameTextures_Sbsar_Part2/metal_expanded_steel_traction_plates.sbsar
metal_floor_holes_advanced,.sbsar,Pavement/Tiles/Floor,no,no,Substance_Database_2.1/Substance_Database_2.0_GameTextures_Sbsar_Part2,Substance_Database_2.1/Substance_Database_2.0_GameTextures_Sbsar_Part2/metal_floor_holes_advanced.sbsar
metal_futuristic_grid,.sbsar,Sci-fi/Tech,no,no,Substance_Database_2.1/Substance_Database_2.0_GameTextures_Sbsar_Part2,Substance_Database_2.1/Substance_Database_2.0_GameTextures_Sbsar_Part2/metal_futuristic_grid.sbsar
metal_galvanized_steel,.sbsar,Metal,no,no,Substance_Database_2.1/Substance_Database_2.0_GameTextures_Sbsar_Part2,Substance_Database_2.1/Substance_Database_2.0_GameTextures_Sbsar_Part2/metal_galvanized_steel.sbsar
metal_gold_advanced,.sbsar,Metal,no,no,Substance_Database_2.1/Substance_Database_2.0_GameTextures_Sbsar_Part2,Substance_Database_2.1/Substance_Database_2.0_GameTextures_Sbsar_Part2/metal_gold_advanced.sbsar
metal_grid_floor,.sbsar,Pavement/Tiles/Floor,no,no,Substance_Database_2.1/Substance_Database_2.0_GameTextures_Sbsar_Part2,Substance_Database_2.1/Substance_Database_2.0_GameTextures_Sbsar_Part2/metal_grid_floor.sbsar
metal_hammered_iron,.sbsar,Metal,no,no,Substance_Database_2.1/Substance_Database_2.0_GameTextures_Sbsar_Part2,Substance_Database_2.1/Substance_Database_2.0_GameTextures_Sbsar_Part2/metal_hammered_iron.sbsar
metal_hammered_steel,.sbsar,Metal,no,no,Substance_Database_2.1/Substance_Database_2.0_GameTextures_Sbsar_Part2,Substance_Database_2.1/Substance_Database_2.0_GameTextures_Sbsar_Part2/metal_hammered_steel.sbsar
metal_iron_rusty,.sbsar,Metal,no,no,Substance_Database_2.1/Substance_Database_2.0_GameTextures_Sbsar_Part2,Substance_Database_2.1/Substance_Database_2.0_GameTextures_Sbsar_Part2/metal_iron_rusty.sbsar
metal_knurled_clean,.sbsar,Metal,no,no,Substance_Database_2.1/Substance_Database_2.0_GameTextures_Sbsar_Part2,Substance_Database_2.1/Substance_Database_2.0_GameTextures_Sbsar_Part2/metal_knurled_clean.sbsar
metal_meteoric_iron,.sbsar,Metal,no,no,Substance_Database_2.1/Substance_Database_2.0_GameTextures_Sbsar_Part2,Substance_Database_2.1/Substance_Database_2.0_GameTextures_Sbsar_Part2/metal_meteoric_iron.sbsar
metal_old_copper_still,.sbsar,Metal,no,no,Substance_Database_2.1/Substance_Database_2.0_GameTextures_Sbsar_Part2,Substance_Database_2.1/Substance_Database_2.0_GameTextures_Sbsar_Part2/metal_old_copper_still.sbsar
metal_oxidized_aluminium,.sbsar,Metal,no,no,Substance_Database_2.1/Substance_Database_2.0_GameTextures_Sbsar_Part2,Substance_Database_2.1/Substance_Database_2.0_GameTextures_Sbsar_Part2/metal_oxidized_aluminium.sbsar
metal_oxidized_bronze,.sbsar,Metal,no,no,Substance_Database_2.1/Substance_Database_2.0_GameTextures_Sbsar_Part2,Substance_Database_2.1/Substance_Database_2.0_GameTextures_Sbsar_Part2/metal_oxidized_bronze.sbsar
metal_painted_rust,.sbsar,Metal,no,no,Substance_Database_2.1/Substance_Database_2.0_GameTextures_Sbsar_Part2,Substance_Database_2.1/Substance_Database_2.0_GameTextures_Sbsar_Part2/metal_painted_rust.sbsar
metal_riveted_plates,.sbsar,Metal,no,no,Substance_Database_2.1/Substance_Database_2.0_GameTextures_Sbsar_Part2,Substance_Database_2.1/Substance_Database_2.0_GameTextures_Sbsar_Part2/metal_riveted_plates.sbsar
metal_rugged_iron,.sbsar,Metal,no,no,Substance_Database_2.1/Substance_Database_2.0_GameTextures_Sbsar_Part2,Substance_Database_2.1/Substance_Database_2.0_GameTextures_Sbsar_Part2/metal_rugged_iron.sbsar
metal_rust_001,.sbsar,Metal,no,no,Substance_Database_2.1/Substance_Database_2.0_GameTextures_Sbsar_Part2,Substance_Database_2.1/Substance_Database_2.0_GameTextures_Sbsar_Part2/metal_rust_001.sbsar
metal_rust_002,.sbsar,Metal,no,no,Substance_Database_2.1/Substance_Database_2.0_GameTextures_Sbsar_Part2,Substance_Database_2.1/Substance_Database_2.0_GameTextures_Sbsar_Part2/metal_rust_002.sbsar
metal_rust_003,.sbsar,Metal,no,no,Substance_Database_2.1/Substance_Database_2.0_GameTextures_Sbsar_Part2,Substance_Database_2.1/Substance_Database_2.0_GameTextures_Sbsar_Part2/metal_rust_003.sbsar
metal_rust_base,.sbsar,Metal,no,no,Substance_Database_2.1/Substance_Database_2.0_GameTextures_Sbsar_Part2,Substance_Database_2.1/Substance_Database_2.0_GameTextures_Sbsar_Part2/metal_rust_base.sbsar
metal_rusted_steel,.sbsar,Metal,no,no,Substance_Database_2.1/Substance_Database_2.0_GameTextures_Sbsar_Part2,Substance_Database_2.1/Substance_Database_2.0_GameTextures_Sbsar_Part2/metal_rusted_steel.sbsar
metal_silver,.sbsar,Metal,no,yes,Substance_Database_2.1/Substance_Database_2.0_GameTextures_Sbsar_Part2,Substance_Database_2.1/Substance_Database_2.0_GameTextures_Sbsar_Part2/metal_silver.sbsar
metal_smooth_brass,.sbsar,Metal,no,no,Substance_Database_2.1/Substance_Database_2.0_GameTextures_Sbsar_Part2,Substance_Database_2.1/Substance_Database_2.0_GameTextures_Sbsar_Part2/metal_smooth_brass.sbsar
metal_smooth_oxidized_iron,.sbsar,Metal,no,no,Substance_Database_2.1/Substance_Database_2.0_GameTextures_Sbsar_Part2,Substance_Database_2.1/Substance_Database_2.0_GameTextures_Sbsar_Part2/metal_smooth_oxidized_iron.sbsar
metal_smooth_pitted_meteorite,.sbsar,Metal,no,no,Substance_Database_2.1/Substance_Database_2.0_GameTextures_Sbsar_Part2,Substance_Database_2.1/Substance_Database_2.0_GameTextures_Sbsar_Part2/metal_smooth_pitted_meteorite.sbsar
metal_smooth_steel,.sbsar,Metal,no,no,Substance_Database_2.1/Substance_Database_2.0_GameTextures_Sbsar_Part2,Substance_Database_2.1/Substance_Database_2.0_GameTextures_Sbsar_Part2/metal_smooth_steel.sbsar
metal_square_traction_plate,.sbsar,Metal,no,no,Substance_Database_2.1/Substance_Database_2.0_GameTextures_Sbsar_Part2,Substance_Database_2.1/Substance_Database_2.0_GameTextures_Sbsar_Part2/metal_square_traction_plate.sbsar
metal_steel_floor_grating,.sbsar,Pavement/Tiles/Floor,no,no,Substance_Database_2.1/Substance_Database_2.0_GameTextures_Sbsar_Part2,Substance_Database_2.1/Substance_Database_2.0_GameTextures_Sbsar_Part2/metal_steel_floor_grating.sbsar
metal_steel_oxidized,.sbsar,Metal,no,no,Substance_Database_2.1/Substance_Database_2.0_GameTextures_Sbsar_Part2,Substance_Database_2.1/Substance_Database_2.0_GameTextures_Sbsar_Part2/metal_steel_oxidized.sbsar
metal_steel_plates,.sbsar,Metal,no,no,Substance_Database_2.1/Substance_Database_2.0_GameTextures_Sbsar_Part2,Substance_Database_2.1/Substance_Database_2.0_GameTextures_Sbsar_Part2/metal_steel_plates.sbsar
metal_titanium,.sbsar,Metal,no,yes,Substance_Database_2.1/Substance_Database_2.0_GameTextures_Sbsar_Part2,Substance_Database_2.1/Substance_Database_2.0_GameTextures_Sbsar_Part2/metal_titanium.sbsar
metal_traction_plate,.sbsar,Metal,no,no,Substance_Database_2.1/Substance_Database_2.0_GameTextures_Sbsar_Part2,Substance_Database_2.1/Substance_Database_2.0_GameTextures_Sbsar_Part2/metal_traction_plate.sbsar
metal_trashed_steel,.sbsar,Metal,no,no,Substance_Database_2.1/Substance_Database_2.0_GameTextures_Sbsar_Part2,Substance_Database_2.1/Substance_Database_2.0_GameTextures_Sbsar_Part2/metal_trashed_steel.sbsar
metal_trim_kit,.sbsar,Metal,no,no,Substance_Database_2.1/Substance_Database_2.0_GameTextures_Sbsar_Part2,Substance_Database_2.1/Substance_Database_2.0_GameTextures_Sbsar_Part2/metal_trim_kit.sbsar
metal_worn_anvil_iron,.sbsar,Metal,no,no,Substance_Database_2.1/Substance_Database_2.0_GameTextures_Sbsar_Part2,Substance_Database_2.1/Substance_Database_2.0_GameTextures_Sbsar_Part2/metal_worn_anvil_iron.sbsar
metallic_paint_effect,.sbsar,Generators/Utility,no,no,Substance_Database_2.1/Substance_Database_2.0_GameTextures_Sbsar_Part2,Substance_Database_2.1/Substance_Database_2.0_GameTextures_Sbsar_Part2/metallic_paint_effect.sbsar
misc_black_rubber,.sbsar,Other,no,no,Substance_Database_2.1/Substance_Database_2.0_GameTextures_Sbsar_Part2,Substance_Database_2.1/Substance_Database_2.0_GameTextures_Sbsar_Part2/misc_black_rubber.sbsar
misc_brown_leather,.sbsar,Fabric/Leather,no,no,Substance_Database_2.1/Substance_Database_2.0_GameTextures_Sbsar_Part2,Substance_Database_2.1/Substance_Database_2.0_GameTextures_Sbsar_Part2/misc_brown_leather.sbsar
misc_metal_cable,.sbsar,Metal,no,no,Substance_Database_2.1/Substance_Database_2.0_GameTextures_Sbsar_Part2,Substance_Database_2.1/Substance_Database_2.0_GameTextures_Sbsar_Part2/misc_metal_cable.sbsar
misc_oak_barrel_clean,.sbsar,Wood,no,no,Substance_Database_2.1/Substance_Database_2.0_GameTextures_Sbsar_Part2,Substance_Database_2.1/Substance_Database_2.0_GameTextures_Sbsar_Part2/misc_oak_barrel_clean.sbsar
misc_padded_wall,.sbsar,Brick/Masonry/Wall,no,no,Substance_Database_2.1/Substance_Database_2.0_GameTextures_Sbsar_Part2,Substance_Database_2.1/Substance_Database_2.0_GameTextures_Sbsar_Part2/misc_padded_wall.sbsar
misc_padded_wall_clean,.sbsar,Brick/Masonry/Wall,no,no,Substance_Database_2.1/Substance_Database_2.0_GameTextures_Sbsar_Part2,Substance_Database_2.1/Substance_Database_2.0_GameTextures_Sbsar_Part2/misc_padded_wall_clean.sbsar
misc_piled_stone,.sbsar,Rock/Stone/Cliff,no,no,Substance_Database_2.1/Substance_Database_2.0_GameTextures_Sbsar_Part2,Substance_Database_2.1/Substance_Database_2.0_GameTextures_Sbsar_Part2/misc_piled_stone.sbsar
misc_woven_metal,.sbsar,Fabric/Leather,no,no,Substance_Database_2.1/Substance_Database_2.0_GameTextures_Sbsar_Part2,Substance_Database_2.1/Substance_Database_2.0_GameTextures_Sbsar_Part2/misc_woven_metal.sbsar
painted_corrugated_metal_advanced,.sbsar,Metal,no,no,Substance_Database_2.1/Substance_Database_2.0_GameTextures_Sbsar_Part2,Substance_Database_2.1/Substance_Database_2.0_GameTextures_Sbsar_Part2/painted_corrugated_metal_advanced.sbsar
painted_interior_wall_with_cracked_paint,.sbsar,Brick/Masonry/Wall,no,no,Substance_Database_2.1/Substance_Database_2.0_GameTextures_Sbsar_Part2,Substance_Database_2.1/Substance_Database_2.0_GameTextures_Sbsar_Part2/painted_interior_wall_with_cracked_paint.sbsar
painted_metal,.sbsar,Metal,no,no,Substance_Database_2.1/Substance_Database_2.0_GameTextures_Sbsar_Part2,Substance_Database_2.1/Substance_Database_2.0_GameTextures_Sbsar_Part2/painted_metal.sbsar
painted_wall_with_wainscoting,.sbsar,Brick/Masonry/Wall,no,no,Substance_Database_2.1/Substance_Database_2.0_GameTextures_Sbsar_Part2,Substance_Database_2.1/Substance_Database_2.0_GameTextures_Sbsar_Part2/painted_wall_with_wainscoting.sbsar
painted_wooden_siding,.sbsar,Wood,no,no,Substance_Database_2.1/Substance_Database_2.0_GameTextures_Sbsar_Part2,Substance_Database_2.1/Substance_Database_2.0_GameTextures_Sbsar_Part2/painted_wooden_siding.sbsar
plain_bumpy_plaster,.sbsar,Concrete/Plaster,no,no,Substance_Database_2.1/Substance_Database_2.0_GameTextures_Sbsar_Part2,Substance_Database_2.1/Substance_Database_2.0_GameTextures_Sbsar_Part2/plain_bumpy_plaster.sbsar
plaster_bare_001,.sbsar,Concrete/Plaster,no,no,Substance_Database_2.1/Substance_Database_2.0_GameTextures_Sbsar_Part2,Substance_Database_2.1/Substance_Database_2.0_GameTextures_Sbsar_Part2/plaster_bare_001.sbsar
plaster_bare_002,.sbsar,Concrete/Plaster,no,no,Substance_Database_2.1/Substance_Database_2.0_GameTextures_Sbsar_Part2,Substance_Database_2.1/Substance_Database_2.0_GameTextures_Sbsar_Part2/plaster_bare_002.sbsar
plaster_damaged_brown,.sbsar,Concrete/Plaster,no,no,Substance_Database_2.1/Substance_Database_2.0_GameTextures_Sbsar_Part2,Substance_Database_2.1/Substance_Database_2.0_GameTextures_Sbsar_Part2/plaster_damaged_brown.sbsar
plaster_flat_plaster,.sbsar,Concrete/Plaster,no,no,Substance_Database_2.1/Substance_Database_2.0_GameTextures_Sbsar_Part2,Substance_Database_2.1/Substance_Database_2.0_GameTextures_Sbsar_Part2/plaster_flat_plaster.sbsar
plaster_old_cracked,.sbsar,Concrete/Plaster,no,no,Substance_Database_2.1/Substance_Database_2.0_GameTextures_Sbsar_Part2,Substance_Database_2.1/Substance_Database_2.0_GameTextures_Sbsar_Part2/plaster_old_cracked.sbsar
plaster_sand_colored,.sbsar,Concrete/Plaster,no,no,Substance_Database_2.1/Substance_Database_2.0_GameTextures_Sbsar_Part2,Substance_Database_2.1/Substance_Database_2.0_GameTextures_Sbsar_Part2/plaster_sand_colored.sbsar
plaster_sharp_crusty,.sbsar,Concrete/Plaster,no,no,Substance_Database_2.1/Substance_Database_2.0_GameTextures_Sbsar_Part2,Substance_Database_2.1/Substance_Database_2.0_GameTextures_Sbsar_Part2/plaster_sharp_crusty.sbsar
red_rock_001,.sbsar,Rock/Stone/Cliff,no,no,Substance_Database_2.1/Substance_Database_2.0_GameTextures_Sbsar_Part2,Substance_Database_2.1/Substance_Database_2.0_GameTextures_Sbsar_Part2/red_rock_001.sbsar
red_rock_002,.sbsar,Rock/Stone/Cliff,no,no,Substance_Database_2.1/Substance_Database_2.0_GameTextures_Sbsar_Part2,Substance_Database_2.1/Substance_Database_2.0_GameTextures_Sbsar_Part2/red_rock_002.sbsar
red_rock_003,.sbsar,Rock/Stone/Cliff,no,no,Substance_Database_2.1/Substance_Database_2.0_GameTextures_Sbsar_Part2,Substance_Database_2.1/Substance_Database_2.0_GameTextures_Sbsar_Part2/red_rock_003.sbsar
red_rock_004,.sbsar,Rock/Stone/Cliff,no,no,Substance_Database_2.1/Substance_Database_2.0_GameTextures_Sbsar_Part2,Substance_Database_2.1/Substance_Database_2.0_GameTextures_Sbsar_Part2/red_rock_004.sbsar
red_rock_005,.sbsar,Rock/Stone/Cliff,no,no,Substance_Database_2.1/Substance_Database_2.0_GameTextures_Sbsar_Part2,Substance_Database_2.1/Substance_Database_2.0_GameTextures_Sbsar_Part2/red_rock_005.sbsar
road_concrete_brick,.sbsar,Concrete/Plaster,no,no,Substance_Database_2.1/Substance_Database_2.0_GameTextures_Sbsar_Part2,Substance_Database_2.1/Substance_Database_2.0_GameTextures_Sbsar_Part2/road_concrete_brick.sbsar
rock_barnacle_covered_rock,.sbsar,Rock/Stone/Cliff,no,no,Substance_Database_2.1/Substance_Database_2.0_GameTextures_Sbsar_Part2,Substance_Database_2.1/Substance_Database_2.0_GameTextures_Sbsar_Part2/rock_barnacle_covered_rock.sbsar
rock_coal,.sbsar,Rock/Stone/Cliff,no,no,Substance_Database_2.1/Substance_Database_2.0_GameTextures_Sbsar_Part2,Substance_Database_2.1/Substance_Database_2.0_GameTextures_Sbsar_Part2/rock_coal.sbsar
rock_dank_cave_wall,.sbsar,Brick/Masonry/Wall,no,no,Substance_Database_2.1/Substance_Database_2.0_GameTextures_Sbsar_Part2,Substance_Database_2.1/Substance_Database_2.0_GameTextures_Sbsar_Part2/rock_dank_cave_wall.sbsar
rock_face_advanced_001,.sbsar,Rock/Stone/Cliff,no,no,Substance_Database_2.1/Substance_Database_2.0_GameTextures_Sbsar_Part2,Substance_Database_2.1/Substance_Database_2.0_GameTextures_Sbsar_Part2/rock_face_advanced_001.sbsar
rock_face_advanced_002,.sbsar,Rock/Stone/Cliff,no,no,Substance_Database_2.1/Substance_Database_2.0_GameTextures_Sbsar_Part2,Substance_Database_2.1/Substance_Database_2.0_GameTextures_Sbsar_Part2/rock_face_advanced_002.sbsar
rock_generic_granite,.sbsar,Rock/Stone/Cliff,no,no,Substance_Database_2.1/Substance_Database_2.0_GameTextures_Sbsar_Part2,Substance_Database_2.1/Substance_Database_2.0_GameTextures_Sbsar_Part2/rock_generic_granite.sbsar
rock_generic_obsidian,.sbsar,Rock/Stone/Cliff,no,no,Substance_Database_2.1/Substance_Database_2.0_GameTextures_Sbsar_Part2,Substance_Database_2.1/Substance_Database_2.0_GameTextures_Sbsar_Part2/rock_generic_obsidian.sbsar
rock_wall_smooth,.sbsar,Brick/Masonry/Wall,no,no,Substance_Database_2.1/Substance_Database_2.0_GameTextures_Sbsar_Part2,Substance_Database_2.1/Substance_Database_2.0_GameTextures_Sbsar_Part2/rock_wall_smooth.sbsar
rock_wall_wind_eroded,.sbsar,Brick/Masonry/Wall,no,no,Substance_Database_2.1/Substance_Database_2.0_GameTextures_Sbsar_Part2,Substance_Database_2.1/Substance_Database_2.0_GameTextures_Sbsar_Part2/rock_wall_wind_eroded.sbsar
rocky_arid_ground,.sbsar,Rock/Stone/Cliff,no,no,Substance_Database_2.1/Substance_Database_2.0_GameTextures_Sbsar_Part2,Substance_Database_2.1/Substance_Database_2.0_GameTextures_Sbsar_Part2/rocky_arid_ground.sbsar
roof_bent_ceramic_tiles,.sbsar,Pavement/Tiles/Floor,no,no,Substance_Database_2.1/Substance_Database_2.0_GameTextures_Sbsar_Part2,Substance_Database_2.1/Substance_Database_2.0_GameTextures_Sbsar_Part2/roof_bent_ceramic_tiles.sbsar
roof_ceramic_old,.sbsar,Pavement/Tiles/Floor,no,no,Substance_Database_2.1/Substance_Database_2.0_GameTextures_Sbsar_Part2,Substance_Database_2.1/Substance_Database_2.0_GameTextures_Sbsar_Part2/roof_ceramic_old.sbsar
roof_ceramic_old_001,.sbsar,Pavement/Tiles/Floor,no,no,Substance_Database_2.1/Substance_Database_2.0_GameTextures_Sbsar_Part2,Substance_Database_2.1/Substance_Database_2.0_GameTextures_Sbsar_Part2/roof_ceramic_old_001.sbsar
roof_ceramic_old_002,.sbsar,Pavement/Tiles/Floor,no,no,Substance_Database_2.1/Substance_Database_2.0_GameTextures_Sbsar_Part2,Substance_Database_2.1/Substance_Database_2.0_GameTextures_Sbsar_Part2/roof_ceramic_old_002.sbsar
roof_ceramic_roof_tile,.sbsar,Pavement/Tiles/Floor,no,no,Substance_Database_2.1/Substance_Database_2.0_GameTextures_Sbsar_Part2,Substance_Database_2.1/Substance_Database_2.0_GameTextures_Sbsar_Part2/roof_ceramic_roof_tile.sbsar
roof_ceramic_round_tiles_moss,.sbsar,Organic/Nature,no,no,Substance_Database_2.1/Substance_Database_2.0_GameTextures_Sbsar_Part2,Substance_Database_2.1/Substance_Database_2.0_GameTextures_Sbsar_Part2/roof_ceramic_round_tiles_moss.sbsar
roof_round_tiles_advanced,.sbsar,Pavement/Tiles/Floor,no,no,Substance_Database_2.1/Substance_Database_2.0_GameTextures_Sbsar_Part2,Substance_Database_2.1/Substance_Database_2.0_GameTextures_Sbsar_Part2/roof_round_tiles_advanced.sbsar
roof_slate_tile_clean,.sbsar,Pavement/Tiles/Floor,no,no,Substance_Database_2.1/Substance_Database_2.0_GameTextures_Sbsar_Part2,Substance_Database_2.1/Substance_Database_2.0_GameTextures_Sbsar_Part2/roof_slate_tile_clean.sbsar
roof_slate_tiled,.sbsar,Pavement/Tiles/Floor,no,no,Substance_Database_2.1/Substance_Database_2.0_GameTextures_Sbsar_Part2,Substance_Database_2.1/Substance_Database_2.0_GameTextures_Sbsar_Part2/roof_slate_tiled.sbsar
roof_slate_with_moss,.sbsar,Organic/Nature,no,no,Substance_Database_2.1/Substance_Database_2.0_GameTextures_Sbsar_Part2,Substance_Database_2.1/Substance_Database_2.0_GameTextures_Sbsar_Part2/roof_slate_with_moss.sbsar
roof_wood_old,.sbsar,Wood,no,no,Substance_Database_2.1/Substance_Database_2.0_GameTextures_Sbsar_Part2,Substance_Database_2.1/Substance_Database_2.0_GameTextures_Sbsar_Part2/roof_wood_old.sbsar
roof_wood_shingles,.sbsar,Wood,no,no,Substance_Database_2.1/Substance_Database_2.0_GameTextures_Sbsar_Part2,Substance_Database_2.1/Substance_Database_2.0_GameTextures_Sbsar_Part2/roof_wood_shingles.sbsar
rough_lead_advanced,.sbsar,Metal,no,no,Substance_Database_2.1/Substance_Database_2.0_GameTextures_Sbsar_Part2,Substance_Database_2.1/Substance_Database_2.0_GameTextures_Sbsar_Part2/rough_lead_advanced.sbsar
rubber_and_plastic_laboratory_floor,.sbsar,Pavement/Tiles/Floor,no,no,Substance_Database_2.1/Substance_Database_2.0_GameTextures_Sbsar_Part2,Substance_Database_2.1/Substance_Database_2.0_GameTextures_Sbsar_Part2/rubber_and_plastic_laboratory_floor.sbsar
sand_colored_plaster_wall,.sbsar,Concrete/Plaster,no,no,Substance_Database_2.1/Substance_Database_2.0_GameTextures_Sbsar_Part2,Substance_Database_2.1/Substance_Database_2.0_GameTextures_Sbsar_Part2/sand_colored_plaster_wall.sbsar
smooth_plastic_advanced,.sbsar,Other,no,no,Substance_Database_2.1/Substance_Database_2.0_GameTextures_Sbsar_Part2,Substance_Database_2.1/Substance_Database_2.0_GameTextures_Sbsar_Part2/smooth_plastic_advanced.sbsar
stacked_boulder_wall,.sbsar,Brick/Masonry/Wall,no,no,Substance_Database_2.1/Substance_Database_2.0_GameTextures_Sbsar_Part2,Substance_Database_2.1/Substance_Database_2.0_GameTextures_Sbsar_Part2/stacked_boulder_wall.sbsar
stone_cartoony_flat_brick_cobblestone,.sbsar,Stylized,yes,no,Substance_Database_2.1/Substance_Database_2.0_GameTextures_Sbsar_Part2,Substance_Database_2.1/Substance_Database_2.0_GameTextures_Sbsar_Part2/stone_cartoony_flat_brick_cobblestone.sbsar
stone_cartoony_stone_bricks,.sbsar,Stylized,yes,no,Substance_Database_2.1/Substance_Database_2.0_GameTextures_Sbsar_Part2,Substance_Database_2.1/Substance_Database_2.0_GameTextures_Sbsar_Part2/stone_cartoony_stone_bricks.sbsar
stone_rock_wall,.sbsar,Brick/Masonry/Wall,no,no,Substance_Database_2.1/Substance_Database_2.0_GameTextures_Sbsar_Part2,Substance_Database_2.1/Substance_Database_2.0_GameTextures_Sbsar_Part2/stone_rock_wall.sbsar
stone_smooth_rock_ground,.sbsar,Rock/Stone/Cliff,no,no,Substance_Database_2.1/Substance_Database_2.0_GameTextures_Sbsar_Part2,Substance_Database_2.1/Substance_Database_2.0_GameTextures_Sbsar_Part2/stone_smooth_rock_ground.sbsar
tile_black_marble,.sbsar,Pavement/Tiles/Floor,no,no,Substance_Database_2.1/Substance_Database_2.0_GameTextures_Sbsar_Part2,Substance_Database_2.1/Substance_Database_2.0_GameTextures_Sbsar_Part2/tile_black_marble.sbsar
tile_clean_blue_beige,.sbsar,Pavement/Tiles/Floor,no,no,Substance_Database_2.1/Substance_Database_2.0_GameTextures_Sbsar_Part2,Substance_Database_2.1/Substance_Database_2.0_GameTextures_Sbsar_Part2/tile_clean_blue_beige.sbsar
tile_diamond_patterned,.sbsar,Pavement/Tiles/Floor,no,no,Substance_Database_2.1/Substance_Database_2.0_GameTextures_Sbsar_Part2,Substance_Database_2.1/Substance_Database_2.0_GameTextures_Sbsar_Part2/tile_diamond_patterned.sbsar
tile_dirty_square_subway,.sbsar,Pavement/Tiles/Floor,no,no,Substance_Database_2.1/Substance_Database_2.0_GameTextures_Sbsar_Part2,Substance_Database_2.1/Substance_Database_2.0_GameTextures_Sbsar_Part2/tile_dirty_square_subway.sbsar
tile_disgusting_subway_tiles,.sbsar,Pavement/Tiles/Floor,no,no,Substance_Database_2.1/Substance_Database_2.0_GameTextures_Sbsar_Part2,Substance_Database_2.1/Substance_Database_2.0_GameTextures_Sbsar_Part2/tile_disgusting_subway_tiles.sbsar
tile_disgusting_tile,.sbsar,Pavement/Tiles/Floor,no,no,Substance_Database_2.1/Substance_Database_2.0_GameTextures_Sbsar_Part2,Substance_Database_2.1/Substance_Database_2.0_GameTextures_Sbsar_Part2/tile_disgusting_tile.sbsar
tile_dwarf_tile_clean,.sbsar,Pavement/Tiles/Floor,no,no,Substance_Database_2.1/Substance_Database_2.0_GameTextures_Sbsar_Part2,Substance_Database_2.1/Substance_Database_2.0_GameTextures_Sbsar_Part2/tile_dwarf_tile_clean.sbsar
tile_grocery_store_linoleum,.sbsar,Pavement/Tiles/Floor,no,no,Substance_Database_2.1/Substance_Database_2.0_GameTextures_Sbsar_Part2,Substance_Database_2.1/Substance_Database_2.0_GameTextures_Sbsar_Part2/tile_grocery_store_linoleum.sbsar
tile_marble_diamond_divided,.sbsar,Pavement/Tiles/Floor,no,no,Substance_Database_2.1/Substance_Database_2.0_GameTextures_Sbsar_Part2,Substance_Database_2.1/Substance_Database_2.0_GameTextures_Sbsar_Part2/tile_marble_diamond_divided.sbsar
tile_ornate_bordered,.sbsar,Pavement/Tiles/Floor,no,no,Substance_Database_2.1/Substance_Database_2.0_GameTextures_Sbsar_Part2,Substance_Database_2.1/Substance_Database_2.0_GameTextures_Sbsar_Part2/tile_ornate_bordered.sbsar
tile_pattern_tile_advanced_001,.sbsar,Pavement/Tiles/Floor,no,no,Substance_Database_2.1/Substance_Database_2.0_GameTextures_Sbsar_Part2,Substance_Database_2.1/Substance_Database_2.0_GameTextures_Sbsar_Part2/tile_pattern_tile_advanced_001.sbsar
tile_pattern_tile_advanced_002,.sbsar,Pavement/Tiles/Floor,no,no,Substance_Database_2.1/Substance_Database_2.0_GameTextures_Sbsar_Part2,Substance_Database_2.1/Substance_Database_2.0_GameTextures_Sbsar_Part2/tile_pattern_tile_advanced_002.sbsar
tile_pattern_tile_advanced_003,.sbsar,Pavement/Tiles/Floor,no,no,Substance_Database_2.1/Substance_Database_2.0_GameTextures_Sbsar_Part2,Substance_Database_2.1/Substance_Database_2.0_GameTextures_Sbsar_Part2/tile_pattern_tile_advanced_003.sbsar
tile_pattern_tile_advanced_004,.sbsar,Pavement/Tiles/Floor,no,no,Substance_Database_2.1/Substance_Database_2.0_GameTextures_Sbsar_Part2,Substance_Database_2.1/Substance_Database_2.0_GameTextures_Sbsar_Part2/tile_pattern_tile_advanced_004.sbsar
tile_scifi_metal_pattern,.sbsar,Sci-fi/Tech,no,no,Substance_Database_2.1/Substance_Database_2.0_GameTextures_Sbsar_Part2,Substance_Database_2.1/Substance_Database_2.0_GameTextures_Sbsar_Part2/tile_scifi_metal_pattern.sbsar
tile_small_tiles_dirty,.sbsar,Pavement/Tiles/Floor,no,no,Substance_Database_2.1/Substance_Database_2.0_GameTextures_Sbsar_Part2,Substance_Database_2.1/Substance_Database_2.0_GameTextures_Sbsar_Part2/tile_small_tiles_dirty.sbsar
tile_square_swirl,.sbsar,Pavement/Tiles/Floor,no,no,Substance_Database_2.1/Substance_Database_2.0_GameTextures_Sbsar_Part2,Substance_Database_2.1/Substance_Database_2.0_GameTextures_Sbsar_Part2/tile_square_swirl.sbsar
tile_square_with_diamond_pattern,.sbsar,Pavement/Tiles/Floor,no,no,Substance_Database_2.1/Substance_Database_2.0_GameTextures_Sbsar_Part2,Substance_Database_2.1/Substance_Database_2.0_GameTextures_Sbsar_Part2/tile_square_with_diamond_pattern.sbsar
tile_star_cross_pattern,.sbsar,Pavement/Tiles/Floor,no,no,Substance_Database_2.1/Substance_Database_2.0_GameTextures_Sbsar_Part2,Substance_Database_2.1/Substance_Database_2.0_GameTextures_Sbsar_Part2/tile_star_cross_pattern.sbsar
tile_stylized_wood_tile,.sbsar,Stylized,yes,no,Substance_Database_2.1/Substance_Database_2.0_GameTextures_Sbsar_Part2,Substance_Database_2.1/Substance_Database_2.0_GameTextures_Sbsar_Part2/tile_stylized_wood_tile.sbsar
tile_wavey_wedge,.sbsar,Pavement/Tiles/Floor,no,no,Substance_Database_2.1/Substance_Database_2.0_GameTextures_Sbsar_Part2,Substance_Database_2.1/Substance_Database_2.0_GameTextures_Sbsar_Part2/tile_wavey_wedge.sbsar
tile_wood_grid,.sbsar,Wood,no,no,Substance_Database_2.1/Substance_Database_2.0_GameTextures_Sbsar_Part2,Substance_Database_2.1/Substance_Database_2.0_GameTextures_Sbsar_Part2/tile_wood_grid.sbsar
tiles_helix_pattern,.sbsar,Pavement/Tiles/Floor,no,no,Substance_Database_2.1/Substance_Database_2.0_GameTextures_Sbsar_Part2,Substance_Database_2.1/Substance_Database_2.0_GameTextures_Sbsar_Part2/tiles_helix_pattern.sbsar
wood_board_walk_planks,.sbsar,Wood,no,no,Substance_Database_2.1/Substance_Database_2.0_GameTextures_Sbsar_Part2,Substance_Database_2.1/Substance_Database_2.0_GameTextures_Sbsar_Part2/wood_board_walk_planks.sbsar
wood_cherry_wood_floor,.sbsar,Wood,no,no,Substance_Database_2.1/Substance_Database_2.0_GameTextures_Sbsar_Part2,Substance_Database_2.1/Substance_Database_2.0_GameTextures_Sbsar_Part2/wood_cherry_wood_floor.sbsar
wood_common_storage_crate,.sbsar,Wood,no,no,Substance_Database_2.1/Substance_Database_2.0_GameTextures_Sbsar_Part2,Substance_Database_2.1/Substance_Database_2.0_GameTextures_Sbsar_Part2/wood_common_storage_crate.sbsar
wood_faded_white_wash_siding,.sbsar,Wood,no,no,Substance_Database_2.1/Substance_Database_2.0_GameTextures_Sbsar_Part2,Substance_Database_2.1/Substance_Database_2.0_GameTextures_Sbsar_Part2/wood_faded_white_wash_siding.sbsar
wood_fancy_ballroom_floor,.sbsar,Wood,no,no,Substance_Database_2.1/Substance_Database_2.0_GameTextures_Sbsar_Part2,Substance_Database_2.1/Substance_Database_2.0_GameTextures_Sbsar_Part2/wood_fancy_ballroom_floor.sbsar
wood_floor_clean,.sbsar,Wood,no,no,Substance_Database_2.1/Substance_Database_2.0_GameTextures_Sbsar_Part2,Substance_Database_2.1/Substance_Database_2.0_GameTextures_Sbsar_Part2/wood_floor_clean.sbsar
wood_medieval_metal_grid,.sbsar,Wood,no,no,Substance_Database_2.1/Substance_Database_2.0_GameTextures_Sbsar_Part2,Substance_Database_2.1/Substance_Database_2.0_GameTextures_Sbsar_Part2/wood_medieval_metal_grid.sbsar
wood_old_dirty_parquet_floor,.sbsar,Wood,no,no,Substance_Database_2.1/Substance_Database_2.0_GameTextures_Sbsar_Part2,Substance_Database_2.1/Substance_Database_2.0_GameTextures_Sbsar_Part2/wood_old_dirty_parquet_floor.sbsar
wood_old_floor_clean,.sbsar,Wood,no,no,Substance_Database_2.1/Substance_Database_2.0_GameTextures_Sbsar_Part2,Substance_Database_2.1/Substance_Database_2.0_GameTextures_Sbsar_Part2/wood_old_floor_clean.sbsar
wood_ornate_wood_ceiling,.sbsar,Wood,no,no,Substance_Database_2.1/Substance_Database_2.0_GameTextures_Sbsar_Part2,Substance_Database_2.1/Substance_Database_2.0_GameTextures_Sbsar_Part2/wood_ornate_wood_ceiling.sbsar
wood_parallel_planks,.sbsar,Wood,no,no,Substance_Database_2.1/Substance_Database_2.0_GameTextures_Sbsar_Part2,Substance_Database_2.1/Substance_Database_2.0_GameTextures_Sbsar_Part2/wood_parallel_planks.sbsar
wood_parquet_old,.sbsar,Wood,no,no,Substance_Database_2.1/Substance_Database_2.0_GameTextures_Sbsar_Part2,Substance_Database_2.1/Substance_Database_2.0_GameTextures_Sbsar_Part2/wood_parquet_old.sbsar
wood_pine_panels,.sbsar,Wood,no,no,Substance_Database_2.1/Substance_Database_2.0_GameTextures_Sbsar_Part2,Substance_Database_2.1/Substance_Database_2.0_GameTextures_Sbsar_Part2/wood_pine_panels.sbsar
wood_planks_reinforced,.sbsar,Wood,no,no,Substance_Database_2.1/Substance_Database_2.0_GameTextures_Sbsar_Part2,Substance_Database_2.1/Substance_Database_2.0_GameTextures_Sbsar_Part2/wood_planks_reinforced.sbsar
wood_plywood_advanced,.sbsar,Wood,no,no,Substance_Database_2.1/Substance_Database_2.0_GameTextures_Sbsar_Part2,Substance_Database_2.1/Substance_Database_2.0_GameTextures_Sbsar_Part2/wood_plywood_advanced.sbsar
wood_plywood_supports,.sbsar,Wood,no,no,Substance_Database_2.1/Substance_Database_2.0_GameTextures_Sbsar_Part2,Substance_Database_2.1/Substance_Database_2.0_GameTextures_Sbsar_Part2/wood_plywood_supports.sbsar
wood_railway_sleeper,.sbsar,Wood,no,no,Substance_Database_2.1/Substance_Database_2.0_GameTextures_Sbsar_Part2,Substance_Database_2.1/Substance_Database_2.0_GameTextures_Sbsar_Part2/wood_railway_sleeper.sbsar
wood_rounded_log_cabin,.sbsar,Wood,no,no,Substance_Database_2.1/Substance_Database_2.0_GameTextures_Sbsar_Part2,Substance_Database_2.1/Substance_Database_2.0_GameTextures_Sbsar_Part2/wood_rounded_log_cabin.sbsar
wood_siding_clean,.sbsar,Wood,no,no,Substance_Database_2.1/Substance_Database_2.0_GameTextures_Sbsar_Part2,Substance_Database_2.1/Substance_Database_2.0_GameTextures_Sbsar_Part2/wood_siding_clean.sbsar
wood_tiling_small_detail_generic,.sbsar,Wood,no,no,Substance_Database_2.1/Substance_Database_2.0_GameTextures_Sbsar_Part2,Substance_Database_2.1/Substance_Database_2.0_GameTextures_Sbsar_Part2/wood_tiling_small_detail_generic.sbsar
wood_tiling_widdled_planks,.sbsar,Wood,no,no,Substance_Database_2.1/Substance_Database_2.0_GameTextures_Sbsar_Part2,Substance_Database_2.1/Substance_Database_2.0_GameTextures_Sbsar_Part2/wood_tiling_widdled_planks.sbsar
wood_worn_siding_advanced,.sbsar,Wood,no,no,Substance_Database_2.1/Substance_Database_2.0_GameTextures_Sbsar_Part2,Substance_Database_2.1/Substance_Database_2.0_GameTextures_Sbsar_Part2/wood_worn_siding_advanced.sbsar
wood_zig_zag_floor,.sbsar,Wood,no,no,Substance_Database_2.1/Substance_Database_2.0_GameTextures_Sbsar_Part2,Substance_Database_2.1/Substance_Database_2.0_GameTextures_Sbsar_Part2/wood_zig_zag_floor.sbsar
wooden_crate_advanced,.sbsar,Wood,no,no,Substance_Database_2.1/Substance_Database_2.0_GameTextures_Sbsar_Part2,Substance_Database_2.1/Substance_Database_2.0_GameTextures_Sbsar_Part2/wooden_crate_advanced.sbsar
wooden_wall_advanced,.sbsar,Wood,no,no,Substance_Database_2.1/Substance_Database_2.0_GameTextures_Sbsar_Part2,Substance_Database_2.1/Substance_Database_2.0_GameTextures_Sbsar_Part2/wooden_wall_advanced.sbsar
Bitmap2Material_3,.sbsar,Generators/Utility,no,no,Substance_Database_2.1/Substance_Database_2.1_BitmapBased_Sbs [embedded in .resources],Substance_Database_2.1/Substance_Database_2.1_BitmapBased_Sbs/Bricks/bricks_001_bitmap.resources/Bitmap2Material_3.sbsar
bricks_001_bitmap,.sbs,Brick/Masonry/Wall,no,yes,Substance_Database_2.1/Substance_Database_2.1_BitmapBased_Sbs,Substance_Database_2.1/Substance_Database_2.1_BitmapBased_Sbs/Bricks/bricks_001_bitmap.sbs
Bitmap2Material_3,.sbsar,Generators/Utility,no,no,Substance_Database_2.1/Substance_Database_2.1_BitmapBased_Sbs [embedded in .resources],Substance_Database_2.1/Substance_Database_2.1_BitmapBased_Sbs/Bricks/bricks_002_bitmap.resources/Bitmap2Material_3.sbsar
bricks_002_bitmap,.sbs,Brick/Masonry/Wall,no,yes,Substance_Database_2.1/Substance_Database_2.1_BitmapBased_Sbs,Substance_Database_2.1/Substance_Database_2.1_BitmapBased_Sbs/Bricks/bricks_002_bitmap.sbs
Bitmap2Material_3,.sbsar,Generators/Utility,no,no,Substance_Database_2.1/Substance_Database_2.1_BitmapBased_Sbs [embedded in .resources],Substance_Database_2.1/Substance_Database_2.1_BitmapBased_Sbs/Bricks/bricks_003_bitmap.resources/Bitmap2Material_3.sbsar
bricks_003_bitmap,.sbs,Brick/Masonry/Wall,no,yes,Substance_Database_2.1/Substance_Database_2.1_BitmapBased_Sbs,Substance_Database_2.1/Substance_Database_2.1_BitmapBased_Sbs/Bricks/bricks_003_bitmap.sbs
Bitmap2Material_3,.sbsar,Generators/Utility,no,no,Substance_Database_2.1/Substance_Database_2.1_BitmapBased_Sbs [embedded in .resources],Substance_Database_2.1/Substance_Database_2.1_BitmapBased_Sbs/Bricks/bricks_004_bitmap.resources/Bitmap2Material_3.sbsar
bricks_004_bitmap,.sbs,Brick/Masonry/Wall,no,yes,Substance_Database_2.1/Substance_Database_2.1_BitmapBased_Sbs,Substance_Database_2.1/Substance_Database_2.1_BitmapBased_Sbs/Bricks/bricks_004_bitmap.sbs
Bitmap2Material_3,.sbsar,Generators/Utility,no,no,Substance_Database_2.1/Substance_Database_2.1_BitmapBased_Sbs [embedded in .resources],Substance_Database_2.1/Substance_Database_2.1_BitmapBased_Sbs/Bricks/bricks_005_bitmap.resources/Bitmap2Material_3.sbsar
bricks_005_bitmap,.sbs,Brick/Masonry/Wall,no,yes,Substance_Database_2.1/Substance_Database_2.1_BitmapBased_Sbs,Substance_Database_2.1/Substance_Database_2.1_BitmapBased_Sbs/Bricks/bricks_005_bitmap.sbs
Bitmap2Material_3,.sbsar,Generators/Utility,no,no,Substance_Database_2.1/Substance_Database_2.1_BitmapBased_Sbs [embedded in .resources],Substance_Database_2.1/Substance_Database_2.1_BitmapBased_Sbs/Bricks/stones_wall_001_bitmap.resources/Bitmap2Material_3.sbsar
stones_wall_001_bitmap,.sbs,Brick/Masonry/Wall,no,yes,Substance_Database_2.1/Substance_Database_2.1_BitmapBased_Sbs,Substance_Database_2.1/Substance_Database_2.1_BitmapBased_Sbs/Bricks/stones_wall_001_bitmap.sbs
Bitmap2Material_3,.sbsar,Generators/Utility,no,no,Substance_Database_2.1/Substance_Database_2.1_BitmapBased_Sbs [embedded in .resources],Substance_Database_2.1/Substance_Database_2.1_BitmapBased_Sbs/Bricks/stones_wall_002_bitmap.resources/Bitmap2Material_3.sbsar
stones_wall_002_bitmap,.sbs,Brick/Masonry/Wall,no,yes,Substance_Database_2.1/Substance_Database_2.1_BitmapBased_Sbs,Substance_Database_2.1/Substance_Database_2.1_BitmapBased_Sbs/Bricks/stones_wall_002_bitmap.sbs
Bitmap2Material_3,.sbsar,Generators/Utility,no,no,Substance_Database_2.1/Substance_Database_2.1_BitmapBased_Sbs [embedded in .resources],Substance_Database_2.1/Substance_Database_2.1_BitmapBased_Sbs/Bricks/stones_wall_003_bitmap.resources/Bitmap2Material_3.sbsar
stones_wall_003_bitmap,.sbs,Brick/Masonry/Wall,no,yes,Substance_Database_2.1/Substance_Database_2.1_BitmapBased_Sbs,Substance_Database_2.1/Substance_Database_2.1_BitmapBased_Sbs/Bricks/stones_wall_003_bitmap.sbs
Bitmap2Material_3,.sbsar,Generators/Utility,no,no,Substance_Database_2.1/Substance_Database_2.1_BitmapBased_Sbs [embedded in .resources],Substance_Database_2.1/Substance_Database_2.1_BitmapBased_Sbs/Bricks/stones_wall_004_bitmap.resources/Bitmap2Material_3.sbsar
stones_wall_004_bitmap,.sbs,Brick/Masonry/Wall,no,yes,Substance_Database_2.1/Substance_Database_2.1_BitmapBased_Sbs,Substance_Database_2.1/Substance_Database_2.1_BitmapBased_Sbs/Bricks/stones_wall_004_bitmap.sbs
concrete_wall_001_bitmap,.sbs,Concrete/Plaster,no,yes,Substance_Database_2.1/Substance_Database_2.1_BitmapBased_Sbs [autosave copy],Substance_Database_2.1/Substance_Database_2.1_BitmapBased_Sbs/Concrete/.autosave/concrete_wall_001_bitmap.sbs
concrete_wall_001_bitmap_0,.sbs,Concrete/Plaster,no,yes,Substance_Database_2.1/Substance_Database_2.1_BitmapBased_Sbs [autosave copy],Substance_Database_2.1/Substance_Database_2.1_BitmapBased_Sbs/Concrete/.autosave/concrete_wall_001_bitmap_0.sbs
concrete_wall_001_bitmap_1,.sbs,Concrete/Plaster,no,yes,Substance_Database_2.1/Substance_Database_2.1_BitmapBased_Sbs [autosave copy],Substance_Database_2.1/Substance_Database_2.1_BitmapBased_Sbs/Concrete/.autosave/concrete_wall_001_bitmap_1.sbs
concrete_wall_002_bitmap,.sbs,Concrete/Plaster,no,yes,Substance_Database_2.1/Substance_Database_2.1_BitmapBased_Sbs [autosave copy],Substance_Database_2.1/Substance_Database_2.1_BitmapBased_Sbs/Concrete/.autosave/concrete_wall_002_bitmap.sbs
concrete_wall_002_bitmap_0,.sbs,Concrete/Plaster,no,yes,Substance_Database_2.1/Substance_Database_2.1_BitmapBased_Sbs [autosave copy],Substance_Database_2.1/Substance_Database_2.1_BitmapBased_Sbs/Concrete/.autosave/concrete_wall_002_bitmap_0.sbs
crystal_concrete_001_bitmap,.sbs,Concrete/Plaster,no,yes,Substance_Database_2.1/Substance_Database_2.1_BitmapBased_Sbs [autosave copy],Substance_Database_2.1/Substance_Database_2.1_BitmapBased_Sbs/Concrete/.autosave/crystal_concrete_001_bitmap.sbs
crystal_concrete_001_bitmap_0,.sbs,Concrete/Plaster,no,yes,Substance_Database_2.1/Substance_Database_2.1_BitmapBased_Sbs [autosave copy],Substance_Database_2.1/Substance_Database_2.1_BitmapBased_Sbs/Concrete/.autosave/crystal_concrete_001_bitmap_0.sbs
dirty_concrete_wall_001_bitmap,.sbs,Concrete/Plaster,no,yes,Substance_Database_2.1/Substance_Database_2.1_BitmapBased_Sbs [autosave copy],Substance_Database_2.1/Substance_Database_2.1_BitmapBased_Sbs/Concrete/.autosave/dirty_concrete_wall_001_bitmap.sbs
dirty_concrete_wall_001_bitmap_0,.sbs,Concrete/Plaster,no,yes,Substance_Database_2.1/Substance_Database_2.1_BitmapBased_Sbs [autosave copy],Substance_Database_2.1/Substance_Database_2.1_BitmapBased_Sbs/Concrete/.autosave/dirty_concrete_wall_001_bitmap_0.sbs
layered_concrete_wall_001_bitmap,.sbs,Concrete/Plaster,no,yes,Substance_Database_2.1/Substance_Database_2.1_BitmapBased_Sbs [autosave copy],Substance_Database_2.1/Substance_Database_2.1_BitmapBased_Sbs/Concrete/.autosave/layered_concrete_wall_001_bitmap.sbs
layered_concrete_wall_001_bitmap_0,.sbs,Concrete/Plaster,no,yes,Substance_Database_2.1/Substance_Database_2.1_BitmapBased_Sbs [autosave copy],Substance_Database_2.1/Substance_Database_2.1_BitmapBased_Sbs/Concrete/.autosave/layered_concrete_wall_001_bitmap_0.sbs
painted_concrete_001_bitmap,.sbs,Concrete/Plaster,no,yes,Substance_Database_2.1/Substance_Database_2.1_BitmapBased_Sbs [autosave copy],Substance_Database_2.1/Substance_Database_2.1_BitmapBased_Sbs/Concrete/.autosave/painted_concrete_001_bitmap.sbs
painted_concrete_001_bitmap_0,.sbs,Concrete/Plaster,no,yes,Substance_Database_2.1/Substance_Database_2.1_BitmapBased_Sbs [autosave copy],Substance_Database_2.1/Substance_Database_2.1_BitmapBased_Sbs/Concrete/.autosave/painted_concrete_001_bitmap_0.sbs
sculpted_concrete_001_bitmap,.sbs,Concrete/Plaster,no,yes,Substance_Database_2.1/Substance_Database_2.1_BitmapBased_Sbs [autosave copy],Substance_Database_2.1/Substance_Database_2.1_BitmapBased_Sbs/Concrete/.autosave/sculpted_concrete_001_bitmap.sbs
sculpted_concrete_001_bitmap_0,.sbs,Concrete/Plaster,no,yes,Substance_Database_2.1/Substance_Database_2.1_BitmapBased_Sbs [autosave copy],Substance_Database_2.1/Substance_Database_2.1_BitmapBased_Sbs/Concrete/.autosave/sculpted_concrete_001_bitmap_0.sbs
sidewalk_bumped_concrete_001_bitmap,.sbs,Concrete/Plaster,no,yes,Substance_Database_2.1/Substance_Database_2.1_BitmapBased_Sbs [autosave copy],Substance_Database_2.1/Substance_Database_2.1_BitmapBased_Sbs/Concrete/.autosave/sidewalk_bumped_concrete_001_bitmap.sbs
sidewalk_bumped_concrete_001_bitmap_0,.sbs,Concrete/Plaster,no,yes,Substance_Database_2.1/Substance_Database_2.1_BitmapBased_Sbs [autosave copy],Substance_Database_2.1/Substance_Database_2.1_BitmapBased_Sbs/Concrete/.autosave/sidewalk_bumped_concrete_001_bitmap_0.sbs
Bitmap2Material_3,.sbsar,Generators/Utility,no,no,Substance_Database_2.1/Substance_Database_2.1_BitmapBased_Sbs [embedded in .resources],Substance_Database_2.1/Substance_Database_2.1_BitmapBased_Sbs/Concrete/concrete_wall_001_bitmap.resources/Bitmap2Material_3.sbsar
concrete_wall_001_bitmap,.sbs,Concrete/Plaster,no,yes,Substance_Database_2.1/Substance_Database_2.1_BitmapBased_Sbs,Substance_Database_2.1/Substance_Database_2.1_BitmapBased_Sbs/Concrete/concrete_wall_001_bitmap.sbs
Bitmap2Material_3,.sbsar,Generators/Utility,no,no,Substance_Database_2.1/Substance_Database_2.1_BitmapBased_Sbs [embedded in .resources],Substance_Database_2.1/Substance_Database_2.1_BitmapBased_Sbs/Concrete/concrete_wall_002_bitmap.resources/Bitmap2Material_3.sbsar
concrete_wall_002_bitmap,.sbs,Concrete/Plaster,no,yes,Substance_Database_2.1/Substance_Database_2.1_BitmapBased_Sbs,Substance_Database_2.1/Substance_Database_2.1_BitmapBased_Sbs/Concrete/concrete_wall_002_bitmap.sbs
Bitmap2Material_3,.sbsar,Generators/Utility,no,no,Substance_Database_2.1/Substance_Database_2.1_BitmapBased_Sbs [embedded in .resources],Substance_Database_2.1/Substance_Database_2.1_BitmapBased_Sbs/Concrete/crystal_concrete_001_bitmap.resources/Bitmap2Material_3.sbsar
crystal_concrete_001_bitmap,.sbs,Concrete/Plaster,no,yes,Substance_Database_2.1/Substance_Database_2.1_BitmapBased_Sbs,Substance_Database_2.1/Substance_Database_2.1_BitmapBased_Sbs/Concrete/crystal_concrete_001_bitmap.sbs
Bitmap2Material_3,.sbsar,Generators/Utility,no,no,Substance_Database_2.1/Substance_Database_2.1_BitmapBased_Sbs [embedded in .resources],Substance_Database_2.1/Substance_Database_2.1_BitmapBased_Sbs/Concrete/dirty_concrete_wall_001_bitmap.resources/Bitmap2Material_3.sbsar
dirty_concrete_wall_001_bitmap,.sbs,Concrete/Plaster,no,yes,Substance_Database_2.1/Substance_Database_2.1_BitmapBased_Sbs,Substance_Database_2.1/Substance_Database_2.1_BitmapBased_Sbs/Concrete/dirty_concrete_wall_001_bitmap.sbs
Bitmap2Material_3,.sbsar,Generators/Utility,no,no,Substance_Database_2.1/Substance_Database_2.1_BitmapBased_Sbs [embedded in .resources],Substance_Database_2.1/Substance_Database_2.1_BitmapBased_Sbs/Concrete/layered_concrete_wall_001_bitmap.resources/Bitmap2Material_3.sbsar
layered_concrete_wall_001_bitmap,.sbs,Concrete/Plaster,no,yes,Substance_Database_2.1/Substance_Database_2.1_BitmapBased_Sbs,Substance_Database_2.1/Substance_Database_2.1_BitmapBased_Sbs/Concrete/layered_concrete_wall_001_bitmap.sbs
Bitmap2Material_3,.sbsar,Generators/Utility,no,no,Substance_Database_2.1/Substance_Database_2.1_BitmapBased_Sbs [embedded in .resources],Substance_Database_2.1/Substance_Database_2.1_BitmapBased_Sbs/Concrete/old_mossy_concrete_001_bitmap.resources/Bitmap2Material_3.sbsar
old_mossy_concrete_001_bitmap,.sbs,Concrete/Plaster,no,yes,Substance_Database_2.1/Substance_Database_2.1_BitmapBased_Sbs,Substance_Database_2.1/Substance_Database_2.1_BitmapBased_Sbs/Concrete/old_mossy_concrete_001_bitmap.sbs
Bitmap2Material_3,.sbsar,Generators/Utility,no,no,Substance_Database_2.1/Substance_Database_2.1_BitmapBased_Sbs [embedded in .resources],Substance_Database_2.1/Substance_Database_2.1_BitmapBased_Sbs/Concrete/old_mossy_concrete_002_bitmap.resources/Bitmap2Material_3.sbsar
old_mossy_concrete_002_bitmap,.sbs,Concrete/Plaster,no,yes,Substance_Database_2.1/Substance_Database_2.1_BitmapBased_Sbs,Substance_Database_2.1/Substance_Database_2.1_BitmapBased_Sbs/Concrete/old_mossy_concrete_002_bitmap.sbs
Bitmap2Material_3,.sbsar,Generators/Utility,no,no,Substance_Database_2.1/Substance_Database_2.1_BitmapBased_Sbs [embedded in .resources],Substance_Database_2.1/Substance_Database_2.1_BitmapBased_Sbs/Concrete/old_mossy_concrete_003_bitmap.resources/Bitmap2Material_3.sbsar
old_mossy_concrete_003_bitmap,.sbs,Concrete/Plaster,no,yes,Substance_Database_2.1/Substance_Database_2.1_BitmapBased_Sbs,Substance_Database_2.1/Substance_Database_2.1_BitmapBased_Sbs/Concrete/old_mossy_concrete_003_bitmap.sbs
Bitmap2Material_3,.sbsar,Generators/Utility,no,no,Substance_Database_2.1/Substance_Database_2.1_BitmapBased_Sbs [embedded in .resources],Substance_Database_2.1/Substance_Database_2.1_BitmapBased_Sbs/Concrete/painted_concrete_001_bitmap.resources/Bitmap2Material_3.sbsar
painted_concrete_001_bitmap,.sbs,Concrete/Plaster,no,yes,Substance_Database_2.1/Substance_Database_2.1_BitmapBased_Sbs,Substance_Database_2.1/Substance_Database_2.1_BitmapBased_Sbs/Concrete/painted_concrete_001_bitmap.sbs
Bitmap2Material_3,.sbsar,Generators/Utility,no,no,Substance_Database_2.1/Substance_Database_2.1_BitmapBased_Sbs [embedded in .resources],Substance_Database_2.1/Substance_Database_2.1_BitmapBased_Sbs/Concrete/sculpted_concrete_001_bitmap.resources/Bitmap2Material_3.sbsar
sculpted_concrete_001_bitmap,.sbs,Concrete/Plaster,no,yes,Substance_Database_2.1/Substance_Database_2.1_BitmapBased_Sbs,Substance_Database_2.1/Substance_Database_2.1_BitmapBased_Sbs/Concrete/sculpted_concrete_001_bitmap.sbs
Bitmap2Material_3,.sbsar,Generators/Utility,no,no,Substance_Database_2.1/Substance_Database_2.1_BitmapBased_Sbs [embedded in .resources],Substance_Database_2.1/Substance_Database_2.1_BitmapBased_Sbs/Concrete/sidewalk_bumped_concrete_001_bitmap.resources/Bitmap2Material_3.sbsar
sidewalk_bumped_concrete_001_bitmap,.sbs,Concrete/Plaster,no,yes,Substance_Database_2.1/Substance_Database_2.1_BitmapBased_Sbs,Substance_Database_2.1/Substance_Database_2.1_BitmapBased_Sbs/Concrete/sidewalk_bumped_concrete_001_bitmap.sbs
Bitmap2Material_3,.sbsar,Generators/Utility,no,no,Substance_Database_2.1/Substance_Database_2.1_BitmapBased_Sbs [embedded in .resources],Substance_Database_2.1/Substance_Database_2.1_BitmapBased_Sbs/Fabric/fabric_001_bitmap.resources/Bitmap2Material_3.sbsar
fabric_001_bitmap,.sbs,Fabric/Leather,no,yes,Substance_Database_2.1/Substance_Database_2.1_BitmapBased_Sbs,Substance_Database_2.1/Substance_Database_2.1_BitmapBased_Sbs/Fabric/fabric_001_bitmap.sbs
Bitmap2Material_3,.sbsar,Generators/Utility,no,no,Substance_Database_2.1/Substance_Database_2.1_BitmapBased_Sbs [embedded in .resources],Substance_Database_2.1/Substance_Database_2.1_BitmapBased_Sbs/Fabric/fabric_002_bitmap.resources/Bitmap2Material_3.sbsar
fabric_002_bitmap,.sbs,Fabric/Leather,no,yes,Substance_Database_2.1/Substance_Database_2.1_BitmapBased_Sbs,Substance_Database_2.1/Substance_Database_2.1_BitmapBased_Sbs/Fabric/fabric_002_bitmap.sbs
Bitmap2Material_3,.sbsar,Generators/Utility,no,no,Substance_Database_2.1/Substance_Database_2.1_BitmapBased_Sbs [embedded in .resources],Substance_Database_2.1/Substance_Database_2.1_BitmapBased_Sbs/Fabric/fabric_003_bitmap.resources/Bitmap2Material_3.sbsar
fabric_003_bitmap,.sbs,Fabric/Leather,no,yes,Substance_Database_2.1/Substance_Database_2.1_BitmapBased_Sbs,Substance_Database_2.1/Substance_Database_2.1_BitmapBased_Sbs/Fabric/fabric_003_bitmap.sbs
Bitmap2Material_3,.sbsar,Generators/Utility,no,no,Substance_Database_2.1/Substance_Database_2.1_BitmapBased_Sbs [embedded in .resources],Substance_Database_2.1/Substance_Database_2.1_BitmapBased_Sbs/Fabric/leather_001_bitmap.resources/Bitmap2Material_3.sbsar
leather_001_bitmap,.sbs,Fabric/Leather,no,yes,Substance_Database_2.1/Substance_Database_2.1_BitmapBased_Sbs,Substance_Database_2.1/Substance_Database_2.1_BitmapBased_Sbs/Fabric/leather_001_bitmap.sbs
Bitmap2Material_3,.sbsar,Generators/Utility,no,no,Substance_Database_2.1/Substance_Database_2.1_BitmapBased_Sbs [embedded in .resources],Substance_Database_2.1/Substance_Database_2.1_BitmapBased_Sbs/Fabric/leather_002_bitmap.resources/Bitmap2Material_3.sbsar
leather_002_bitmap,.sbs,Fabric/Leather,no,yes,Substance_Database_2.1/Substance_Database_2.1_BitmapBased_Sbs,Substance_Database_2.1/Substance_Database_2.1_BitmapBased_Sbs/Fabric/leather_002_bitmap.sbs
Bitmap2Material_3,.sbsar,Generators/Utility,no,no,Substance_Database_2.1/Substance_Database_2.1_BitmapBased_Sbs [embedded in .resources],Substance_Database_2.1/Substance_Database_2.1_BitmapBased_Sbs/Fabric/leather_003_bitmap.resources/Bitmap2Material_3.sbsar
leather_003_bitmap,.sbs,Fabric/Leather,no,yes,Substance_Database_2.1/Substance_Database_2.1_BitmapBased_Sbs,Substance_Database_2.1/Substance_Database_2.1_BitmapBased_Sbs/Fabric/leather_003_bitmap.sbs
Bitmap2Material_3,.sbsar,Generators/Utility,no,no,Substance_Database_2.1/Substance_Database_2.1_BitmapBased_Sbs [embedded in .resources],Substance_Database_2.1/Substance_Database_2.1_BitmapBased_Sbs/Fabric/towel_001_bitmap.resources/Bitmap2Material_3.sbsar
towel_001_bitmap,.sbs,Fabric/Leather,no,yes,Substance_Database_2.1/Substance_Database_2.1_BitmapBased_Sbs,Substance_Database_2.1/Substance_Database_2.1_BitmapBased_Sbs/Fabric/towel_001_bitmap.sbs
Bitmap2Material_3,.sbsar,Generators/Utility,no,no,Substance_Database_2.1/Substance_Database_2.1_BitmapBased_Sbs [embedded in .resources],Substance_Database_2.1/Substance_Database_2.1_BitmapBased_Sbs/Fabric/wool_001_bitmap.resources/Bitmap2Material_3.sbsar
wool_001_bitmap,.sbs,Fabric/Leather,no,yes,Substance_Database_2.1/Substance_Database_2.1_BitmapBased_Sbs,Substance_Database_2.1/Substance_Database_2.1_BitmapBased_Sbs/Fabric/wool_001_bitmap.sbs
Bitmap2Material_3,.sbsar,Generators/Utility,no,no,Substance_Database_2.1/Substance_Database_2.1_BitmapBased_Sbs [embedded in .resources],Substance_Database_2.1/Substance_Database_2.1_BitmapBased_Sbs/Fabric/wool_002_bitmap.resources/Bitmap2Material_3.sbsar
wool_002_bitmap,.sbs,Fabric/Leather,no,yes,Substance_Database_2.1/Substance_Database_2.1_BitmapBased_Sbs,Substance_Database_2.1/Substance_Database_2.1_BitmapBased_Sbs/Fabric/wool_002_bitmap.sbs
Bitmap2Material_3,.sbsar,Generators/Utility,no,no,Substance_Database_2.1/Substance_Database_2.1_BitmapBased_Sbs [embedded in .resources],Substance_Database_2.1/Substance_Database_2.1_BitmapBased_Sbs/Fabric/wool_003_bitmap.resources/Bitmap2Material_3.sbsar
wool_003_bitmap,.sbs,Fabric/Leather,no,yes,Substance_Database_2.1/Substance_Database_2.1_BitmapBased_Sbs,Substance_Database_2.1/Substance_Database_2.1_BitmapBased_Sbs/Fabric/wool_003_bitmap.sbs
Bitmap2Material_3,.sbsar,Generators/Utility,no,no,Substance_Database_2.1/Substance_Database_2.1_BitmapBased_Sbs [embedded in .resources],Substance_Database_2.1/Substance_Database_2.1_BitmapBased_Sbs/Fabric/wool_004_bitmap.resources/Bitmap2Material_3.sbsar
wool_004_bitmap,.sbs,Fabric/Leather,no,yes,Substance_Database_2.1/Substance_Database_2.1_BitmapBased_Sbs,Substance_Database_2.1/Substance_Database_2.1_BitmapBased_Sbs/Fabric/wool_004_bitmap.sbs
Bitmap2Material_3,.sbsar,Generators/Utility,no,no,Substance_Database_2.1/Substance_Database_2.1_BitmapBased_Sbs [embedded in .resources],Substance_Database_2.1/Substance_Database_2.1_BitmapBased_Sbs/Fabric/wool_005_bitmap.resources/Bitmap2Material_3.sbsar
wool_005_bitmap,.sbs,Fabric/Leather,no,yes,Substance_Database_2.1/Substance_Database_2.1_BitmapBased_Sbs,Substance_Database_2.1/Substance_Database_2.1_BitmapBased_Sbs/Fabric/wool_005_bitmap.sbs
asphalt_001_bitmap,.sbs,Pavement/Tiles/Floor,no,yes,Substance_Database_2.1/Substance_Database_2.1_BitmapBased_Sbs [autosave copy],Substance_Database_2.1/Substance_Database_2.1_BitmapBased_Sbs/Ground/.autosave/asphalt_001_bitmap.sbs
asphalt_001_bitmap_0,.sbs,Pavement/Tiles/Floor,no,yes,Substance_Database_2.1/Substance_Database_2.1_BitmapBased_Sbs [autosave copy],Substance_Database_2.1/Substance_Database_2.1_BitmapBased_Sbs/Ground/.autosave/asphalt_001_bitmap_0.sbs
asphalt_002_bitmap,.sbs,Pavement/Tiles/Floor,no,yes,Substance_Database_2.1/Substance_Database_2.1_BitmapBased_Sbs [autosave copy],Substance_Database_2.1/Substance_Database_2.1_BitmapBased_Sbs/Ground/.autosave/asphalt_002_bitmap.sbs
asphalt_002_bitmap_0,.sbs,Pavement/Tiles/Floor,no,yes,Substance_Database_2.1/Substance_Database_2.1_BitmapBased_Sbs [autosave copy],Substance_Database_2.1/Substance_Database_2.1_BitmapBased_Sbs/Ground/.autosave/asphalt_002_bitmap_0.sbs
ice_001_bitmap,.sbs,Ice/Snow/Water,no,yes,Substance_Database_2.1/Substance_Database_2.1_BitmapBased_Sbs [autosave copy],Substance_Database_2.1/Substance_Database_2.1_BitmapBased_Sbs/Ground/.autosave/ice_001_bitmap.sbs
ice_001_bitmap_0,.sbs,Ice/Snow/Water,no,yes,Substance_Database_2.1/Substance_Database_2.1_BitmapBased_Sbs [autosave copy],Substance_Database_2.1/Substance_Database_2.1_BitmapBased_Sbs/Ground/.autosave/ice_001_bitmap_0.sbs
sewer_plate_001_bitmap,.sbs,Ground/Soil/Sand/Gravel,no,yes,Substance_Database_2.1/Substance_Database_2.1_BitmapBased_Sbs [autosave copy],Substance_Database_2.1/Substance_Database_2.1_BitmapBased_Sbs/Ground/.autosave/sewer_plate_001_bitmap.sbs
sewer_plate_001_bitmap_0,.sbs,Ground/Soil/Sand/Gravel,no,yes,Substance_Database_2.1/Substance_Database_2.1_BitmapBased_Sbs [autosave copy],Substance_Database_2.1/Substance_Database_2.1_BitmapBased_Sbs/Ground/.autosave/sewer_plate_001_bitmap_0.sbs
speed_reducer_001_bitmap,.sbs,Ground/Soil/Sand/Gravel,no,yes,Substance_Database_2.1/Substance_Database_2.1_BitmapBased_Sbs [autosave copy],Substance_Database_2.1/Substance_Database_2.1_BitmapBased_Sbs/Ground/.autosave/speed_reducer_001_bitmap.sbs
speed_reducer_001_bitmap_0,.sbs,Ground/Soil/Sand/Gravel,no,yes,Substance_Database_2.1/Substance_Database_2.1_BitmapBased_Sbs [autosave copy],Substance_Database_2.1/Substance_Database_2.1_BitmapBased_Sbs/Ground/.autosave/speed_reducer_001_bitmap_0.sbs
stones_ground_001_bitmap,.sbs,Rock/Stone/Cliff,no,yes,Substance_Database_2.1/Substance_Database_2.1_BitmapBased_Sbs [autosave copy],Substance_Database_2.1/Substance_Database_2.1_BitmapBased_Sbs/Ground/.autosave/stones_ground_001_bitmap.sbs
stones_ground_001_bitmap_0,.sbs,Rock/Stone/Cliff,no,yes,Substance_Database_2.1/Substance_Database_2.1_BitmapBased_Sbs [autosave copy],Substance_Database_2.1/Substance_Database_2.1_BitmapBased_Sbs/Ground/.autosave/stones_ground_001_bitmap_0.sbs
stones_ground_002_bitmap,.sbs,Rock/Stone/Cliff,no,yes,Substance_Database_2.1/Substance_Database_2.1_BitmapBased_Sbs [autosave copy],Substance_Database_2.1/Substance_Database_2.1_BitmapBased_Sbs/Ground/.autosave/stones_ground_002_bitmap.sbs
stones_ground_002_bitmap_0,.sbs,Rock/Stone/Cliff,no,yes,Substance_Database_2.1/Substance_Database_2.1_BitmapBased_Sbs [autosave copy],Substance_Database_2.1/Substance_Database_2.1_BitmapBased_Sbs/Ground/.autosave/stones_ground_002_bitmap_0.sbs
Bitmap2Material_3,.sbsar,Generators/Utility,no,no,Substance_Database_2.1/Substance_Database_2.1_BitmapBased_Sbs [embedded in .resources],Substance_Database_2.1/Substance_Database_2.1_BitmapBased_Sbs/Ground/asphalt_001_bitmap.resources/Bitmap2Material_3.sbsar
asphalt_001_bitmap,.sbs,Pavement/Tiles/Floor,no,yes,Substance_Database_2.1/Substance_Database_2.1_BitmapBased_Sbs,Substance_Database_2.1/Substance_Database_2.1_BitmapBased_Sbs/Ground/asphalt_001_bitmap.sbs
Bitmap2Material_3,.sbsar,Generators/Utility,no,no,Substance_Database_2.1/Substance_Database_2.1_BitmapBased_Sbs [embedded in .resources],Substance_Database_2.1/Substance_Database_2.1_BitmapBased_Sbs/Ground/asphalt_002_bitmap.resources/Bitmap2Material_3.sbsar
asphalt_002_bitmap,.sbs,Pavement/Tiles/Floor,no,yes,Substance_Database_2.1/Substance_Database_2.1_BitmapBased_Sbs,Substance_Database_2.1/Substance_Database_2.1_BitmapBased_Sbs/Ground/asphalt_002_bitmap.sbs
Bitmap2Material_3,.sbsar,Generators/Utility,no,no,Substance_Database_2.1/Substance_Database_2.1_BitmapBased_Sbs [embedded in .resources],Substance_Database_2.1/Substance_Database_2.1_BitmapBased_Sbs/Ground/asphalt_003_bitmap.resources/Bitmap2Material_3.sbsar
asphalt_003_bitmap,.sbs,Pavement/Tiles/Floor,no,yes,Substance_Database_2.1/Substance_Database_2.1_BitmapBased_Sbs,Substance_Database_2.1/Substance_Database_2.1_BitmapBased_Sbs/Ground/asphalt_003_bitmap.sbs
Bitmap2Material_3,.sbsar,Generators/Utility,no,no,Substance_Database_2.1/Substance_Database_2.1_BitmapBased_Sbs [embedded in .resources],Substance_Database_2.1/Substance_Database_2.1_BitmapBased_Sbs/Ground/asphalt_004_bitmap.resources/Bitmap2Material_3.sbsar
asphalt_004_bitmap,.sbs,Pavement/Tiles/Floor,no,yes,Substance_Database_2.1/Substance_Database_2.1_BitmapBased_Sbs,Substance_Database_2.1/Substance_Database_2.1_BitmapBased_Sbs/Ground/asphalt_004_bitmap.sbs
Bitmap2Material_3,.sbsar,Generators/Utility,no,no,Substance_Database_2.1/Substance_Database_2.1_BitmapBased_Sbs [embedded in .resources],Substance_Database_2.1/Substance_Database_2.1_BitmapBased_Sbs/Ground/dirt_and_pebbles_001_bitmap.resources/Bitmap2Material_3.sbsar
dirt_and_pebbles_001_bitmap,.sbs,Rock/Stone/Cliff,no,yes,Substance_Database_2.1/Substance_Database_2.1_BitmapBased_Sbs,Substance_Database_2.1/Substance_Database_2.1_BitmapBased_Sbs/Ground/dirt_and_pebbles_001_bitmap.sbs
Bitmap2Material_3,.sbsar,Generators/Utility,no,no,Substance_Database_2.1/Substance_Database_2.1_BitmapBased_Sbs [embedded in .resources],Substance_Database_2.1/Substance_Database_2.1_BitmapBased_Sbs/Ground/dry_dirt_001_bitmap.resources/Bitmap2Material_3.sbsar
dry_dirt_001_bitmap,.sbs,Ground/Soil/Sand/Gravel,no,yes,Substance_Database_2.1/Substance_Database_2.1_BitmapBased_Sbs,Substance_Database_2.1/Substance_Database_2.1_BitmapBased_Sbs/Ground/dry_dirt_001_bitmap.sbs
Bitmap2Material_3,.sbsar,Generators/Utility,no,no,Substance_Database_2.1/Substance_Database_2.1_BitmapBased_Sbs [embedded in .resources],Substance_Database_2.1/Substance_Database_2.1_BitmapBased_Sbs/Ground/hatch_001_bitmap.resources/Bitmap2Material_3.sbsar
hatch_001_bitmap,.sbs,Ground/Soil/Sand/Gravel,no,yes,Substance_Database_2.1/Substance_Database_2.1_BitmapBased_Sbs,Substance_Database_2.1/Substance_Database_2.1_BitmapBased_Sbs/Ground/hatch_001_bitmap.sbs
Bitmap2Material_3,.sbsar,Generators/Utility,no,no,Substance_Database_2.1/Substance_Database_2.1_BitmapBased_Sbs [embedded in .resources],Substance_Database_2.1/Substance_Database_2.1_BitmapBased_Sbs/Ground/ice_001_bitmap.resources/Bitmap2Material_3.sbsar
ice_001_bitmap,.sbs,Ice/Snow/Water,no,yes,Substance_Database_2.1/Substance_Database_2.1_BitmapBased_Sbs,Substance_Database_2.1/Substance_Database_2.1_BitmapBased_Sbs/Ground/ice_001_bitmap.sbs
Bitmap2Material_3,.sbsar,Generators/Utility,no,no,Substance_Database_2.1/Substance_Database_2.1_BitmapBased_Sbs [embedded in .resources],Substance_Database_2.1/Substance_Database_2.1_BitmapBased_Sbs/Ground/pebbles_pavement_001_bitmap.resources/Bitmap2Material_3.sbsar
pebbles_pavement_001_bitmap,.sbs,Pavement/Tiles/Floor,no,yes,Substance_Database_2.1/Substance_Database_2.1_BitmapBased_Sbs,Substance_Database_2.1/Substance_Database_2.1_BitmapBased_Sbs/Ground/pebbles_pavement_001_bitmap.sbs
Bitmap2Material_3,.sbsar,Generators/Utility,no,no,Substance_Database_2.1/Substance_Database_2.1_BitmapBased_Sbs [embedded in .resources],Substance_Database_2.1/Substance_Database_2.1_BitmapBased_Sbs/Ground/plastic_doormat_001_bitmap.resources/Bitmap2Material_3.sbsar
plastic_doormat_001_bitmap,.sbs,Fabric/Leather,no,yes,Substance_Database_2.1/Substance_Database_2.1_BitmapBased_Sbs,Substance_Database_2.1/Substance_Database_2.1_BitmapBased_Sbs/Ground/plastic_doormat_001_bitmap.sbs
Bitmap2Material_3,.sbsar,Generators/Utility,no,no,Substance_Database_2.1/Substance_Database_2.1_BitmapBased_Sbs [embedded in .resources],Substance_Database_2.1/Substance_Database_2.1_BitmapBased_Sbs/Ground/quincunx_bricks_ground_001_bitmap.resources/Bitmap2Material_3.sbsar
quincunx_bricks_ground_001_bitmap,.sbs,Brick/Masonry/Wall,no,yes,Substance_Database_2.1/Substance_Database_2.1_BitmapBased_Sbs,Substance_Database_2.1/Substance_Database_2.1_BitmapBased_Sbs/Ground/quincunx_bricks_ground_001_bitmap.sbs
Bitmap2Material_3,.sbsar,Generators/Utility,no,no,Substance_Database_2.1/Substance_Database_2.1_BitmapBased_Sbs [embedded in .resources],Substance_Database_2.1/Substance_Database_2.1_BitmapBased_Sbs/Ground/sewer_plate_001_bitmap.resources/Bitmap2Material_3.sbsar
sewer_plate_001_bitmap,.sbs,Ground/Soil/Sand/Gravel,no,yes,Substance_Database_2.1/Substance_Database_2.1_BitmapBased_Sbs,Substance_Database_2.1/Substance_Database_2.1_BitmapBased_Sbs/Ground/sewer_plate_001_bitmap.sbs
Bitmap2Material_3,.sbsar,Generators/Utility,no,no,Substance_Database_2.1/Substance_Database_2.1_BitmapBased_Sbs [embedded in .resources],Substance_Database_2.1/Substance_Database_2.1_BitmapBased_Sbs/Ground/sewer_plate_002_bitmap.resources/Bitmap2Material_3.sbsar
sewer_plate_002_bitmap,.sbs,Ground/Soil/Sand/Gravel,no,yes,Substance_Database_2.1/Substance_Database_2.1_BitmapBased_Sbs,Substance_Database_2.1/Substance_Database_2.1_BitmapBased_Sbs/Ground/sewer_plate_002_bitmap.sbs
Bitmap2Material_3,.sbsar,Generators/Utility,no,no,Substance_Database_2.1/Substance_Database_2.1_BitmapBased_Sbs [embedded in .resources],Substance_Database_2.1/Substance_Database_2.1_BitmapBased_Sbs/Ground/sewer_plate_003_bitmap.resources/Bitmap2Material_3.sbsar
sewer_plate_003_bitmap,.sbs,Ground/Soil/Sand/Gravel,no,yes,Substance_Database_2.1/Substance_Database_2.1_BitmapBased_Sbs,Substance_Database_2.1/Substance_Database_2.1_BitmapBased_Sbs/Ground/sewer_plate_003_bitmap.sbs
Bitmap2Material_3,.sbsar,Generators/Utility,no,no,Substance_Database_2.1/Substance_Database_2.1_BitmapBased_Sbs [embedded in .resources],Substance_Database_2.1/Substance_Database_2.1_BitmapBased_Sbs/Ground/sewer_plate_004_bitmap.resources/Bitmap2Material_3.sbsar
sewer_plate_004_bitmap,.sbs,Ground/Soil/Sand/Gravel,no,yes,Substance_Database_2.1/Substance_Database_2.1_BitmapBased_Sbs,Substance_Database_2.1/Substance_Database_2.1_BitmapBased_Sbs/Ground/sewer_plate_004_bitmap.sbs
Bitmap2Material_3,.sbsar,Generators/Utility,no,no,Substance_Database_2.1/Substance_Database_2.1_BitmapBased_Sbs [embedded in .resources],Substance_Database_2.1/Substance_Database_2.1_BitmapBased_Sbs/Ground/speed_reducer_001_bitmap.resources/Bitmap2Material_3.sbsar
speed_reducer_001_bitmap,.sbs,Ground/Soil/Sand/Gravel,no,yes,Substance_Database_2.1/Substance_Database_2.1_BitmapBased_Sbs,Substance_Database_2.1/Substance_Database_2.1_BitmapBased_Sbs/Ground/speed_reducer_001_bitmap.sbs
Bitmap2Material_3,.sbsar,Generators/Utility,no,no,Substance_Database_2.1/Substance_Database_2.1_BitmapBased_Sbs [embedded in .resources],Substance_Database_2.1/Substance_Database_2.1_BitmapBased_Sbs/Ground/stones_ground_001_bitmap.resources/Bitmap2Material_3.sbsar
stones_ground_001_bitmap,.sbs,Rock/Stone/Cliff,no,yes,Substance_Database_2.1/Substance_Database_2.1_BitmapBased_Sbs,Substance_Database_2.1/Substance_Database_2.1_BitmapBased_Sbs/Ground/stones_ground_001_bitmap.sbs
Bitmap2Material_3,.sbsar,Generators/Utility,no,no,Substance_Database_2.1/Substance_Database_2.1_BitmapBased_Sbs [embedded in .resources],Substance_Database_2.1/Substance_Database_2.1_BitmapBased_Sbs/Ground/stones_ground_002_bitmap.resources/Bitmap2Material_3.sbsar
stones_ground_002_bitmap,.sbs,Rock/Stone/Cliff,no,yes,Substance_Database_2.1/Substance_Database_2.1_BitmapBased_Sbs,Substance_Database_2.1/Substance_Database_2.1_BitmapBased_Sbs/Ground/stones_ground_002_bitmap.sbs
damaged_paint_001_bitmap,.sbs,Generators/Utility,no,yes,Substance_Database_2.1/Substance_Database_2.1_BitmapBased_Sbs [autosave copy],Substance_Database_2.1/Substance_Database_2.1_BitmapBased_Sbs/Grunge/.autosave/damaged_paint_001_bitmap.sbs
damaged_paint_001_bitmap_0,.sbs,Generators/Utility,no,yes,Substance_Database_2.1/Substance_Database_2.1_BitmapBased_Sbs [autosave copy],Substance_Database_2.1/Substance_Database_2.1_BitmapBased_Sbs/Grunge/.autosave/damaged_paint_001_bitmap_0.sbs
Bitmap2Material_3,.sbsar,Generators/Utility,no,no,Substance_Database_2.1/Substance_Database_2.1_BitmapBased_Sbs [embedded in .resources],Substance_Database_2.1/Substance_Database_2.1_BitmapBased_Sbs/Grunge/damaged_paint_001_bitmap.resources/Bitmap2Material_3.sbsar
damaged_paint_001_bitmap,.sbs,Generators/Utility,no,yes,Substance_Database_2.1/Substance_Database_2.1_BitmapBased_Sbs,Substance_Database_2.1/Substance_Database_2.1_BitmapBased_Sbs/Grunge/damaged_paint_001_bitmap.sbs
mailbox_door_001_bitmap,.sbs,Other,no,yes,Substance_Database_2.1/Substance_Database_2.1_BitmapBased_Sbs [autosave copy],Substance_Database_2.1/Substance_Database_2.1_BitmapBased_Sbs/Manmade/.autosave/mailbox_door_001_bitmap.sbs
mailbox_door_001_bitmap_0,.sbs,Other,no,yes,Substance_Database_2.1/Substance_Database_2.1_BitmapBased_Sbs [autosave copy],Substance_Database_2.1/Substance_Database_2.1_BitmapBased_Sbs/Manmade/.autosave/mailbox_door_001_bitmap_0.sbs
Bitmap2Material_3,.sbsar,Generators/Utility,no,no,Substance_Database_2.1/Substance_Database_2.1_BitmapBased_Sbs [embedded in .resources],Substance_Database_2.1/Substance_Database_2.1_BitmapBased_Sbs/Manmade/mailbox_door_001_bitmap.resources/Bitmap2Material_3.sbsar
mailbox_door_001_bitmap,.sbs,Other,no,yes,Substance_Database_2.1/Substance_Database_2.1_BitmapBased_Sbs,Substance_Database_2.1/Substance_Database_2.1_BitmapBased_Sbs/Manmade/mailbox_door_001_bitmap.sbs
Bitmap2Material_3,.sbsar,Generators/Utility,no,no,Substance_Database_2.1/Substance_Database_2.1_BitmapBased_Sbs [embedded in .resources],Substance_Database_2.1/Substance_Database_2.1_BitmapBased_Sbs/Manmade/old_metal_door_001_bitmap.resources/Bitmap2Material_3.sbsar
old_metal_door_001_bitmap,.sbs,Metal,no,yes,Substance_Database_2.1/Substance_Database_2.1_BitmapBased_Sbs,Substance_Database_2.1/Substance_Database_2.1_BitmapBased_Sbs/Manmade/old_metal_door_001_bitmap.sbs
Bitmap2Material_3,.sbsar,Generators/Utility,no,no,Substance_Database_2.1/Substance_Database_2.1_BitmapBased_Sbs [embedded in .resources],Substance_Database_2.1/Substance_Database_2.1_BitmapBased_Sbs/Manmade/painted_wood_hedge_001_bitmap.resources/Bitmap2Material_3.sbsar
painted_wood_hedge_001_bitmap,.sbs,Wood,no,yes,Substance_Database_2.1/Substance_Database_2.1_BitmapBased_Sbs,Substance_Database_2.1/Substance_Database_2.1_BitmapBased_Sbs/Manmade/painted_wood_hedge_001_bitmap.sbs
Bitmap2Material_3,.sbsar,Generators/Utility,no,no,Substance_Database_2.1/Substance_Database_2.1_BitmapBased_Sbs [embedded in .resources],Substance_Database_2.1/Substance_Database_2.1_BitmapBased_Sbs/Manmade/plastic_shutter_001_bitmap.resources/Bitmap2Material_3.sbsar
plastic_shutter_001_bitmap,.sbs,Other,no,yes,Substance_Database_2.1/Substance_Database_2.1_BitmapBased_Sbs,Substance_Database_2.1/Substance_Database_2.1_BitmapBased_Sbs/Manmade/plastic_shutter_001_bitmap.sbs
Bitmap2Material_3,.sbsar,Generators/Utility,no,no,Substance_Database_2.1/Substance_Database_2.1_BitmapBased_Sbs [embedded in .resources],Substance_Database_2.1/Substance_Database_2.1_BitmapBased_Sbs/Marble/marble_001_bitmap.resources/Bitmap2Material_3.sbsar
marble_001_bitmap,.sbs,Rock/Stone/Cliff,no,yes,Substance_Database_2.1/Substance_Database_2.1_BitmapBased_Sbs,Substance_Database_2.1/Substance_Database_2.1_BitmapBased_Sbs/Marble/marble_001_bitmap.sbs
Bitmap2Material_3,.sbsar,Generators/Utility,no,no,Substance_Database_2.1/Substance_Database_2.1_BitmapBased_Sbs [embedded in .resources],Substance_Database_2.1/Substance_Database_2.1_BitmapBased_Sbs/Marble/marble_002_bitmap.resources/Bitmap2Material_3.sbsar
marble_002_bitmap,.sbs,Rock/Stone/Cliff,no,yes,Substance_Database_2.1/Substance_Database_2.1_BitmapBased_Sbs,Substance_Database_2.1/Substance_Database_2.1_BitmapBased_Sbs/Marble/marble_002_bitmap.sbs
Bitmap2Material_3,.sbsar,Generators/Utility,no,no,Substance_Database_2.1/Substance_Database_2.1_BitmapBased_Sbs [embedded in .resources],Substance_Database_2.1/Substance_Database_2.1_BitmapBased_Sbs/Marble/marble_003_bitmap.resources/Bitmap2Material_3.sbsar
marble_003_bitmap,.sbs,Rock/Stone/Cliff,no,yes,Substance_Database_2.1/Substance_Database_2.1_BitmapBased_Sbs,Substance_Database_2.1/Substance_Database_2.1_BitmapBased_Sbs/Marble/marble_003_bitmap.sbs
Bitmap2Material_3,.sbsar,Generators/Utility,no,no,Substance_Database_2.1/Substance_Database_2.1_BitmapBased_Sbs [embedded in .resources],Substance_Database_2.1/Substance_Database_2.1_BitmapBased_Sbs/Marble/marble_004_bitmap.resources/Bitmap2Material_3.sbsar
marble_004_bitmap,.sbs,Rock/Stone/Cliff,no,yes,Substance_Database_2.1/Substance_Database_2.1_BitmapBased_Sbs,Substance_Database_2.1/Substance_Database_2.1_BitmapBased_Sbs/Marble/marble_004_bitmap.sbs
Bitmap2Material_3,.sbsar,Generators/Utility,no,no,Substance_Database_2.1/Substance_Database_2.1_BitmapBased_Sbs [embedded in .resources],Substance_Database_2.1/Substance_Database_2.1_BitmapBased_Sbs/Marble/marble_005_bitmap.resources/Bitmap2Material_3.sbsar
marble_005_bitmap,.sbs,Rock/Stone/Cliff,no,yes,Substance_Database_2.1/Substance_Database_2.1_BitmapBased_Sbs,Substance_Database_2.1/Substance_Database_2.1_BitmapBased_Sbs/Marble/marble_005_bitmap.sbs
Bitmap2Material_3,.sbsar,Generators/Utility,no,no,Substance_Database_2.1/Substance_Database_2.1_BitmapBased_Sbs [embedded in .resources],Substance_Database_2.1/Substance_Database_2.1_BitmapBased_Sbs/Marble/marble_006_bitmap.resources/Bitmap2Material_3.sbsar
marble_006_bitmap,.sbs,Rock/Stone/Cliff,no,yes,Substance_Database_2.1/Substance_Database_2.1_BitmapBased_Sbs,Substance_Database_2.1/Substance_Database_2.1_BitmapBased_Sbs/Marble/marble_006_bitmap.sbs
Bitmap2Material_3,.sbsar,Generators/Utility,no,no,Substance_Database_2.1/Substance_Database_2.1_BitmapBased_Sbs [embedded in .resources],Substance_Database_2.1/Substance_Database_2.1_BitmapBased_Sbs/Marble/marble_007_bitmap.resources/Bitmap2Material_3.sbsar
marble_007_bitmap,.sbs,Rock/Stone/Cliff,no,yes,Substance_Database_2.1/Substance_Database_2.1_BitmapBased_Sbs,Substance_Database_2.1/Substance_Database_2.1_BitmapBased_Sbs/Marble/marble_007_bitmap.sbs
Bitmap2Material_3,.sbsar,Generators/Utility,no,no,Substance_Database_2.1/Substance_Database_2.1_BitmapBased_Sbs [embedded in .resources],Substance_Database_2.1/Substance_Database_2.1_BitmapBased_Sbs/Marble/marble_008_bitmap.resources/Bitmap2Material_3.sbsar
marble_008_bitmap,.sbs,Rock/Stone/Cliff,no,yes,Substance_Database_2.1/Substance_Database_2.1_BitmapBased_Sbs,Substance_Database_2.1/Substance_Database_2.1_BitmapBased_Sbs/Marble/marble_008_bitmap.sbs
Bitmap2Material_3,.sbsar,Generators/Utility,no,no,Substance_Database_2.1/Substance_Database_2.1_BitmapBased_Sbs [embedded in .resources],Substance_Database_2.1/Substance_Database_2.1_BitmapBased_Sbs/Marble/marble_009_bitmap.resources/Bitmap2Material_3.sbsar
marble_009_bitmap,.sbs,Rock/Stone/Cliff,no,yes,Substance_Database_2.1/Substance_Database_2.1_BitmapBased_Sbs,Substance_Database_2.1/Substance_Database_2.1_BitmapBased_Sbs/Marble/marble_009_bitmap.sbs
old_painted_metal_001_bitmap,.sbs,Metal,no,yes,Substance_Database_2.1/Substance_Database_2.1_BitmapBased_Sbs [autosave copy],Substance_Database_2.1/Substance_Database_2.1_BitmapBased_Sbs/Metal/.autosave/old_painted_metal_001_bitmap.sbs
old_painted_metal_001_bitmap_0,.sbs,Metal,no,yes,Substance_Database_2.1/Substance_Database_2.1_BitmapBased_Sbs [autosave copy],Substance_Database_2.1/Substance_Database_2.1_BitmapBased_Sbs/Metal/.autosave/old_painted_metal_001_bitmap_0.sbs
Bitmap2Material_3,.sbsar,Generators/Utility,no,no,Substance_Database_2.1/Substance_Database_2.1_BitmapBased_Sbs [embedded in .resources],Substance_Database_2.1/Substance_Database_2.1_BitmapBased_Sbs/Metal/escalator_001_bitmap.resources/Bitmap2Material_3.sbsar
escalator_001_bitmap,.sbs,Metal,no,yes,Substance_Database_2.1/Substance_Database_2.1_BitmapBased_Sbs,Substance_Database_2.1/Substance_Database_2.1_BitmapBased_Sbs/Metal/escalator_001_bitmap.sbs
Bitmap2Material_3,.sbsar,Generators/Utility,no,no,Substance_Database_2.1/Substance_Database_2.1_BitmapBased_Sbs [embedded in .resources],Substance_Database_2.1/Substance_Database_2.1_BitmapBased_Sbs/Metal/metal_shutter_001_bitmap.resources/Bitmap2Material_3.sbsar
metal_shutter_001_bitmap,.sbs,Metal,no,yes,Substance_Database_2.1/Substance_Database_2.1_BitmapBased_Sbs,Substance_Database_2.1/Substance_Database_2.1_BitmapBased_Sbs/Metal/metal_shutter_001_bitmap.sbs
Bitmap2Material_3,.sbsar,Generators/Utility,no,no,Substance_Database_2.1/Substance_Database_2.1_BitmapBased_Sbs [embedded in .resources],Substance_Database_2.1/Substance_Database_2.1_BitmapBased_Sbs/Metal/metal_shutter_002_bitmap.resources/Bitmap2Material_3.sbsar
metal_shutter_002_bitmap,.sbs,Metal,no,yes,Substance_Database_2.1/Substance_Database_2.1_BitmapBased_Sbs,Substance_Database_2.1/Substance_Database_2.1_BitmapBased_Sbs/Metal/metal_shutter_002_bitmap.sbs
Bitmap2Material_3,.sbsar,Generators/Utility,no,no,Substance_Database_2.1/Substance_Database_2.1_BitmapBased_Sbs [embedded in .resources],Substance_Database_2.1/Substance_Database_2.1_BitmapBased_Sbs/Metal/old_iron_001_bitmap.resources/Bitmap2Material_3.sbsar
old_iron_001_bitmap,.sbs,Metal,no,yes,Substance_Database_2.1/Substance_Database_2.1_BitmapBased_Sbs,Substance_Database_2.1/Substance_Database_2.1_BitmapBased_Sbs/Metal/old_iron_001_bitmap.sbs
Bitmap2Material_3,.sbsar,Generators/Utility,no,no,Substance_Database_2.1/Substance_Database_2.1_BitmapBased_Sbs [embedded in .resources],Substance_Database_2.1/Substance_Database_2.1_BitmapBased_Sbs/Metal/old_painted_metal_001_bitmap.resources/Bitmap2Material_3.sbsar
old_painted_metal_001_bitmap,.sbs,Metal,no,yes,Substance_Database_2.1/Substance_Database_2.1_BitmapBased_Sbs,Substance_Database_2.1/Substance_Database_2.1_BitmapBased_Sbs/Metal/old_painted_metal_001_bitmap.sbs
Bitmap2Material_3,.sbsar,Generators/Utility,no,no,Substance_Database_2.1/Substance_Database_2.1_BitmapBased_Sbs [embedded in .resources],Substance_Database_2.1/Substance_Database_2.1_BitmapBased_Sbs/Metal/old_painted_metal_002_bitmap.resources/Bitmap2Material_3.sbsar
old_painted_metal_002_bitmap,.sbs,Metal,no,yes,Substance_Database_2.1/Substance_Database_2.1_BitmapBased_Sbs,Substance_Database_2.1/Substance_Database_2.1_BitmapBased_Sbs/Metal/old_painted_metal_002_bitmap.sbs
Bitmap2Material_3,.sbsar,Generators/Utility,no,no,Substance_Database_2.1/Substance_Database_2.1_BitmapBased_Sbs [embedded in .resources],Substance_Database_2.1/Substance_Database_2.1_BitmapBased_Sbs/Metal/pewter_001_bitmap.resources/Bitmap2Material_3.sbsar
pewter_001_bitmap,.sbs,Metal,no,yes,Substance_Database_2.1/Substance_Database_2.1_BitmapBased_Sbs,Substance_Database_2.1/Substance_Database_2.1_BitmapBased_Sbs/Metal/pewter_001_bitmap.sbs
Bitmap2Material_3,.sbsar,Generators/Utility,no,no,Substance_Database_2.1/Substance_Database_2.1_BitmapBased_Sbs [embedded in .resources],Substance_Database_2.1/Substance_Database_2.1_BitmapBased_Sbs/Metal/pewter_002_bitmap.resources/Bitmap2Material_3.sbsar
pewter_002_bitmap,.sbs,Metal,no,yes,Substance_Database_2.1/Substance_Database_2.1_BitmapBased_Sbs,Substance_Database_2.1/Substance_Database_2.1_BitmapBased_Sbs/Metal/pewter_002_bitmap.sbs
Bitmap2Material_3,.sbsar,Generators/Utility,no,no,Substance_Database_2.1/Substance_Database_2.1_BitmapBased_Sbs [embedded in .resources],Substance_Database_2.1/Substance_Database_2.1_BitmapBased_Sbs/Metal/steel_001_bitmap.resources/Bitmap2Material_3.sbsar
steel_001_bitmap,.sbs,Metal,no,yes,Substance_Database_2.1/Substance_Database_2.1_BitmapBased_Sbs,Substance_Database_2.1/Substance_Database_2.1_BitmapBased_Sbs/Metal/steel_001_bitmap.sbs
Bitmap2Material_3,.sbsar,Generators/Utility,no,no,Substance_Database_2.1/Substance_Database_2.1_BitmapBased_Sbs [embedded in .resources],Substance_Database_2.1/Substance_Database_2.1_BitmapBased_Sbs/Metal/steel_002_bitmap.resources/Bitmap2Material_3.sbsar
steel_002_bitmap,.sbs,Metal,no,yes,Substance_Database_2.1/Substance_Database_2.1_BitmapBased_Sbs,Substance_Database_2.1/Substance_Database_2.1_BitmapBased_Sbs/Metal/steel_002_bitmap.sbs
steel_003_bitmap,.sbs,Metal,no,yes,Substance_Database_2.1/Substance_Database_2.1_BitmapBased_Sbs,Substance_Database_2.1/Substance_Database_2.1_BitmapBased_Sbs/Metal/steel_003_bitmap.sbs
Bitmap2Material_3,.sbsar,Generators/Utility,no,no,Substance_Database_2.1/Substance_Database_2.1_BitmapBased_Sbs [embedded in .resources],Substance_Database_2.1/Substance_Database_2.1_BitmapBased_Sbs/Nature/dead_grass_001_bitmap.resources/Bitmap2Material_3.sbsar
dead_grass_001_bitmap,.sbs,Organic/Nature,no,yes,Substance_Database_2.1/Substance_Database_2.1_BitmapBased_Sbs,Substance_Database_2.1/Substance_Database_2.1_BitmapBased_Sbs/Nature/dead_grass_001_bitmap.sbs
Bitmap2Material_3,.sbsar,Generators/Utility,no,no,Substance_Database_2.1/Substance_Database_2.1_BitmapBased_Sbs [embedded in .resources],Substance_Database_2.1/Substance_Database_2.1_BitmapBased_Sbs/Nature/dead_grass_002_bitmap.resources/Bitmap2Material_3.sbsar
dead_grass_002_bitmap,.sbs,Organic/Nature,no,yes,Substance_Database_2.1/Substance_Database_2.1_BitmapBased_Sbs,Substance_Database_2.1/Substance_Database_2.1_BitmapBased_Sbs/Nature/dead_grass_002_bitmap.sbs
Bitmap2Material_3,.sbsar,Generators/Utility,no,no,Substance_Database_2.1/Substance_Database_2.1_BitmapBased_Sbs [embedded in .resources],Substance_Database_2.1/Substance_Database_2.1_BitmapBased_Sbs/Nature/dead_grass_003_bitmap.resources/Bitmap2Material_3.sbsar
dead_grass_003_bitmap,.sbs,Organic/Nature,no,yes,Substance_Database_2.1/Substance_Database_2.1_BitmapBased_Sbs,Substance_Database_2.1/Substance_Database_2.1_BitmapBased_Sbs/Nature/dead_grass_003_bitmap.sbs
Bitmap2Material_3,.sbsar,Generators/Utility,no,no,Substance_Database_2.1/Substance_Database_2.1_BitmapBased_Sbs [embedded in .resources],Substance_Database_2.1/Substance_Database_2.1_BitmapBased_Sbs/Nature/dead_grass_004_bitmap.resources/Bitmap2Material_3.sbsar
dead_grass_004_bitmap,.sbs,Organic/Nature,no,yes,Substance_Database_2.1/Substance_Database_2.1_BitmapBased_Sbs,Substance_Database_2.1/Substance_Database_2.1_BitmapBased_Sbs/Nature/dead_grass_004_bitmap.sbs
Bitmap2Material_3,.sbsar,Generators/Utility,no,no,Substance_Database_2.1/Substance_Database_2.1_BitmapBased_Sbs [embedded in .resources],Substance_Database_2.1/Substance_Database_2.1_BitmapBased_Sbs/Nature/grass_001_bitmap.resources/Bitmap2Material_3.sbsar
grass_001_bitmap,.sbs,Organic/Nature,no,yes,Substance_Database_2.1/Substance_Database_2.1_BitmapBased_Sbs,Substance_Database_2.1/Substance_Database_2.1_BitmapBased_Sbs/Nature/grass_001_bitmap.sbs
Bitmap2Material_3,.sbsar,Generators/Utility,no,no,Substance_Database_2.1/Substance_Database_2.1_BitmapBased_Sbs [embedded in .resources],Substance_Database_2.1/Substance_Database_2.1_BitmapBased_Sbs/Nature/grass_002_bitmap.resources/Bitmap2Material_3.sbsar
grass_002_bitmap,.sbs,Organic/Nature,no,yes,Substance_Database_2.1/Substance_Database_2.1_BitmapBased_Sbs,Substance_Database_2.1/Substance_Database_2.1_BitmapBased_Sbs/Nature/grass_002_bitmap.sbs
Bitmap2Material_3,.sbsar,Generators/Utility,no,no,Substance_Database_2.1/Substance_Database_2.1_BitmapBased_Sbs [embedded in .resources],Substance_Database_2.1/Substance_Database_2.1_BitmapBased_Sbs/Nature/grass_003_bitmap.resources/Bitmap2Material_3.sbsar
grass_003_bitmap,.sbs,Organic/Nature,no,yes,Substance_Database_2.1/Substance_Database_2.1_BitmapBased_Sbs,Substance_Database_2.1/Substance_Database_2.1_BitmapBased_Sbs/Nature/grass_003_bitmap.sbs
Bitmap2Material_3,.sbsar,Generators/Utility,no,no,Substance_Database_2.1/Substance_Database_2.1_BitmapBased_Sbs [embedded in .resources],Substance_Database_2.1/Substance_Database_2.1_BitmapBased_Sbs/Nature/hedge_leaves_001_bitmap.resources/Bitmap2Material_3.sbsar
hedge_leaves_001_bitmap,.sbs,Organic/Nature,no,yes,Substance_Database_2.1/Substance_Database_2.1_BitmapBased_Sbs,Substance_Database_2.1/Substance_Database_2.1_BitmapBased_Sbs/Nature/hedge_leaves_001_bitmap.sbs
Bitmap2Material_3,.sbsar,Generators/Utility,no,no,Substance_Database_2.1/Substance_Database_2.1_BitmapBased_Sbs [embedded in .resources],Substance_Database_2.1/Substance_Database_2.1_BitmapBased_Sbs/Pavement/concrete_and_pebbles_pavement_001_bitmap.resources/Bitmap2Material_3.sbsar
concrete_and_pebbles_pavement_001_bitmap,.sbs,Concrete/Plaster,no,yes,Substance_Database_2.1/Substance_Database_2.1_BitmapBased_Sbs,Substance_Database_2.1/Substance_Database_2.1_BitmapBased_Sbs/Pavement/concrete_and_pebbles_pavement_001_bitmap.sbs
Bitmap2Material_3,.sbsar,Generators/Utility,no,no,Substance_Database_2.1/Substance_Database_2.1_BitmapBased_Sbs [embedded in .resources],Substance_Database_2.1/Substance_Database_2.1_BitmapBased_Sbs/Pavement/concrete_pavement_001_bitmap.resources/Bitmap2Material_3.sbsar
concrete_pavement_001_bitmap,.sbs,Concrete/Plaster,no,yes,Substance_Database_2.1/Substance_Database_2.1_BitmapBased_Sbs,Substance_Database_2.1/Substance_Database_2.1_BitmapBased_Sbs/Pavement/concrete_pavement_001_bitmap.sbs
Bitmap2Material_3,.sbsar,Generators/Utility,no,no,Substance_Database_2.1/Substance_Database_2.1_BitmapBased_Sbs [embedded in .resources],Substance_Database_2.1/Substance_Database_2.1_BitmapBased_Sbs/Pavement/concrete_pavement_002_bitmap.resources/Bitmap2Material_3.sbsar
concrete_pavement_002_bitmap,.sbs,Concrete/Plaster,no,yes,Substance_Database_2.1/Substance_Database_2.1_BitmapBased_Sbs,Substance_Database_2.1/Substance_Database_2.1_BitmapBased_Sbs/Pavement/concrete_pavement_002_bitmap.sbs
Bitmap2Material_3,.sbsar,Generators/Utility,no,no,Substance_Database_2.1/Substance_Database_2.1_BitmapBased_Sbs [embedded in .resources],Substance_Database_2.1/Substance_Database_2.1_BitmapBased_Sbs/Pavement/concrete_pavement_003_bitmap.resources/Bitmap2Material_3.sbsar
concrete_pavement_003_bitmap,.sbs,Concrete/Plaster,no,yes,Substance_Database_2.1/Substance_Database_2.1_BitmapBased_Sbs,Substance_Database_2.1/Substance_Database_2.1_BitmapBased_Sbs/Pavement/concrete_pavement_003_bitmap.sbs
Bitmap2Material_3,.sbsar,Generators/Utility,no,no,Substance_Database_2.1/Substance_Database_2.1_BitmapBased_Sbs [embedded in .resources],Substance_Database_2.1/Substance_Database_2.1_BitmapBased_Sbs/Pavement/dirt_and_concrete_pavement_001_bitmap.resources/Bitmap2Material_3.sbsar
dirt_and_concrete_pavement_001_bitmap,.sbs,Concrete/Plaster,no,yes,Substance_Database_2.1/Substance_Database_2.1_BitmapBased_Sbs,Substance_Database_2.1/Substance_Database_2.1_BitmapBased_Sbs/Pavement/dirt_and_concrete_pavement_001_bitmap.sbs
Bitmap2Material_3,.sbsar,Generators/Utility,no,no,Substance_Database_2.1/Substance_Database_2.1_BitmapBased_Sbs [embedded in .resources],Substance_Database_2.1/Substance_Database_2.1_BitmapBased_Sbs/Pavement/stones_pavement_001_bitmap.resources/Bitmap2Material_3.sbsar
stones_pavement_001_bitmap,.sbs,Pavement/Tiles/Floor,no,yes,Substance_Database_2.1/Substance_Database_2.1_BitmapBased_Sbs,Substance_Database_2.1/Substance_Database_2.1_BitmapBased_Sbs/Pavement/stones_pavement_001_bitmap.sbs
Bitmap2Material_3,.sbsar,Generators/Utility,no,no,Substance_Database_2.1/Substance_Database_2.1_BitmapBased_Sbs [embedded in .resources],Substance_Database_2.1/Substance_Database_2.1_BitmapBased_Sbs/Pavement/stones_pavement_002_bitmap.resources/Bitmap2Material_3.sbsar
stones_pavement_002_bitmap,.sbs,Pavement/Tiles/Floor,no,yes,Substance_Database_2.1/Substance_Database_2.1_BitmapBased_Sbs,Substance_Database_2.1/Substance_Database_2.1_BitmapBased_Sbs/Pavement/stones_pavement_002_bitmap.sbs
Bitmap2Material_3,.sbsar,Generators/Utility,no,no,Substance_Database_2.1/Substance_Database_2.1_BitmapBased_Sbs [embedded in .resources],Substance_Database_2.1/Substance_Database_2.1_BitmapBased_Sbs/Plaster/damaged_plaster_001_bitmap.resources/Bitmap2Material_3.sbsar
damaged_plaster_001_bitmap,.sbs,Concrete/Plaster,no,yes,Substance_Database_2.1/Substance_Database_2.1_BitmapBased_Sbs,Substance_Database_2.1/Substance_Database_2.1_BitmapBased_Sbs/Plaster/damaged_plaster_001_bitmap.sbs
Bitmap2Material_3,.sbsar,Generators/Utility,no,no,Substance_Database_2.1/Substance_Database_2.1_BitmapBased_Sbs [embedded in .resources],Substance_Database_2.1/Substance_Database_2.1_BitmapBased_Sbs/Plaster/handmade_plaster_001_bitmap.resources/Bitmap2Material_3.sbsar
handmade_plaster_001_bitmap,.sbs,Concrete/Plaster,no,yes,Substance_Database_2.1/Substance_Database_2.1_BitmapBased_Sbs,Substance_Database_2.1/Substance_Database_2.1_BitmapBased_Sbs/Plaster/handmade_plaster_001_bitmap.sbs
Bitmap2Material_3,.sbsar,Generators/Utility,no,no,Substance_Database_2.1/Substance_Database_2.1_BitmapBased_Sbs [embedded in .resources],Substance_Database_2.1/Substance_Database_2.1_BitmapBased_Sbs/Plaster/painted_plaster_001_bitmap.resources/Bitmap2Material_3.sbsar
painted_plaster_001_bitmap,.sbs,Concrete/Plaster,no,yes,Substance_Database_2.1/Substance_Database_2.1_BitmapBased_Sbs,Substance_Database_2.1/Substance_Database_2.1_BitmapBased_Sbs/Plaster/painted_plaster_001_bitmap.sbs
Bitmap2Material_3,.sbsar,Generators/Utility,no,no,Substance_Database_2.1/Substance_Database_2.1_BitmapBased_Sbs [embedded in .resources],Substance_Database_2.1/Substance_Database_2.1_BitmapBased_Sbs/Plaster/painted_plaster_002_bitmap.resources/Bitmap2Material_3.sbsar
painted_plaster_002_bitmap,.sbs,Concrete/Plaster,no,yes,Substance_Database_2.1/Substance_Database_2.1_BitmapBased_Sbs,Substance_Database_2.1/Substance_Database_2.1_BitmapBased_Sbs/Plaster/painted_plaster_002_bitmap.sbs
Bitmap2Material_3,.sbsar,Generators/Utility,no,no,Substance_Database_2.1/Substance_Database_2.1_BitmapBased_Sbs [embedded in .resources],Substance_Database_2.1/Substance_Database_2.1_BitmapBased_Sbs/Plaster/painted_plaster_003_bitmap.resources/Bitmap2Material_3.sbsar
painted_plaster_003_bitmap,.sbs,Concrete/Plaster,no,yes,Substance_Database_2.1/Substance_Database_2.1_BitmapBased_Sbs,Substance_Database_2.1/Substance_Database_2.1_BitmapBased_Sbs/Plaster/painted_plaster_003_bitmap.sbs
Bitmap2Material_3,.sbsar,Generators/Utility,no,no,Substance_Database_2.1/Substance_Database_2.1_BitmapBased_Sbs [embedded in .resources],Substance_Database_2.1/Substance_Database_2.1_BitmapBased_Sbs/Plaster/plastered_wall_001_bitmap.resources/Bitmap2Material_3.sbsar
plastered_wall_001_bitmap,.sbs,Concrete/Plaster,no,yes,Substance_Database_2.1/Substance_Database_2.1_BitmapBased_Sbs,Substance_Database_2.1/Substance_Database_2.1_BitmapBased_Sbs/Plaster/plastered_wall_001_bitmap.sbs
Bitmap2Material_3,.sbsar,Generators/Utility,no,no,Substance_Database_2.1/Substance_Database_2.1_BitmapBased_Sbs [embedded in .resources],Substance_Database_2.1/Substance_Database_2.1_BitmapBased_Sbs/Plaster/plastered_wall_002_bitmap.resources/Bitmap2Material_3.sbsar
plastered_wall_002_bitmap,.sbs,Concrete/Plaster,no,yes,Substance_Database_2.1/Substance_Database_2.1_BitmapBased_Sbs,Substance_Database_2.1/Substance_Database_2.1_BitmapBased_Sbs/Plaster/plastered_wall_002_bitmap.sbs
Bitmap2Material_3,.sbsar,Generators/Utility,no,no,Substance_Database_2.1/Substance_Database_2.1_BitmapBased_Sbs [embedded in .resources],Substance_Database_2.1/Substance_Database_2.1_BitmapBased_Sbs/Plaster/plastered_wall_003_bitmap.resources/Bitmap2Material_3.sbsar
plastered_wall_003_bitmap,.sbs,Concrete/Plaster,no,yes,Substance_Database_2.1/Substance_Database_2.1_BitmapBased_Sbs,Substance_Database_2.1/Substance_Database_2.1_BitmapBased_Sbs/Plaster/plastered_wall_003_bitmap.sbs
Bitmap2Material_3,.sbsar,Generators/Utility,no,no,Substance_Database_2.1/Substance_Database_2.1_BitmapBased_Sbs [embedded in .resources],Substance_Database_2.1/Substance_Database_2.1_BitmapBased_Sbs/Stone/layered_stones_001_bitmap.resources/Bitmap2Material_3.sbsar
layered_stones_001_bitmap,.sbs,Rock/Stone/Cliff,no,yes,Substance_Database_2.1/Substance_Database_2.1_BitmapBased_Sbs,Substance_Database_2.1/Substance_Database_2.1_BitmapBased_Sbs/Stone/layered_stones_001_bitmap.sbs
Bitmap2Material_3,.sbsar,Generators/Utility,no,no,Substance_Database_2.1/Substance_Database_2.1_BitmapBased_Sbs [embedded in .resources],Substance_Database_2.1/Substance_Database_2.1_BitmapBased_Sbs/Stone/rock_001_bitmap.resources/Bitmap2Material_3.sbsar
rock_001_bitmap,.sbs,Rock/Stone/Cliff,no,yes,Substance_Database_2.1/Substance_Database_2.1_BitmapBased_Sbs,Substance_Database_2.1/Substance_Database_2.1_BitmapBased_Sbs/Stone/rock_001_bitmap.sbs
Bitmap2Material_3,.sbsar,Generators/Utility,no,no,Substance_Database_2.1/Substance_Database_2.1_BitmapBased_Sbs [embedded in .resources],Substance_Database_2.1/Substance_Database_2.1_BitmapBased_Sbs/Stone/rock_002_bitmap.resources/Bitmap2Material_3.sbsar
rock_002_bitmap,.sbs,Rock/Stone/Cliff,no,yes,Substance_Database_2.1/Substance_Database_2.1_BitmapBased_Sbs,Substance_Database_2.1/Substance_Database_2.1_BitmapBased_Sbs/Stone/rock_002_bitmap.sbs
Bitmap2Material_3,.sbsar,Generators/Utility,no,no,Substance_Database_2.1/Substance_Database_2.1_BitmapBased_Sbs [embedded in .resources],Substance_Database_2.1/Substance_Database_2.1_BitmapBased_Sbs/Stone/rock_003_bitmap.resources/Bitmap2Material_3.sbsar
rock_003_bitmap,.sbs,Rock/Stone/Cliff,no,yes,Substance_Database_2.1/Substance_Database_2.1_BitmapBased_Sbs,Substance_Database_2.1/Substance_Database_2.1_BitmapBased_Sbs/Stone/rock_003_bitmap.sbs
Bitmap2Material_3,.sbsar,Generators/Utility,no,no,Substance_Database_2.1/Substance_Database_2.1_BitmapBased_Sbs [embedded in .resources],Substance_Database_2.1/Substance_Database_2.1_BitmapBased_Sbs/Stone/rock_004_bitmap.resources/Bitmap2Material_3.sbsar
rock_004_bitmap,.sbs,Rock/Stone/Cliff,no,yes,Substance_Database_2.1/Substance_Database_2.1_BitmapBased_Sbs,Substance_Database_2.1/Substance_Database_2.1_BitmapBased_Sbs/Stone/rock_004_bitmap.sbs
Bitmap2Material_3,.sbsar,Generators/Utility,no,no,Substance_Database_2.1/Substance_Database_2.1_BitmapBased_Sbs [embedded in .resources],Substance_Database_2.1/Substance_Database_2.1_BitmapBased_Sbs/Stone/rock_005_bitmap.resources/Bitmap2Material_3.sbsar
rock_005_bitmap,.sbs,Rock/Stone/Cliff,no,yes,Substance_Database_2.1/Substance_Database_2.1_BitmapBased_Sbs,Substance_Database_2.1/Substance_Database_2.1_BitmapBased_Sbs/Stone/rock_005_bitmap.sbs
Bitmap2Material_3,.sbsar,Generators/Utility,no,no,Substance_Database_2.1/Substance_Database_2.1_BitmapBased_Sbs [embedded in .resources],Substance_Database_2.1/Substance_Database_2.1_BitmapBased_Sbs/Stone/rock_006_bitmap.resources/Bitmap2Material_3.sbsar
rock_006_bitmap,.sbs,Rock/Stone/Cliff,no,yes,Substance_Database_2.1/Substance_Database_2.1_BitmapBased_Sbs,Substance_Database_2.1/Substance_Database_2.1_BitmapBased_Sbs/Stone/rock_006_bitmap.sbs
Bitmap2Material_3,.sbsar,Generators/Utility,no,no,Substance_Database_2.1/Substance_Database_2.1_BitmapBased_Sbs [embedded in .resources],Substance_Database_2.1/Substance_Database_2.1_BitmapBased_Sbs/Stone/rock_007_bitmap.resources/Bitmap2Material_3.sbsar
rock_007_bitmap,.sbs,Rock/Stone/Cliff,no,yes,Substance_Database_2.1/Substance_Database_2.1_BitmapBased_Sbs,Substance_Database_2.1/Substance_Database_2.1_BitmapBased_Sbs/Stone/rock_007_bitmap.sbs
Bitmap2Material_3,.sbsar,Generators/Utility,no,no,Substance_Database_2.1/Substance_Database_2.1_BitmapBased_Sbs [embedded in .resources],Substance_Database_2.1/Substance_Database_2.1_BitmapBased_Sbs/Stone/rock_008_bitmap.resources/Bitmap2Material_3.sbsar
rock_008_bitmap,.sbs,Rock/Stone/Cliff,no,yes,Substance_Database_2.1/Substance_Database_2.1_BitmapBased_Sbs,Substance_Database_2.1/Substance_Database_2.1_BitmapBased_Sbs/Stone/rock_008_bitmap.sbs
Bitmap2Material_3,.sbsar,Generators/Utility,no,no,Substance_Database_2.1/Substance_Database_2.1_BitmapBased_Sbs [embedded in .resources],Substance_Database_2.1/Substance_Database_2.1_BitmapBased_Sbs/Stone/rock_009_bitmap.resources/Bitmap2Material_3.sbsar
rock_009_bitmap,.sbs,Rock/Stone/Cliff,no,yes,Substance_Database_2.1/Substance_Database_2.1_BitmapBased_Sbs,Substance_Database_2.1/Substance_Database_2.1_BitmapBased_Sbs/Stone/rock_009_bitmap.sbs
Bitmap2Material_3,.sbsar,Generators/Utility,no,no,Substance_Database_2.1/Substance_Database_2.1_BitmapBased_Sbs [embedded in .resources],Substance_Database_2.1/Substance_Database_2.1_BitmapBased_Sbs/Stone/rock_010_bitmap.resources/Bitmap2Material_3.sbsar
rock_010_bitmap,.sbs,Rock/Stone/Cliff,no,yes,Substance_Database_2.1/Substance_Database_2.1_BitmapBased_Sbs,Substance_Database_2.1/Substance_Database_2.1_BitmapBased_Sbs/Stone/rock_010_bitmap.sbs
Bitmap2Material_3,.sbsar,Generators/Utility,no,no,Substance_Database_2.1/Substance_Database_2.1_BitmapBased_Sbs [embedded in .resources],Substance_Database_2.1/Substance_Database_2.1_BitmapBased_Sbs/Stone/rock_011_bitmap.resources/Bitmap2Material_3.sbsar
rock_011_bitmap,.sbs,Rock/Stone/Cliff,no,yes,Substance_Database_2.1/Substance_Database_2.1_BitmapBased_Sbs,Substance_Database_2.1/Substance_Database_2.1_BitmapBased_Sbs/Stone/rock_011_bitmap.sbs
Bitmap2Material_3,.sbsar,Generators/Utility,no,no,Substance_Database_2.1/Substance_Database_2.1_BitmapBased_Sbs [embedded in .resources],Substance_Database_2.1/Substance_Database_2.1_BitmapBased_Sbs/Stone/rock_012_bitmap.resources/Bitmap2Material_3.sbsar
rock_012_bitmap,.sbs,Rock/Stone/Cliff,no,yes,Substance_Database_2.1/Substance_Database_2.1_BitmapBased_Sbs,Substance_Database_2.1/Substance_Database_2.1_BitmapBased_Sbs/Stone/rock_012_bitmap.sbs
Bitmap2Material_3,.sbsar,Generators/Utility,no,no,Substance_Database_2.1/Substance_Database_2.1_BitmapBased_Sbs [embedded in .resources],Substance_Database_2.1/Substance_Database_2.1_BitmapBased_Sbs/Stone/rock_013_bitmap.resources/Bitmap2Material_3.sbsar
rock_013_bitmap,.sbs,Rock/Stone/Cliff,no,yes,Substance_Database_2.1/Substance_Database_2.1_BitmapBased_Sbs,Substance_Database_2.1/Substance_Database_2.1_BitmapBased_Sbs/Stone/rock_013_bitmap.sbs
Bitmap2Material_3,.sbsar,Generators/Utility,no,no,Substance_Database_2.1/Substance_Database_2.1_BitmapBased_Sbs [embedded in .resources],Substance_Database_2.1/Substance_Database_2.1_BitmapBased_Sbs/Stone/rock_014_bitmap.resources/Bitmap2Material_3.sbsar
rock_014_bitmap,.sbs,Rock/Stone/Cliff,no,yes,Substance_Database_2.1/Substance_Database_2.1_BitmapBased_Sbs,Substance_Database_2.1/Substance_Database_2.1_BitmapBased_Sbs/Stone/rock_014_bitmap.sbs
Bitmap2Material_3,.sbsar,Generators/Utility,no,no,Substance_Database_2.1/Substance_Database_2.1_BitmapBased_Sbs [embedded in .resources],Substance_Database_2.1/Substance_Database_2.1_BitmapBased_Sbs/Stone/sculpted_stone_001_bitmap.resources/Bitmap2Material_3.sbsar
sculpted_stone_001_bitmap,.sbs,Rock/Stone/Cliff,no,yes,Substance_Database_2.1/Substance_Database_2.1_BitmapBased_Sbs,Substance_Database_2.1/Substance_Database_2.1_BitmapBased_Sbs/Stone/sculpted_stone_001_bitmap.sbs
stone_tiles_001_bitmap,.sbs,Pavement/Tiles/Floor,no,yes,Substance_Database_2.1/Substance_Database_2.1_BitmapBased_Sbs,Substance_Database_2.1/Substance_Database_2.1_BitmapBased_Sbs/Stone/stone_tiles_001_bitmap.sbs
Bitmap2Material_3,.sbsar,Generators/Utility,no,no,Substance_Database_2.1/Substance_Database_2.1_BitmapBased_Sbs [embedded in .resources],Substance_Database_2.1/Substance_Database_2.1_BitmapBased_Sbs/Stone/stones_wall_005_bitmap.resources/Bitmap2Material_3.sbsar
stones_wall_005_bitmap,.sbs,Brick/Masonry/Wall,no,yes,Substance_Database_2.1/Substance_Database_2.1_BitmapBased_Sbs,Substance_Database_2.1/Substance_Database_2.1_BitmapBased_Sbs/Stone/stones_wall_005_bitmap.sbs
Bitmap2Material_3,.sbsar,Generators/Utility,no,no,Substance_Database_2.1/Substance_Database_2.1_BitmapBased_Sbs [embedded in .resources],Substance_Database_2.1/Substance_Database_2.1_BitmapBased_Sbs/Stone/stones_wall_006_bitmap.resources/Bitmap2Material_3.sbsar
stones_wall_006_bitmap,.sbs,Brick/Masonry/Wall,no,yes,Substance_Database_2.1/Substance_Database_2.1_BitmapBased_Sbs,Substance_Database_2.1/Substance_Database_2.1_BitmapBased_Sbs/Stone/stones_wall_006_bitmap.sbs
Bitmap2Material_3,.sbsar,Generators/Utility,no,no,Substance_Database_2.1/Substance_Database_2.1_BitmapBased_Sbs [embedded in .resources],Substance_Database_2.1/Substance_Database_2.1_BitmapBased_Sbs/Synthetic/polystyrene_001_bitmap.resources/Bitmap2Material_3.sbsar
polystyrene_001_bitmap,.sbs,Other,no,yes,Substance_Database_2.1/Substance_Database_2.1_BitmapBased_Sbs,Substance_Database_2.1/Substance_Database_2.1_BitmapBased_Sbs/Synthetic/polystyrene_001_bitmap.sbs
Bitmap2Material_3,.sbsar,Generators/Utility,no,no,Substance_Database_2.1/Substance_Database_2.1_BitmapBased_Sbs [embedded in .resources],Substance_Database_2.1/Substance_Database_2.1_BitmapBased_Sbs/Tiles/ceramic_tiles_001_bitmap.resources/Bitmap2Material_3.sbsar
ceramic_tiles_001_bitmap,.sbs,Pavement/Tiles/Floor,no,yes,Substance_Database_2.1/Substance_Database_2.1_BitmapBased_Sbs,Substance_Database_2.1/Substance_Database_2.1_BitmapBased_Sbs/Tiles/ceramic_tiles_001_bitmap.sbs
Bitmap2Material_3,.sbsar,Generators/Utility,no,no,Substance_Database_2.1/Substance_Database_2.1_BitmapBased_Sbs [embedded in .resources],Substance_Database_2.1/Substance_Database_2.1_BitmapBased_Sbs/Tiles/concrete_tiles_001_bitmap.resources/Bitmap2Material_3.sbsar
concrete_tiles_001_bitmap,.sbs,Concrete/Plaster,no,yes,Substance_Database_2.1/Substance_Database_2.1_BitmapBased_Sbs,Substance_Database_2.1/Substance_Database_2.1_BitmapBased_Sbs/Tiles/concrete_tiles_001_bitmap.sbs
Bitmap2Material_3,.sbsar,Generators/Utility,no,no,Substance_Database_2.1/Substance_Database_2.1_BitmapBased_Sbs [embedded in .resources],Substance_Database_2.1/Substance_Database_2.1_BitmapBased_Sbs/Tiles/concrete_tiles_002_bitmap.resources/Bitmap2Material_3.sbsar
concrete_tiles_002_bitmap,.sbs,Concrete/Plaster,no,yes,Substance_Database_2.1/Substance_Database_2.1_BitmapBased_Sbs,Substance_Database_2.1/Substance_Database_2.1_BitmapBased_Sbs/Tiles/concrete_tiles_002_bitmap.sbs
Bitmap2Material_3,.sbsar,Generators/Utility,no,no,Substance_Database_2.1/Substance_Database_2.1_BitmapBased_Sbs [embedded in .resources],Substance_Database_2.1/Substance_Database_2.1_BitmapBased_Sbs/Tiles/garden_tiles_001_bitmap.resources/Bitmap2Material_3.sbsar
garden_tiles_001_bitmap,.sbs,Pavement/Tiles/Floor,no,yes,Substance_Database_2.1/Substance_Database_2.1_BitmapBased_Sbs,Substance_Database_2.1/Substance_Database_2.1_BitmapBased_Sbs/Tiles/garden_tiles_001_bitmap.sbs
Bitmap2Material_3,.sbsar,Generators/Utility,no,no,Substance_Database_2.1/Substance_Database_2.1_BitmapBased_Sbs [embedded in .resources],Substance_Database_2.1/Substance_Database_2.1_BitmapBased_Sbs/Tiles/marble_tiles_001_bitmap.resources/Bitmap2Material_3.sbsar
marble_tiles_001_bitmap,.sbs,Pavement/Tiles/Floor,no,yes,Substance_Database_2.1/Substance_Database_2.1_BitmapBased_Sbs,Substance_Database_2.1/Substance_Database_2.1_BitmapBased_Sbs/Tiles/marble_tiles_001_bitmap.sbs
Bitmap2Material_3,.sbsar,Generators/Utility,no,no,Substance_Database_2.1/Substance_Database_2.1_BitmapBased_Sbs [embedded in .resources],Substance_Database_2.1/Substance_Database_2.1_BitmapBased_Sbs/Tiles/mosaic_tiles_001_bitmap.resources/Bitmap2Material_3.sbsar
mosaic_tiles_001_bitmap,.sbs,Pavement/Tiles/Floor,no,yes,Substance_Database_2.1/Substance_Database_2.1_BitmapBased_Sbs,Substance_Database_2.1/Substance_Database_2.1_BitmapBased_Sbs/Tiles/mosaic_tiles_001_bitmap.sbs
Bitmap2Material_3,.sbsar,Generators/Utility,no,no,Substance_Database_2.1/Substance_Database_2.1_BitmapBased_Sbs [embedded in .resources],Substance_Database_2.1/Substance_Database_2.1_BitmapBased_Sbs/Wood/bark_001_bitmap.resources/Bitmap2Material_3.sbsar
bark_001_bitmap,.sbs,Organic/Nature,no,yes,Substance_Database_2.1/Substance_Database_2.1_BitmapBased_Sbs,Substance_Database_2.1/Substance_Database_2.1_BitmapBased_Sbs/Wood/bark_001_bitmap.sbs
Bitmap2Material_3,.sbsar,Generators/Utility,no,no,Substance_Database_2.1/Substance_Database_2.1_BitmapBased_Sbs [embedded in .resources],Substance_Database_2.1/Substance_Database_2.1_BitmapBased_Sbs/Wood/bark_002_bitmap.resources/Bitmap2Material_3.sbsar
bark_002_bitmap,.sbs,Organic/Nature,no,yes,Substance_Database_2.1/Substance_Database_2.1_BitmapBased_Sbs,Substance_Database_2.1/Substance_Database_2.1_BitmapBased_Sbs/Wood/bark_002_bitmap.sbs
Bitmap2Material_3,.sbsar,Generators/Utility,no,no,Substance_Database_2.1/Substance_Database_2.1_BitmapBased_Sbs [embedded in .resources],Substance_Database_2.1/Substance_Database_2.1_BitmapBased_Sbs/Wood/bark_003_bitmap.resources/Bitmap2Material_3.sbsar
bark_003_bitmap,.sbs,Organic/Nature,no,yes,Substance_Database_2.1/Substance_Database_2.1_BitmapBased_Sbs,Substance_Database_2.1/Substance_Database_2.1_BitmapBased_Sbs/Wood/bark_003_bitmap.sbs
Bitmap2Material_3,.sbsar,Generators/Utility,no,no,Substance_Database_2.1/Substance_Database_2.1_BitmapBased_Sbs [embedded in .resources],Substance_Database_2.1/Substance_Database_2.1_BitmapBased_Sbs/Wood/bark_004_bitmap.resources/Bitmap2Material_3.sbsar
bark_004_bitmap,.sbs,Organic/Nature,no,yes,Substance_Database_2.1/Substance_Database_2.1_BitmapBased_Sbs,Substance_Database_2.1/Substance_Database_2.1_BitmapBased_Sbs/Wood/bark_004_bitmap.sbs
Bitmap2Material_3,.sbsar,Generators/Utility,no,no,Substance_Database_2.1/Substance_Database_2.1_BitmapBased_Sbs [embedded in .resources],Substance_Database_2.1/Substance_Database_2.1_BitmapBased_Sbs/Wood/bark_005_bitmap.resources/Bitmap2Material_3.sbsar
bark_005_bitmap,.sbs,Organic/Nature,no,yes,Substance_Database_2.1/Substance_Database_2.1_BitmapBased_Sbs,Substance_Database_2.1/Substance_Database_2.1_BitmapBased_Sbs/Wood/bark_005_bitmap.sbs
Bitmap2Material_3,.sbsar,Generators/Utility,no,no,Substance_Database_2.1/Substance_Database_2.1_BitmapBased_Sbs [embedded in .resources],Substance_Database_2.1/Substance_Database_2.1_BitmapBased_Sbs/Wood/bark_006_bitmap.resources/Bitmap2Material_3.sbsar
bark_006_bitmap,.sbs,Organic/Nature,no,yes,Substance_Database_2.1/Substance_Database_2.1_BitmapBased_Sbs,Substance_Database_2.1/Substance_Database_2.1_BitmapBased_Sbs/Wood/bark_006_bitmap.sbs
Bitmap2Material_3,.sbsar,Generators/Utility,no,no,Substance_Database_2.1/Substance_Database_2.1_BitmapBased_Sbs [embedded in .resources],Substance_Database_2.1/Substance_Database_2.1_BitmapBased_Sbs/Wood/framed_planks_001_bitmap.resources/Bitmap2Material_3.sbsar
framed_planks_001_bitmap,.sbs,Wood,no,yes,Substance_Database_2.1/Substance_Database_2.1_BitmapBased_Sbs,Substance_Database_2.1/Substance_Database_2.1_BitmapBased_Sbs/Wood/framed_planks_001_bitmap.sbs
Bitmap2Material_3,.sbsar,Generators/Utility,no,no,Substance_Database_2.1/Substance_Database_2.1_BitmapBased_Sbs [embedded in .resources],Substance_Database_2.1/Substance_Database_2.1_BitmapBased_Sbs/Wood/old_varnished_wood_001_bitmap.resources/Bitmap2Material_3.sbsar
old_varnished_wood_001_bitmap,.sbs,Wood,no,yes,Substance_Database_2.1/Substance_Database_2.1_BitmapBased_Sbs,Substance_Database_2.1/Substance_Database_2.1_BitmapBased_Sbs/Wood/old_varnished_wood_001_bitmap.sbs
Bitmap2Material_3,.sbsar,Generators/Utility,no,no,Substance_Database_2.1/Substance_Database_2.1_BitmapBased_Sbs [embedded in .resources],Substance_Database_2.1/Substance_Database_2.1_BitmapBased_Sbs/Wood/planks_001_bitmap.resources/Bitmap2Material_3.sbsar
planks_001_bitmap,.sbs,Wood,no,yes,Substance_Database_2.1/Substance_Database_2.1_BitmapBased_Sbs,Substance_Database_2.1/Substance_Database_2.1_BitmapBased_Sbs/Wood/planks_001_bitmap.sbs
Bitmap2Material_3,.sbsar,Generators/Utility,no,no,Substance_Database_2.1/Substance_Database_2.1_BitmapBased_Sbs [embedded in .resources],Substance_Database_2.1/Substance_Database_2.1_BitmapBased_Sbs/Wood/planks_002_bitmap.resources/Bitmap2Material_3.sbsar
planks_002_bitmap,.sbs,Wood,no,yes,Substance_Database_2.1/Substance_Database_2.1_BitmapBased_Sbs,Substance_Database_2.1/Substance_Database_2.1_BitmapBased_Sbs/Wood/planks_002_bitmap.sbs
Bitmap2Material_3,.sbsar,Generators/Utility,no,no,Substance_Database_2.1/Substance_Database_2.1_BitmapBased_Sbs [embedded in .resources],Substance_Database_2.1/Substance_Database_2.1_BitmapBased_Sbs/Wood/planks_003_bitmap.resources/Bitmap2Material_3.sbsar
planks_003_bitmap,.sbs,Wood,no,yes,Substance_Database_2.1/Substance_Database_2.1_BitmapBased_Sbs,Substance_Database_2.1/Substance_Database_2.1_BitmapBased_Sbs/Wood/planks_003_bitmap.sbs
Bitmap2Material_3,.sbsar,Generators/Utility,no,no,Substance_Database_2.1/Substance_Database_2.1_BitmapBased_Sbs [embedded in .resources],Substance_Database_2.1/Substance_Database_2.1_BitmapBased_Sbs/Wood/planks_004_bitmap.resources/Bitmap2Material_3.sbsar
planks_004_bitmap,.sbs,Wood,no,yes,Substance_Database_2.1/Substance_Database_2.1_BitmapBased_Sbs,Substance_Database_2.1/Substance_Database_2.1_BitmapBased_Sbs/Wood/planks_004_bitmap.sbs
Bitmap2Material_3,.sbsar,Generators/Utility,no,no,Substance_Database_2.1/Substance_Database_2.1_BitmapBased_Sbs [embedded in .resources],Substance_Database_2.1/Substance_Database_2.1_BitmapBased_Sbs/Wood/planks_005_bitmap.resources/Bitmap2Material_3.sbsar
planks_005_bitmap,.sbs,Wood,no,yes,Substance_Database_2.1/Substance_Database_2.1_BitmapBased_Sbs,Substance_Database_2.1/Substance_Database_2.1_BitmapBased_Sbs/Wood/planks_005_bitmap.sbs
Bitmap2Material_3,.sbsar,Generators/Utility,no,no,Substance_Database_2.1/Substance_Database_2.1_BitmapBased_Sbs [embedded in .resources],Substance_Database_2.1/Substance_Database_2.1_BitmapBased_Sbs/Wood/planks_006_bitmap.resources/Bitmap2Material_3.sbsar
planks_006_bitmap,.sbs,Wood,no,yes,Substance_Database_2.1/Substance_Database_2.1_BitmapBased_Sbs,Substance_Database_2.1/Substance_Database_2.1_BitmapBased_Sbs/Wood/planks_006_bitmap.sbs
Bitmap2Material_3,.sbsar,Generators/Utility,no,no,Substance_Database_2.1/Substance_Database_2.1_BitmapBased_Sbs [embedded in .resources],Substance_Database_2.1/Substance_Database_2.1_BitmapBased_Sbs/Wood/planks_007_bitmap.resources/Bitmap2Material_3.sbsar
planks_007_bitmap,.sbs,Wood,no,yes,Substance_Database_2.1/Substance_Database_2.1_BitmapBased_Sbs,Substance_Database_2.1/Substance_Database_2.1_BitmapBased_Sbs/Wood/planks_007_bitmap.sbs
Bitmap2Material_3,.sbsar,Generators/Utility,no,no,Substance_Database_2.1/Substance_Database_2.1_BitmapBased_Sbs [embedded in .resources],Substance_Database_2.1/Substance_Database_2.1_BitmapBased_Sbs/Wood/planks_008_bitmap.resources/Bitmap2Material_3.sbsar
planks_008_bitmap,.sbs,Wood,no,yes,Substance_Database_2.1/Substance_Database_2.1_BitmapBased_Sbs,Substance_Database_2.1/Substance_Database_2.1_BitmapBased_Sbs/Wood/planks_008_bitmap.sbs
Bitmap2Material_3,.sbsar,Generators/Utility,no,no,Substance_Database_2.1/Substance_Database_2.1_BitmapBased_Sbs [embedded in .resources],Substance_Database_2.1/Substance_Database_2.1_BitmapBased_Sbs/Wood/wood_door_001_bitmap.resources/Bitmap2Material_3.sbsar
wood_door_001_bitmap,.sbs,Wood,no,yes,Substance_Database_2.1/Substance_Database_2.1_BitmapBased_Sbs,Substance_Database_2.1/Substance_Database_2.1_BitmapBased_Sbs/Wood/wood_door_001_bitmap.sbs
bricks_001_bitmap,.sbsar,Brick/Masonry/Wall,no,yes,Substance_Database_2.1/Substance_Database_2.1_BitmapBased_Sbsar,Substance_Database_2.1/Substance_Database_2.1_BitmapBased_Sbsar/Bricks/bricks_001_bitmap.sbsar
bricks_002_bitmap,.sbsar,Brick/Masonry/Wall,no,yes,Substance_Database_2.1/Substance_Database_2.1_BitmapBased_Sbsar,Substance_Database_2.1/Substance_Database_2.1_BitmapBased_Sbsar/Bricks/bricks_002_bitmap.sbsar
bricks_003_bitmap,.sbsar,Brick/Masonry/Wall,no,yes,Substance_Database_2.1/Substance_Database_2.1_BitmapBased_Sbsar,Substance_Database_2.1/Substance_Database_2.1_BitmapBased_Sbsar/Bricks/bricks_003_bitmap.sbsar
bricks_004_bitmap,.sbsar,Brick/Masonry/Wall,no,yes,Substance_Database_2.1/Substance_Database_2.1_BitmapBased_Sbsar,Substance_Database_2.1/Substance_Database_2.1_BitmapBased_Sbsar/Bricks/bricks_004_bitmap.sbsar
bricks_005_bitmap,.sbsar,Brick/Masonry/Wall,no,yes,Substance_Database_2.1/Substance_Database_2.1_BitmapBased_Sbsar,Substance_Database_2.1/Substance_Database_2.1_BitmapBased_Sbsar/Bricks/bricks_005_bitmap.sbsar
stones_wall_001_bitmap,.sbsar,Brick/Masonry/Wall,no,yes,Substance_Database_2.1/Substance_Database_2.1_BitmapBased_Sbsar,Substance_Database_2.1/Substance_Database_2.1_BitmapBased_Sbsar/Bricks/stones_wall_001_bitmap.sbsar
stones_wall_002_bitmap,.sbsar,Brick/Masonry/Wall,no,yes,Substance_Database_2.1/Substance_Database_2.1_BitmapBased_Sbsar,Substance_Database_2.1/Substance_Database_2.1_BitmapBased_Sbsar/Bricks/stones_wall_002_bitmap.sbsar
stones_wall_003_bitmap,.sbsar,Brick/Masonry/Wall,no,yes,Substance_Database_2.1/Substance_Database_2.1_BitmapBased_Sbsar,Substance_Database_2.1/Substance_Database_2.1_BitmapBased_Sbsar/Bricks/stones_wall_003_bitmap.sbsar
stones_wall_004_bitmap,.sbsar,Brick/Masonry/Wall,no,yes,Substance_Database_2.1/Substance_Database_2.1_BitmapBased_Sbsar,Substance_Database_2.1/Substance_Database_2.1_BitmapBased_Sbsar/Bricks/stones_wall_004_bitmap.sbsar
concrete_wall_001_bitmap,.sbsar,Concrete/Plaster,no,yes,Substance_Database_2.1/Substance_Database_2.1_BitmapBased_Sbsar,Substance_Database_2.1/Substance_Database_2.1_BitmapBased_Sbsar/Concrete/concrete_wall_001_bitmap.sbsar
concrete_wall_002_bitmap,.sbsar,Concrete/Plaster,no,yes,Substance_Database_2.1/Substance_Database_2.1_BitmapBased_Sbsar,Substance_Database_2.1/Substance_Database_2.1_BitmapBased_Sbsar/Concrete/concrete_wall_002_bitmap.sbsar
crystal_concrete_001_bitmap,.sbsar,Concrete/Plaster,no,yes,Substance_Database_2.1/Substance_Database_2.1_BitmapBased_Sbsar,Substance_Database_2.1/Substance_Database_2.1_BitmapBased_Sbsar/Concrete/crystal_concrete_001_bitmap.sbsar
dirty_concrete_wall_001_bitmap,.sbsar,Concrete/Plaster,no,yes,Substance_Database_2.1/Substance_Database_2.1_BitmapBased_Sbsar,Substance_Database_2.1/Substance_Database_2.1_BitmapBased_Sbsar/Concrete/dirty_concrete_wall_001_bitmap.sbsar
layered_concrete_wall_001_bitmap,.sbsar,Concrete/Plaster,no,yes,Substance_Database_2.1/Substance_Database_2.1_BitmapBased_Sbsar,Substance_Database_2.1/Substance_Database_2.1_BitmapBased_Sbsar/Concrete/layered_concrete_wall_001_bitmap.sbsar
old_mossy_concrete_001_bitmap,.sbsar,Concrete/Plaster,no,yes,Substance_Database_2.1/Substance_Database_2.1_BitmapBased_Sbsar,Substance_Database_2.1/Substance_Database_2.1_BitmapBased_Sbsar/Concrete/old_mossy_concrete_001_bitmap.sbsar
old_mossy_concrete_002_bitmap,.sbsar,Concrete/Plaster,no,yes,Substance_Database_2.1/Substance_Database_2.1_BitmapBased_Sbsar,Substance_Database_2.1/Substance_Database_2.1_BitmapBased_Sbsar/Concrete/old_mossy_concrete_002_bitmap.sbsar
old_mossy_concrete_003_bitmap,.sbsar,Concrete/Plaster,no,yes,Substance_Database_2.1/Substance_Database_2.1_BitmapBased_Sbsar,Substance_Database_2.1/Substance_Database_2.1_BitmapBased_Sbsar/Concrete/old_mossy_concrete_003_bitmap.sbsar
painted_concrete_001_bitmap,.sbsar,Concrete/Plaster,no,yes,Substance_Database_2.1/Substance_Database_2.1_BitmapBased_Sbsar,Substance_Database_2.1/Substance_Database_2.1_BitmapBased_Sbsar/Concrete/painted_concrete_001_bitmap.sbsar
sculpted_concrete_001_bitmap,.sbsar,Concrete/Plaster,no,yes,Substance_Database_2.1/Substance_Database_2.1_BitmapBased_Sbsar,Substance_Database_2.1/Substance_Database_2.1_BitmapBased_Sbsar/Concrete/sculpted_concrete_001_bitmap.sbsar
sidewalk_bumped_concrete_001_bitmap,.sbsar,Concrete/Plaster,no,yes,Substance_Database_2.1/Substance_Database_2.1_BitmapBased_Sbsar,Substance_Database_2.1/Substance_Database_2.1_BitmapBased_Sbsar/Concrete/sidewalk_bumped_concrete_001_bitmap.sbsar
fabric_001_bitmap,.sbsar,Fabric/Leather,no,yes,Substance_Database_2.1/Substance_Database_2.1_BitmapBased_Sbsar,Substance_Database_2.1/Substance_Database_2.1_BitmapBased_Sbsar/Fabric/fabric_001_bitmap.sbsar
fabric_002_bitmap,.sbsar,Fabric/Leather,no,yes,Substance_Database_2.1/Substance_Database_2.1_BitmapBased_Sbsar,Substance_Database_2.1/Substance_Database_2.1_BitmapBased_Sbsar/Fabric/fabric_002_bitmap.sbsar
fabric_003_bitmap,.sbsar,Fabric/Leather,no,yes,Substance_Database_2.1/Substance_Database_2.1_BitmapBased_Sbsar,Substance_Database_2.1/Substance_Database_2.1_BitmapBased_Sbsar/Fabric/fabric_003_bitmap.sbsar
leather_001_bitmap,.sbsar,Fabric/Leather,no,yes,Substance_Database_2.1/Substance_Database_2.1_BitmapBased_Sbsar,Substance_Database_2.1/Substance_Database_2.1_BitmapBased_Sbsar/Fabric/leather_001_bitmap.sbsar
leather_002_bitmap,.sbsar,Fabric/Leather,no,yes,Substance_Database_2.1/Substance_Database_2.1_BitmapBased_Sbsar,Substance_Database_2.1/Substance_Database_2.1_BitmapBased_Sbsar/Fabric/leather_002_bitmap.sbsar
leather_003_bitmap,.sbsar,Fabric/Leather,no,yes,Substance_Database_2.1/Substance_Database_2.1_BitmapBased_Sbsar,Substance_Database_2.1/Substance_Database_2.1_BitmapBased_Sbsar/Fabric/leather_003_bitmap.sbsar
towel_001_bitmap,.sbsar,Fabric/Leather,no,yes,Substance_Database_2.1/Substance_Database_2.1_BitmapBased_Sbsar,Substance_Database_2.1/Substance_Database_2.1_BitmapBased_Sbsar/Fabric/towel_001_bitmap.sbsar
wool_001_bitmap,.sbsar,Fabric/Leather,no,yes,Substance_Database_2.1/Substance_Database_2.1_BitmapBased_Sbsar,Substance_Database_2.1/Substance_Database_2.1_BitmapBased_Sbsar/Fabric/wool_001_bitmap.sbsar
wool_002_bitmap,.sbsar,Fabric/Leather,no,yes,Substance_Database_2.1/Substance_Database_2.1_BitmapBased_Sbsar,Substance_Database_2.1/Substance_Database_2.1_BitmapBased_Sbsar/Fabric/wool_002_bitmap.sbsar
wool_003_bitmap,.sbsar,Fabric/Leather,no,yes,Substance_Database_2.1/Substance_Database_2.1_BitmapBased_Sbsar,Substance_Database_2.1/Substance_Database_2.1_BitmapBased_Sbsar/Fabric/wool_003_bitmap.sbsar
wool_004_bitmap,.sbsar,Fabric/Leather,no,yes,Substance_Database_2.1/Substance_Database_2.1_BitmapBased_Sbsar,Substance_Database_2.1/Substance_Database_2.1_BitmapBased_Sbsar/Fabric/wool_004_bitmap.sbsar
wool_005_bitmap,.sbsar,Fabric/Leather,no,yes,Substance_Database_2.1/Substance_Database_2.1_BitmapBased_Sbsar,Substance_Database_2.1/Substance_Database_2.1_BitmapBased_Sbsar/Fabric/wool_005_bitmap.sbsar
asphalt_001_bitmap,.sbsar,Pavement/Tiles/Floor,no,yes,Substance_Database_2.1/Substance_Database_2.1_BitmapBased_Sbsar,Substance_Database_2.1/Substance_Database_2.1_BitmapBased_Sbsar/Ground/asphalt_001_bitmap.sbsar
asphalt_002_bitmap,.sbsar,Pavement/Tiles/Floor,no,yes,Substance_Database_2.1/Substance_Database_2.1_BitmapBased_Sbsar,Substance_Database_2.1/Substance_Database_2.1_BitmapBased_Sbsar/Ground/asphalt_002_bitmap.sbsar
asphalt_003_bitmap,.sbsar,Pavement/Tiles/Floor,no,yes,Substance_Database_2.1/Substance_Database_2.1_BitmapBased_Sbsar,Substance_Database_2.1/Substance_Database_2.1_BitmapBased_Sbsar/Ground/asphalt_003_bitmap.sbsar
asphalt_004_bitmap,.sbsar,Pavement/Tiles/Floor,no,yes,Substance_Database_2.1/Substance_Database_2.1_BitmapBased_Sbsar,Substance_Database_2.1/Substance_Database_2.1_BitmapBased_Sbsar/Ground/asphalt_004_bitmap.sbsar
dirt_and_pebbles_001_bitmap,.sbsar,Rock/Stone/Cliff,no,yes,Substance_Database_2.1/Substance_Database_2.1_BitmapBased_Sbsar,Substance_Database_2.1/Substance_Database_2.1_BitmapBased_Sbsar/Ground/dirt_and_pebbles_001_bitmap.sbsar
dry_dirt_001_bitmap,.sbsar,Ground/Soil/Sand/Gravel,no,yes,Substance_Database_2.1/Substance_Database_2.1_BitmapBased_Sbsar,Substance_Database_2.1/Substance_Database_2.1_BitmapBased_Sbsar/Ground/dry_dirt_001_bitmap.sbsar
hatch_001_bitmap,.sbsar,Ground/Soil/Sand/Gravel,no,yes,Substance_Database_2.1/Substance_Database_2.1_BitmapBased_Sbsar,Substance_Database_2.1/Substance_Database_2.1_BitmapBased_Sbsar/Ground/hatch_001_bitmap.sbsar
ice_001_bitmap,.sbsar,Ice/Snow/Water,no,yes,Substance_Database_2.1/Substance_Database_2.1_BitmapBased_Sbsar,Substance_Database_2.1/Substance_Database_2.1_BitmapBased_Sbsar/Ground/ice_001_bitmap.sbsar
pebbles_pavement_001_bitmap,.sbsar,Pavement/Tiles/Floor,no,yes,Substance_Database_2.1/Substance_Database_2.1_BitmapBased_Sbsar,Substance_Database_2.1/Substance_Database_2.1_BitmapBased_Sbsar/Ground/pebbles_pavement_001_bitmap.sbsar
plastic_doormat_001_bitmap,.sbsar,Fabric/Leather,no,yes,Substance_Database_2.1/Substance_Database_2.1_BitmapBased_Sbsar,Substance_Database_2.1/Substance_Database_2.1_BitmapBased_Sbsar/Ground/plastic_doormat_001_bitmap.sbsar
quincunx_bricks_ground_001_bitmap,.sbsar,Brick/Masonry/Wall,no,yes,Substance_Database_2.1/Substance_Database_2.1_BitmapBased_Sbsar,Substance_Database_2.1/Substance_Database_2.1_BitmapBased_Sbsar/Ground/quincunx_bricks_ground_001_bitmap.sbsar
sewer_plate_001_bitmap,.sbsar,Ground/Soil/Sand/Gravel,no,yes,Substance_Database_2.1/Substance_Database_2.1_BitmapBased_Sbsar,Substance_Database_2.1/Substance_Database_2.1_BitmapBased_Sbsar/Ground/sewer_plate_001_bitmap.sbsar
sewer_plate_002_bitmap,.sbsar,Ground/Soil/Sand/Gravel,no,yes,Substance_Database_2.1/Substance_Database_2.1_BitmapBased_Sbsar,Substance_Database_2.1/Substance_Database_2.1_BitmapBased_Sbsar/Ground/sewer_plate_002_bitmap.sbsar
sewer_plate_003_bitmap,.sbsar,Ground/Soil/Sand/Gravel,no,yes,Substance_Database_2.1/Substance_Database_2.1_BitmapBased_Sbsar,Substance_Database_2.1/Substance_Database_2.1_BitmapBased_Sbsar/Ground/sewer_plate_003_bitmap.sbsar
sewer_plate_004_bitmap,.sbsar,Ground/Soil/Sand/Gravel,no,yes,Substance_Database_2.1/Substance_Database_2.1_BitmapBased_Sbsar,Substance_Database_2.1/Substance_Database_2.1_BitmapBased_Sbsar/Ground/sewer_plate_004_bitmap.sbsar
speed_reducer_001_bitmap,.sbsar,Ground/Soil/Sand/Gravel,no,yes,Substance_Database_2.1/Substance_Database_2.1_BitmapBased_Sbsar,Substance_Database_2.1/Substance_Database_2.1_BitmapBased_Sbsar/Ground/speed_reducer_001_bitmap.sbsar
stones_ground_001_bitmap,.sbsar,Rock/Stone/Cliff,no,yes,Substance_Database_2.1/Substance_Database_2.1_BitmapBased_Sbsar,Substance_Database_2.1/Substance_Database_2.1_BitmapBased_Sbsar/Ground/stones_ground_001_bitmap.sbsar
stones_ground_002_bitmap,.sbsar,Rock/Stone/Cliff,no,yes,Substance_Database_2.1/Substance_Database_2.1_BitmapBased_Sbsar,Substance_Database_2.1/Substance_Database_2.1_BitmapBased_Sbsar/Ground/stones_ground_002_bitmap.sbsar
damaged_paint_001_bitmap,.sbsar,Generators/Utility,no,yes,Substance_Database_2.1/Substance_Database_2.1_BitmapBased_Sbsar,Substance_Database_2.1/Substance_Database_2.1_BitmapBased_Sbsar/Grunge/damaged_paint_001_bitmap.sbsar
mailbox_door_001_bitmap,.sbsar,Other,no,yes,Substance_Database_2.1/Substance_Database_2.1_BitmapBased_Sbsar,Substance_Database_2.1/Substance_Database_2.1_BitmapBased_Sbsar/Manmade/mailbox_door_001_bitmap.sbsar
old_metal_door_001_bitmap,.sbsar,Metal,no,yes,Substance_Database_2.1/Substance_Database_2.1_BitmapBased_Sbsar,Substance_Database_2.1/Substance_Database_2.1_BitmapBased_Sbsar/Manmade/old_metal_door_001_bitmap.sbsar
painted_wood_hedge_001_bitmap,.sbsar,Wood,no,yes,Substance_Database_2.1/Substance_Database_2.1_BitmapBased_Sbsar,Substance_Database_2.1/Substance_Database_2.1_BitmapBased_Sbsar/Manmade/painted_wood_hedge_001_bitmap.sbsar
plastic_shutter_001_bitmap,.sbsar,Other,no,yes,Substance_Database_2.1/Substance_Database_2.1_BitmapBased_Sbsar,Substance_Database_2.1/Substance_Database_2.1_BitmapBased_Sbsar/Manmade/plastic_shutter_001_bitmap.sbsar
marble_001_bitmap,.sbsar,Rock/Stone/Cliff,no,yes,Substance_Database_2.1/Substance_Database_2.1_BitmapBased_Sbsar,Substance_Database_2.1/Substance_Database_2.1_BitmapBased_Sbsar/Marble/marble_001_bitmap.sbsar
marble_002_bitmap,.sbsar,Rock/Stone/Cliff,no,yes,Substance_Database_2.1/Substance_Database_2.1_BitmapBased_Sbsar,Substance_Database_2.1/Substance_Database_2.1_BitmapBased_Sbsar/Marble/marble_002_bitmap.sbsar
marble_003_bitmap,.sbsar,Rock/Stone/Cliff,no,yes,Substance_Database_2.1/Substance_Database_2.1_BitmapBased_Sbsar,Substance_Database_2.1/Substance_Database_2.1_BitmapBased_Sbsar/Marble/marble_003_bitmap.sbsar
marble_004_bitmap,.sbsar,Rock/Stone/Cliff,no,yes,Substance_Database_2.1/Substance_Database_2.1_BitmapBased_Sbsar,Substance_Database_2.1/Substance_Database_2.1_BitmapBased_Sbsar/Marble/marble_004_bitmap.sbsar
marble_005_bitmap,.sbsar,Rock/Stone/Cliff,no,yes,Substance_Database_2.1/Substance_Database_2.1_BitmapBased_Sbsar,Substance_Database_2.1/Substance_Database_2.1_BitmapBased_Sbsar/Marble/marble_005_bitmap.sbsar
marble_006_bitmap,.sbsar,Rock/Stone/Cliff,no,yes,Substance_Database_2.1/Substance_Database_2.1_BitmapBased_Sbsar,Substance_Database_2.1/Substance_Database_2.1_BitmapBased_Sbsar/Marble/marble_006_bitmap.sbsar
marble_007_bitmap,.sbsar,Rock/Stone/Cliff,no,yes,Substance_Database_2.1/Substance_Database_2.1_BitmapBased_Sbsar,Substance_Database_2.1/Substance_Database_2.1_BitmapBased_Sbsar/Marble/marble_007_bitmap.sbsar
marble_008_bitmap,.sbsar,Rock/Stone/Cliff,no,yes,Substance_Database_2.1/Substance_Database_2.1_BitmapBased_Sbsar,Substance_Database_2.1/Substance_Database_2.1_BitmapBased_Sbsar/Marble/marble_008_bitmap.sbsar
marble_009_bitmap,.sbsar,Rock/Stone/Cliff,no,yes,Substance_Database_2.1/Substance_Database_2.1_BitmapBased_Sbsar,Substance_Database_2.1/Substance_Database_2.1_BitmapBased_Sbsar/Marble/marble_009_bitmap.sbsar
escalator_001_bitmap,.sbsar,Metal,no,yes,Substance_Database_2.1/Substance_Database_2.1_BitmapBased_Sbsar,Substance_Database_2.1/Substance_Database_2.1_BitmapBased_Sbsar/Metal/escalator_001_bitmap.sbsar
metal_shutter_001_bitmap,.sbsar,Metal,no,yes,Substance_Database_2.1/Substance_Database_2.1_BitmapBased_Sbsar,Substance_Database_2.1/Substance_Database_2.1_BitmapBased_Sbsar/Metal/metal_shutter_001_bitmap.sbsar
metal_shutter_002_bitmap,.sbsar,Metal,no,yes,Substance_Database_2.1/Substance_Database_2.1_BitmapBased_Sbsar,Substance_Database_2.1/Substance_Database_2.1_BitmapBased_Sbsar/Metal/metal_shutter_002_bitmap.sbsar
old_iron_001_bitmap,.sbsar,Metal,no,yes,Substance_Database_2.1/Substance_Database_2.1_BitmapBased_Sbsar,Substance_Database_2.1/Substance_Database_2.1_BitmapBased_Sbsar/Metal/old_iron_001_bitmap.sbsar
old_painted_metal_001_bitmap,.sbsar,Metal,no,yes,Substance_Database_2.1/Substance_Database_2.1_BitmapBased_Sbsar,Substance_Database_2.1/Substance_Database_2.1_BitmapBased_Sbsar/Metal/old_painted_metal_001_bitmap.sbsar
old_painted_metal_002_bitmap,.sbsar,Metal,no,yes,Substance_Database_2.1/Substance_Database_2.1_BitmapBased_Sbsar,Substance_Database_2.1/Substance_Database_2.1_BitmapBased_Sbsar/Metal/old_painted_metal_002_bitmap.sbsar
pewter_001_bitmap,.sbsar,Metal,no,yes,Substance_Database_2.1/Substance_Database_2.1_BitmapBased_Sbsar,Substance_Database_2.1/Substance_Database_2.1_BitmapBased_Sbsar/Metal/pewter_001_bitmap.sbsar
pewter_002_bitmap,.sbsar,Metal,no,yes,Substance_Database_2.1/Substance_Database_2.1_BitmapBased_Sbsar,Substance_Database_2.1/Substance_Database_2.1_BitmapBased_Sbsar/Metal/pewter_002_bitmap.sbsar
steel_001_bitmap,.sbsar,Metal,no,yes,Substance_Database_2.1/Substance_Database_2.1_BitmapBased_Sbsar,Substance_Database_2.1/Substance_Database_2.1_BitmapBased_Sbsar/Metal/steel_001_bitmap.sbsar
steel_002_bitmap,.sbsar,Metal,no,yes,Substance_Database_2.1/Substance_Database_2.1_BitmapBased_Sbsar,Substance_Database_2.1/Substance_Database_2.1_BitmapBased_Sbsar/Metal/steel_002_bitmap.sbsar
steel_003_bitmap,.sbsar,Metal,no,yes,Substance_Database_2.1/Substance_Database_2.1_BitmapBased_Sbsar,Substance_Database_2.1/Substance_Database_2.1_BitmapBased_Sbsar/Metal/steel_003_bitmap.sbsar
dead_grass_001_bitmap,.sbsar,Organic/Nature,no,yes,Substance_Database_2.1/Substance_Database_2.1_BitmapBased_Sbsar,Substance_Database_2.1/Substance_Database_2.1_BitmapBased_Sbsar/Nature/dead_grass_001_bitmap.sbsar
dead_grass_002_bitmap,.sbsar,Organic/Nature,no,yes,Substance_Database_2.1/Substance_Database_2.1_BitmapBased_Sbsar,Substance_Database_2.1/Substance_Database_2.1_BitmapBased_Sbsar/Nature/dead_grass_002_bitmap.sbsar
dead_grass_003_bitmap,.sbsar,Organic/Nature,no,yes,Substance_Database_2.1/Substance_Database_2.1_BitmapBased_Sbsar,Substance_Database_2.1/Substance_Database_2.1_BitmapBased_Sbsar/Nature/dead_grass_003_bitmap.sbsar
dead_grass_004_bitmap,.sbsar,Organic/Nature,no,yes,Substance_Database_2.1/Substance_Database_2.1_BitmapBased_Sbsar,Substance_Database_2.1/Substance_Database_2.1_BitmapBased_Sbsar/Nature/dead_grass_004_bitmap.sbsar
grass_001_bitmap,.sbsar,Organic/Nature,no,yes,Substance_Database_2.1/Substance_Database_2.1_BitmapBased_Sbsar,Substance_Database_2.1/Substance_Database_2.1_BitmapBased_Sbsar/Nature/grass_001_bitmap.sbsar
grass_002_bitmap,.sbsar,Organic/Nature,no,yes,Substance_Database_2.1/Substance_Database_2.1_BitmapBased_Sbsar,Substance_Database_2.1/Substance_Database_2.1_BitmapBased_Sbsar/Nature/grass_002_bitmap.sbsar
grass_003_bitmap,.sbsar,Organic/Nature,no,yes,Substance_Database_2.1/Substance_Database_2.1_BitmapBased_Sbsar,Substance_Database_2.1/Substance_Database_2.1_BitmapBased_Sbsar/Nature/grass_003_bitmap.sbsar
hedge_leaves_001_bitmap,.sbsar,Organic/Nature,no,yes,Substance_Database_2.1/Substance_Database_2.1_BitmapBased_Sbsar,Substance_Database_2.1/Substance_Database_2.1_BitmapBased_Sbsar/Nature/hedge_leaves_001_bitmap.sbsar
concrete_and_pebbles_pavement_001_bitmap,.sbsar,Concrete/Plaster,no,yes,Substance_Database_2.1/Substance_Database_2.1_BitmapBased_Sbsar,Substance_Database_2.1/Substance_Database_2.1_BitmapBased_Sbsar/Pavement/concrete_and_pebbles_pavement_001_bitmap.sbsar
concrete_pavement_001_bitmap,.sbsar,Concrete/Plaster,no,yes,Substance_Database_2.1/Substance_Database_2.1_BitmapBased_Sbsar,Substance_Database_2.1/Substance_Database_2.1_BitmapBased_Sbsar/Pavement/concrete_pavement_001_bitmap.sbsar
concrete_pavement_002_bitmap,.sbsar,Concrete/Plaster,no,yes,Substance_Database_2.1/Substance_Database_2.1_BitmapBased_Sbsar,Substance_Database_2.1/Substance_Database_2.1_BitmapBased_Sbsar/Pavement/concrete_pavement_002_bitmap.sbsar
concrete_pavement_003_bitmap,.sbsar,Concrete/Plaster,no,yes,Substance_Database_2.1/Substance_Database_2.1_BitmapBased_Sbsar,Substance_Database_2.1/Substance_Database_2.1_BitmapBased_Sbsar/Pavement/concrete_pavement_003_bitmap.sbsar
dirt_and_concrete_pavement_001_bitmap,.sbsar,Concrete/Plaster,no,yes,Substance_Database_2.1/Substance_Database_2.1_BitmapBased_Sbsar,Substance_Database_2.1/Substance_Database_2.1_BitmapBased_Sbsar/Pavement/dirt_and_concrete_pavement_001_bitmap.sbsar
stones_pavement_001_bitmap,.sbsar,Pavement/Tiles/Floor,no,yes,Substance_Database_2.1/Substance_Database_2.1_BitmapBased_Sbsar,Substance_Database_2.1/Substance_Database_2.1_BitmapBased_Sbsar/Pavement/stones_pavement_001_bitmap.sbsar
stones_pavement_002_bitmap,.sbsar,Pavement/Tiles/Floor,no,yes,Substance_Database_2.1/Substance_Database_2.1_BitmapBased_Sbsar,Substance_Database_2.1/Substance_Database_2.1_BitmapBased_Sbsar/Pavement/stones_pavement_002_bitmap.sbsar
damaged_plaster_001_bitmap,.sbsar,Concrete/Plaster,no,yes,Substance_Database_2.1/Substance_Database_2.1_BitmapBased_Sbsar,Substance_Database_2.1/Substance_Database_2.1_BitmapBased_Sbsar/Plaster/damaged_plaster_001_bitmap.sbsar
handmade_plaster_001_bitmap,.sbsar,Concrete/Plaster,no,yes,Substance_Database_2.1/Substance_Database_2.1_BitmapBased_Sbsar,Substance_Database_2.1/Substance_Database_2.1_BitmapBased_Sbsar/Plaster/handmade_plaster_001_bitmap.sbsar
painted_plaster_001_bitmap,.sbsar,Concrete/Plaster,no,yes,Substance_Database_2.1/Substance_Database_2.1_BitmapBased_Sbsar,Substance_Database_2.1/Substance_Database_2.1_BitmapBased_Sbsar/Plaster/painted_plaster_001_bitmap.sbsar
painted_plaster_002_bitmap,.sbsar,Concrete/Plaster,no,yes,Substance_Database_2.1/Substance_Database_2.1_BitmapBased_Sbsar,Substance_Database_2.1/Substance_Database_2.1_BitmapBased_Sbsar/Plaster/painted_plaster_002_bitmap.sbsar
painted_plaster_003_bitmap,.sbsar,Concrete/Plaster,no,yes,Substance_Database_2.1/Substance_Database_2.1_BitmapBased_Sbsar,Substance_Database_2.1/Substance_Database_2.1_BitmapBased_Sbsar/Plaster/painted_plaster_003_bitmap.sbsar
plastered_wall_001_bitmap,.sbsar,Concrete/Plaster,no,yes,Substance_Database_2.1/Substance_Database_2.1_BitmapBased_Sbsar,Substance_Database_2.1/Substance_Database_2.1_BitmapBased_Sbsar/Plaster/plastered_wall_001_bitmap.sbsar
plastered_wall_002_bitmap,.sbsar,Concrete/Plaster,no,yes,Substance_Database_2.1/Substance_Database_2.1_BitmapBased_Sbsar,Substance_Database_2.1/Substance_Database_2.1_BitmapBased_Sbsar/Plaster/plastered_wall_002_bitmap.sbsar
plastered_wall_003_bitmap,.sbsar,Concrete/Plaster,no,yes,Substance_Database_2.1/Substance_Database_2.1_BitmapBased_Sbsar,Substance_Database_2.1/Substance_Database_2.1_BitmapBased_Sbsar/Plaster/plastered_wall_003_bitmap.sbsar
layered_stones_001_bitmap,.sbsar,Rock/Stone/Cliff,no,yes,Substance_Database_2.1/Substance_Database_2.1_BitmapBased_Sbsar,Substance_Database_2.1/Substance_Database_2.1_BitmapBased_Sbsar/Stone/layered_stones_001_bitmap.sbsar
rock_001_bitmap,.sbsar,Rock/Stone/Cliff,no,yes,Substance_Database_2.1/Substance_Database_2.1_BitmapBased_Sbsar,Substance_Database_2.1/Substance_Database_2.1_BitmapBased_Sbsar/Stone/rock_001_bitmap.sbsar
rock_002_bitmap,.sbsar,Rock/Stone/Cliff,no,yes,Substance_Database_2.1/Substance_Database_2.1_BitmapBased_Sbsar,Substance_Database_2.1/Substance_Database_2.1_BitmapBased_Sbsar/Stone/rock_002_bitmap.sbsar
rock_003_bitmap,.sbsar,Rock/Stone/Cliff,no,yes,Substance_Database_2.1/Substance_Database_2.1_BitmapBased_Sbsar,Substance_Database_2.1/Substance_Database_2.1_BitmapBased_Sbsar/Stone/rock_003_bitmap.sbsar
rock_004_bitmap,.sbsar,Rock/Stone/Cliff,no,yes,Substance_Database_2.1/Substance_Database_2.1_BitmapBased_Sbsar,Substance_Database_2.1/Substance_Database_2.1_BitmapBased_Sbsar/Stone/rock_004_bitmap.sbsar
rock_005_bitmap,.sbsar,Rock/Stone/Cliff,no,yes,Substance_Database_2.1/Substance_Database_2.1_BitmapBased_Sbsar,Substance_Database_2.1/Substance_Database_2.1_BitmapBased_Sbsar/Stone/rock_005_bitmap.sbsar
rock_006_bitmap,.sbsar,Rock/Stone/Cliff,no,yes,Substance_Database_2.1/Substance_Database_2.1_BitmapBased_Sbsar,Substance_Database_2.1/Substance_Database_2.1_BitmapBased_Sbsar/Stone/rock_006_bitmap.sbsar
rock_007_bitmap,.sbsar,Rock/Stone/Cliff,no,yes,Substance_Database_2.1/Substance_Database_2.1_BitmapBased_Sbsar,Substance_Database_2.1/Substance_Database_2.1_BitmapBased_Sbsar/Stone/rock_007_bitmap.sbsar
rock_008_bitmap,.sbsar,Rock/Stone/Cliff,no,yes,Substance_Database_2.1/Substance_Database_2.1_BitmapBased_Sbsar,Substance_Database_2.1/Substance_Database_2.1_BitmapBased_Sbsar/Stone/rock_008_bitmap.sbsar
rock_009_bitmap,.sbsar,Rock/Stone/Cliff,no,yes,Substance_Database_2.1/Substance_Database_2.1_BitmapBased_Sbsar,Substance_Database_2.1/Substance_Database_2.1_BitmapBased_Sbsar/Stone/rock_009_bitmap.sbsar
rock_010_bitmap,.sbsar,Rock/Stone/Cliff,no,yes,Substance_Database_2.1/Substance_Database_2.1_BitmapBased_Sbsar,Substance_Database_2.1/Substance_Database_2.1_BitmapBased_Sbsar/Stone/rock_010_bitmap.sbsar
rock_011_bitmap,.sbsar,Rock/Stone/Cliff,no,yes,Substance_Database_2.1/Substance_Database_2.1_BitmapBased_Sbsar,Substance_Database_2.1/Substance_Database_2.1_BitmapBased_Sbsar/Stone/rock_011_bitmap.sbsar
rock_012_bitmap,.sbsar,Rock/Stone/Cliff,no,yes,Substance_Database_2.1/Substance_Database_2.1_BitmapBased_Sbsar,Substance_Database_2.1/Substance_Database_2.1_BitmapBased_Sbsar/Stone/rock_012_bitmap.sbsar
rock_013_bitmap,.sbsar,Rock/Stone/Cliff,no,yes,Substance_Database_2.1/Substance_Database_2.1_BitmapBased_Sbsar,Substance_Database_2.1/Substance_Database_2.1_BitmapBased_Sbsar/Stone/rock_013_bitmap.sbsar
rock_014_bitmap,.sbsar,Rock/Stone/Cliff,no,yes,Substance_Database_2.1/Substance_Database_2.1_BitmapBased_Sbsar,Substance_Database_2.1/Substance_Database_2.1_BitmapBased_Sbsar/Stone/rock_014_bitmap.sbsar
sculpted_stone_001_bitmap,.sbsar,Rock/Stone/Cliff,no,yes,Substance_Database_2.1/Substance_Database_2.1_BitmapBased_Sbsar,Substance_Database_2.1/Substance_Database_2.1_BitmapBased_Sbsar/Stone/sculpted_stone_001_bitmap.sbsar
stone_tiles_001_bitmap,.sbsar,Pavement/Tiles/Floor,no,yes,Substance_Database_2.1/Substance_Database_2.1_BitmapBased_Sbsar,Substance_Database_2.1/Substance_Database_2.1_BitmapBased_Sbsar/Stone/stone_tiles_001_bitmap.sbsar
stones_wall_005_bitmap,.sbsar,Brick/Masonry/Wall,no,yes,Substance_Database_2.1/Substance_Database_2.1_BitmapBased_Sbsar,Substance_Database_2.1/Substance_Database_2.1_BitmapBased_Sbsar/Stone/stones_wall_005_bitmap.sbsar
stones_wall_006_bitmap,.sbsar,Brick/Masonry/Wall,no,yes,Substance_Database_2.1/Substance_Database_2.1_BitmapBased_Sbsar,Substance_Database_2.1/Substance_Database_2.1_BitmapBased_Sbsar/Stone/stones_wall_006_bitmap.sbsar
polystyrene_001_bitmap,.sbsar,Other,no,yes,Substance_Database_2.1/Substance_Database_2.1_BitmapBased_Sbsar,Substance_Database_2.1/Substance_Database_2.1_BitmapBased_Sbsar/Synthetic/polystyrene_001_bitmap.sbsar
ceramic_tiles_001_bitmap,.sbsar,Pavement/Tiles/Floor,no,yes,Substance_Database_2.1/Substance_Database_2.1_BitmapBased_Sbsar,Substance_Database_2.1/Substance_Database_2.1_BitmapBased_Sbsar/Tiles/ceramic_tiles_001_bitmap.sbsar
concrete_tiles_001_bitmap,.sbsar,Concrete/Plaster,no,yes,Substance_Database_2.1/Substance_Database_2.1_BitmapBased_Sbsar,Substance_Database_2.1/Substance_Database_2.1_BitmapBased_Sbsar/Tiles/concrete_tiles_001_bitmap.sbsar
concrete_tiles_002_bitmap,.sbsar,Concrete/Plaster,no,yes,Substance_Database_2.1/Substance_Database_2.1_BitmapBased_Sbsar,Substance_Database_2.1/Substance_Database_2.1_BitmapBased_Sbsar/Tiles/concrete_tiles_002_bitmap.sbsar
garden_tiles_001_bitmap,.sbsar,Pavement/Tiles/Floor,no,yes,Substance_Database_2.1/Substance_Database_2.1_BitmapBased_Sbsar,Substance_Database_2.1/Substance_Database_2.1_BitmapBased_Sbsar/Tiles/garden_tiles_001_bitmap.sbsar
marble_tiles_001_bitmap,.sbsar,Pavement/Tiles/Floor,no,yes,Substance_Database_2.1/Substance_Database_2.1_BitmapBased_Sbsar,Substance_Database_2.1/Substance_Database_2.1_BitmapBased_Sbsar/Tiles/marble_tiles_001_bitmap.sbsar
mosaic_tiles_001_bitmap,.sbsar,Pavement/Tiles/Floor,no,yes,Substance_Database_2.1/Substance_Database_2.1_BitmapBased_Sbsar,Substance_Database_2.1/Substance_Database_2.1_BitmapBased_Sbsar/Tiles/mosaic_tiles_001_bitmap.sbsar
bark_001_bitmap,.sbsar,Organic/Nature,no,yes,Substance_Database_2.1/Substance_Database_2.1_BitmapBased_Sbsar,Substance_Database_2.1/Substance_Database_2.1_BitmapBased_Sbsar/Wood/bark_001_bitmap.sbsar
bark_002_bitmap,.sbsar,Organic/Nature,no,yes,Substance_Database_2.1/Substance_Database_2.1_BitmapBased_Sbsar,Substance_Database_2.1/Substance_Database_2.1_BitmapBased_Sbsar/Wood/bark_002_bitmap.sbsar
bark_003_bitmap,.sbsar,Organic/Nature,no,yes,Substance_Database_2.1/Substance_Database_2.1_BitmapBased_Sbsar,Substance_Database_2.1/Substance_Database_2.1_BitmapBased_Sbsar/Wood/bark_003_bitmap.sbsar
bark_004_bitmap,.sbsar,Organic/Nature,no,yes,Substance_Database_2.1/Substance_Database_2.1_BitmapBased_Sbsar,Substance_Database_2.1/Substance_Database_2.1_BitmapBased_Sbsar/Wood/bark_004_bitmap.sbsar
bark_005_bitmap,.sbsar,Organic/Nature,no,yes,Substance_Database_2.1/Substance_Database_2.1_BitmapBased_Sbsar,Substance_Database_2.1/Substance_Database_2.1_BitmapBased_Sbsar/Wood/bark_005_bitmap.sbsar
bark_006_bitmap,.sbsar,Organic/Nature,no,yes,Substance_Database_2.1/Substance_Database_2.1_BitmapBased_Sbsar,Substance_Database_2.1/Substance_Database_2.1_BitmapBased_Sbsar/Wood/bark_006_bitmap.sbsar
framed_planks_001_bitmap,.sbsar,Wood,no,yes,Substance_Database_2.1/Substance_Database_2.1_BitmapBased_Sbsar,Substance_Database_2.1/Substance_Database_2.1_BitmapBased_Sbsar/Wood/framed_planks_001_bitmap.sbsar
old_varnished_wood_001_bitmap,.sbsar,Wood,no,yes,Substance_Database_2.1/Substance_Database_2.1_BitmapBased_Sbsar,Substance_Database_2.1/Substance_Database_2.1_BitmapBased_Sbsar/Wood/old_varnished_wood_001_bitmap.sbsar
planks_001_bitmap,.sbsar,Wood,no,yes,Substance_Database_2.1/Substance_Database_2.1_BitmapBased_Sbsar,Substance_Database_2.1/Substance_Database_2.1_BitmapBased_Sbsar/Wood/planks_001_bitmap.sbsar
planks_002_bitmap,.sbsar,Wood,no,yes,Substance_Database_2.1/Substance_Database_2.1_BitmapBased_Sbsar,Substance_Database_2.1/Substance_Database_2.1_BitmapBased_Sbsar/Wood/planks_002_bitmap.sbsar
planks_003_bitmap,.sbsar,Wood,no,yes,Substance_Database_2.1/Substance_Database_2.1_BitmapBased_Sbsar,Substance_Database_2.1/Substance_Database_2.1_BitmapBased_Sbsar/Wood/planks_003_bitmap.sbsar
planks_004_bitmap,.sbsar,Wood,no,yes,Substance_Database_2.1/Substance_Database_2.1_BitmapBased_Sbsar,Substance_Database_2.1/Substance_Database_2.1_BitmapBased_Sbsar/Wood/planks_004_bitmap.sbsar
planks_005_bitmap,.sbsar,Wood,no,yes,Substance_Database_2.1/Substance_Database_2.1_BitmapBased_Sbsar,Substance_Database_2.1/Substance_Database_2.1_BitmapBased_Sbsar/Wood/planks_005_bitmap.sbsar
planks_006_bitmap,.sbsar,Wood,no,yes,Substance_Database_2.1/Substance_Database_2.1_BitmapBased_Sbsar,Substance_Database_2.1/Substance_Database_2.1_BitmapBased_Sbsar/Wood/planks_006_bitmap.sbsar
planks_007_bitmap,.sbsar,Wood,no,yes,Substance_Database_2.1/Substance_Database_2.1_BitmapBased_Sbsar,Substance_Database_2.1/Substance_Database_2.1_BitmapBased_Sbsar/Wood/planks_007_bitmap.sbsar
planks_008_bitmap,.sbsar,Wood,no,yes,Substance_Database_2.1/Substance_Database_2.1_BitmapBased_Sbsar,Substance_Database_2.1/Substance_Database_2.1_BitmapBased_Sbsar/Wood/planks_008_bitmap.sbsar
wood_door_001_bitmap,.sbsar,Wood,no,yes,Substance_Database_2.1/Substance_Database_2.1_BitmapBased_Sbsar,Substance_Database_2.1/Substance_Database_2.1_BitmapBased_Sbsar/Wood/wood_door_001_bitmap.sbsar
Cubes,.sbs,Other,no,yes,Substance_Database_2.1/Substance_Database_2.1_Procedural_Sbs,Substance_Database_2.1/Substance_Database_2.1_Procedural_Sbs/Classic_Materials/Abstract/Cubes.sbs
Defocused_Light,.sbs,Other,no,yes,Substance_Database_2.1/Substance_Database_2.1_Procedural_Sbs,Substance_Database_2.1/Substance_Database_2.1_Procedural_Sbs/Classic_Materials/Abstract/Defocused_Light.sbs
Electric_Liquid,.sbs,Ice/Snow/Water,no,yes,Substance_Database_2.1/Substance_Database_2.1_Procedural_Sbs,Substance_Database_2.1/Substance_Database_2.1_Procedural_Sbs/Classic_Materials/Abstract/Electric_Liquid.sbs
Energy_Liquid,.sbs,Ice/Snow/Water,no,yes,Substance_Database_2.1/Substance_Database_2.1_Procedural_Sbs,Substance_Database_2.1/Substance_Database_2.1_Procedural_Sbs/Classic_Materials/Abstract/Energy_Liquid.sbs
Energy_Waves,.sbs,Ice/Snow/Water,no,yes,Substance_Database_2.1/Substance_Database_2.1_Procedural_Sbs,Substance_Database_2.1/Substance_Database_2.1_Procedural_Sbs/Classic_Materials/Abstract/Energy_Waves.sbs
Fire,.sbs,Other,no,yes,Substance_Database_2.1/Substance_Database_2.1_Procedural_Sbs,Substance_Database_2.1/Substance_Database_2.1_Procedural_Sbs/Classic_Materials/Abstract/Fire.sbs
Triangles,.sbs,Other,no,yes,Substance_Database_2.1/Substance_Database_2.1_Procedural_Sbs,Substance_Database_2.1/Substance_Database_2.1_Procedural_Sbs/Classic_Materials/Abstract/Triangles.sbs
bricks_034,.sbs,Brick/Masonry/Wall,no,yes,Substance_Database_2.1/Substance_Database_2.1_Procedural_Sbs [autosave copy],Substance_Database_2.1/Substance_Database_2.1_Procedural_Sbs/Classic_Materials/Bricks/.autosave/bricks_034.sbs
bricks_034_0,.sbs,Brick/Masonry/Wall,no,yes,Substance_Database_2.1/Substance_Database_2.1_Procedural_Sbs [autosave copy],Substance_Database_2.1/Substance_Database_2.1_Procedural_Sbs/Classic_Materials/Bricks/.autosave/bricks_034_0.sbs
BrickWall_05,.sbs,Brick/Masonry/Wall,no,yes,Substance_Database_2.1/Substance_Database_2.1_Procedural_Sbs [autosave copy],Substance_Database_2.1/Substance_Database_2.1_Procedural_Sbs/Classic_Materials/Bricks/.autosave/BrickWall_05.sbs
BrickWall_05_0,.sbs,Brick/Masonry/Wall,no,yes,Substance_Database_2.1/Substance_Database_2.1_Procedural_Sbs [autosave copy],Substance_Database_2.1/Substance_Database_2.1_Procedural_Sbs/Classic_Materials/Bricks/.autosave/BrickWall_05_0.sbs
bricks_001,.sbs,Brick/Masonry/Wall,no,yes,Substance_Database_2.1/Substance_Database_2.1_Procedural_Sbs,Substance_Database_2.1/Substance_Database_2.1_Procedural_Sbs/Classic_Materials/Bricks/bricks_001.sbs
bricks_002,.sbs,Brick/Masonry/Wall,no,yes,Substance_Database_2.1/Substance_Database_2.1_Procedural_Sbs,Substance_Database_2.1/Substance_Database_2.1_Procedural_Sbs/Classic_Materials/Bricks/bricks_002.sbs
bricks_003,.sbs,Brick/Masonry/Wall,no,yes,Substance_Database_2.1/Substance_Database_2.1_Procedural_Sbs,Substance_Database_2.1/Substance_Database_2.1_Procedural_Sbs/Classic_Materials/Bricks/bricks_003.sbs
bricks_004,.sbs,Brick/Masonry/Wall,no,yes,Substance_Database_2.1/Substance_Database_2.1_Procedural_Sbs,Substance_Database_2.1/Substance_Database_2.1_Procedural_Sbs/Classic_Materials/Bricks/bricks_004.sbs
bricks_005,.sbs,Brick/Masonry/Wall,no,yes,Substance_Database_2.1/Substance_Database_2.1_Procedural_Sbs,Substance_Database_2.1/Substance_Database_2.1_Procedural_Sbs/Classic_Materials/Bricks/bricks_005.sbs
bricks_006,.sbs,Brick/Masonry/Wall,no,yes,Substance_Database_2.1/Substance_Database_2.1_Procedural_Sbs,Substance_Database_2.1/Substance_Database_2.1_Procedural_Sbs/Classic_Materials/Bricks/bricks_006.sbs
bricks_007,.sbs,Brick/Masonry/Wall,no,yes,Substance_Database_2.1/Substance_Database_2.1_Procedural_Sbs,Substance_Database_2.1/Substance_Database_2.1_Procedural_Sbs/Classic_Materials/Bricks/bricks_007.sbs
bricks_008,.sbs,Brick/Masonry/Wall,no,yes,Substance_Database_2.1/Substance_Database_2.1_Procedural_Sbs,Substance_Database_2.1/Substance_Database_2.1_Procedural_Sbs/Classic_Materials/Bricks/bricks_008.sbs
bricks_009,.sbs,Brick/Masonry/Wall,no,yes,Substance_Database_2.1/Substance_Database_2.1_Procedural_Sbs,Substance_Database_2.1/Substance_Database_2.1_Procedural_Sbs/Classic_Materials/Bricks/bricks_009.sbs
bricks_010,.sbs,Brick/Masonry/Wall,no,yes,Substance_Database_2.1/Substance_Database_2.1_Procedural_Sbs,Substance_Database_2.1/Substance_Database_2.1_Procedural_Sbs/Classic_Materials/Bricks/bricks_010.sbs
bricks_011,.sbs,Brick/Masonry/Wall,no,yes,Substance_Database_2.1/Substance_Database_2.1_Procedural_Sbs,Substance_Database_2.1/Substance_Database_2.1_Procedural_Sbs/Classic_Materials/Bricks/bricks_011.sbs
bricks_012,.sbs,Brick/Masonry/Wall,no,yes,Substance_Database_2.1/Substance_Database_2.1_Procedural_Sbs,Substance_Database_2.1/Substance_Database_2.1_Procedural_Sbs/Classic_Materials/Bricks/bricks_012.sbs
bricks_013,.sbs,Brick/Masonry/Wall,no,yes,Substance_Database_2.1/Substance_Database_2.1_Procedural_Sbs,Substance_Database_2.1/Substance_Database_2.1_Procedural_Sbs/Classic_Materials/Bricks/bricks_013.sbs
bricks_014,.sbs,Brick/Masonry/Wall,no,yes,Substance_Database_2.1/Substance_Database_2.1_Procedural_Sbs,Substance_Database_2.1/Substance_Database_2.1_Procedural_Sbs/Classic_Materials/Bricks/bricks_014.sbs
bricks_015,.sbs,Brick/Masonry/Wall,no,yes,Substance_Database_2.1/Substance_Database_2.1_Procedural_Sbs,Substance_Database_2.1/Substance_Database_2.1_Procedural_Sbs/Classic_Materials/Bricks/bricks_015.sbs
bricks_016,.sbs,Brick/Masonry/Wall,no,yes,Substance_Database_2.1/Substance_Database_2.1_Procedural_Sbs,Substance_Database_2.1/Substance_Database_2.1_Procedural_Sbs/Classic_Materials/Bricks/bricks_016.sbs
bricks_017,.sbs,Brick/Masonry/Wall,no,yes,Substance_Database_2.1/Substance_Database_2.1_Procedural_Sbs,Substance_Database_2.1/Substance_Database_2.1_Procedural_Sbs/Classic_Materials/Bricks/bricks_017.sbs
bricks_018,.sbs,Brick/Masonry/Wall,no,yes,Substance_Database_2.1/Substance_Database_2.1_Procedural_Sbs,Substance_Database_2.1/Substance_Database_2.1_Procedural_Sbs/Classic_Materials/Bricks/bricks_018.sbs
bricks_019,.sbs,Brick/Masonry/Wall,no,yes,Substance_Database_2.1/Substance_Database_2.1_Procedural_Sbs,Substance_Database_2.1/Substance_Database_2.1_Procedural_Sbs/Classic_Materials/Bricks/bricks_019.sbs
bricks_020,.sbs,Brick/Masonry/Wall,no,yes,Substance_Database_2.1/Substance_Database_2.1_Procedural_Sbs,Substance_Database_2.1/Substance_Database_2.1_Procedural_Sbs/Classic_Materials/Bricks/bricks_020.sbs
bricks_021,.sbs,Brick/Masonry/Wall,no,yes,Substance_Database_2.1/Substance_Database_2.1_Procedural_Sbs,Substance_Database_2.1/Substance_Database_2.1_Procedural_Sbs/Classic_Materials/Bricks/bricks_021.sbs
bricks_022,.sbs,Brick/Masonry/Wall,no,yes,Substance_Database_2.1/Substance_Database_2.1_Procedural_Sbs,Substance_Database_2.1/Substance_Database_2.1_Procedural_Sbs/Classic_Materials/Bricks/bricks_022.sbs
bricks_023,.sbs,Brick/Masonry/Wall,no,yes,Substance_Database_2.1/Substance_Database_2.1_Procedural_Sbs,Substance_Database_2.1/Substance_Database_2.1_Procedural_Sbs/Classic_Materials/Bricks/bricks_023.sbs
bricks_024,.sbs,Brick/Masonry/Wall,no,yes,Substance_Database_2.1/Substance_Database_2.1_Procedural_Sbs,Substance_Database_2.1/Substance_Database_2.1_Procedural_Sbs/Classic_Materials/Bricks/bricks_024.sbs
bricks_025,.sbs,Brick/Masonry/Wall,no,yes,Substance_Database_2.1/Substance_Database_2.1_Procedural_Sbs,Substance_Database_2.1/Substance_Database_2.1_Procedural_Sbs/Classic_Materials/Bricks/bricks_025.sbs
bricks_026,.sbs,Brick/Masonry/Wall,no,yes,Substance_Database_2.1/Substance_Database_2.1_Procedural_Sbs,Substance_Database_2.1/Substance_Database_2.1_Procedural_Sbs/Classic_Materials/Bricks/bricks_026.sbs
bricks_027,.sbs,Brick/Masonry/Wall,no,yes,Substance_Database_2.1/Substance_Database_2.1_Procedural_Sbs,Substance_Database_2.1/Substance_Database_2.1_Procedural_Sbs/Classic_Materials/Bricks/bricks_027.sbs
bricks_028,.sbs,Brick/Masonry/Wall,no,yes,Substance_Database_2.1/Substance_Database_2.1_Procedural_Sbs,Substance_Database_2.1/Substance_Database_2.1_Procedural_Sbs/Classic_Materials/Bricks/bricks_028.sbs
bricks_029,.sbs,Brick/Masonry/Wall,no,yes,Substance_Database_2.1/Substance_Database_2.1_Procedural_Sbs,Substance_Database_2.1/Substance_Database_2.1_Procedural_Sbs/Classic_Materials/Bricks/bricks_029.sbs
bricks_030,.sbs,Brick/Masonry/Wall,no,yes,Substance_Database_2.1/Substance_Database_2.1_Procedural_Sbs,Substance_Database_2.1/Substance_Database_2.1_Procedural_Sbs/Classic_Materials/Bricks/bricks_030.sbs
bricks_031,.sbs,Brick/Masonry/Wall,no,yes,Substance_Database_2.1/Substance_Database_2.1_Procedural_Sbs,Substance_Database_2.1/Substance_Database_2.1_Procedural_Sbs/Classic_Materials/Bricks/bricks_031.sbs
bricks_032,.sbs,Brick/Masonry/Wall,no,yes,Substance_Database_2.1/Substance_Database_2.1_Procedural_Sbs,Substance_Database_2.1/Substance_Database_2.1_Procedural_Sbs/Classic_Materials/Bricks/bricks_032.sbs
bricks_033,.sbs,Brick/Masonry/Wall,no,yes,Substance_Database_2.1/Substance_Database_2.1_Procedural_Sbs,Substance_Database_2.1/Substance_Database_2.1_Procedural_Sbs/Classic_Materials/Bricks/bricks_033.sbs
bricks_034,.sbs,Brick/Masonry/Wall,no,yes,Substance_Database_2.1/Substance_Database_2.1_Procedural_Sbs,Substance_Database_2.1/Substance_Database_2.1_Procedural_Sbs/Classic_Materials/Bricks/bricks_034.sbs
Bricks_Dirty,.sbs,Brick/Masonry/Wall,no,yes,Substance_Database_2.1/Substance_Database_2.1_Procedural_Sbs,Substance_Database_2.1/Substance_Database_2.1_Procedural_Sbs/Classic_Materials/Bricks/Bricks_Dirty.sbs
BrickWall_01,.sbs,Brick/Masonry/Wall,no,yes,Substance_Database_2.1/Substance_Database_2.1_Procedural_Sbs,Substance_Database_2.1/Substance_Database_2.1_Procedural_Sbs/Classic_Materials/Bricks/BrickWall_01.sbs
BrickWall_02,.sbs,Brick/Masonry/Wall,no,yes,Substance_Database_2.1/Substance_Database_2.1_Procedural_Sbs,Substance_Database_2.1/Substance_Database_2.1_Procedural_Sbs/Classic_Materials/Bricks/BrickWall_02.sbs
BrickWall_03,.sbs,Brick/Masonry/Wall,no,yes,Substance_Database_2.1/Substance_Database_2.1_Procedural_Sbs,Substance_Database_2.1/Substance_Database_2.1_Procedural_Sbs/Classic_Materials/Bricks/BrickWall_03.sbs
BrickWall_04,.sbs,Brick/Masonry/Wall,no,yes,Substance_Database_2.1/Substance_Database_2.1_Procedural_Sbs,Substance_Database_2.1/Substance_Database_2.1_Procedural_Sbs/Classic_Materials/Bricks/BrickWall_04.sbs
BrickWall_05,.sbs,Brick/Masonry/Wall,no,yes,Substance_Database_2.1/Substance_Database_2.1_Procedural_Sbs,Substance_Database_2.1/Substance_Database_2.1_Procedural_Sbs/Classic_Materials/Bricks/BrickWall_05.sbs
Limestone_Blocks,.sbs,Rock/Stone/Cliff,no,yes,Substance_Database_2.1/Substance_Database_2.1_Procedural_Sbs,Substance_Database_2.1/Substance_Database_2.1_Procedural_Sbs/Classic_Materials/Bricks/Limestone_Blocks.sbs
Marble_Wall_01,.sbs,Brick/Masonry/Wall,no,yes,Substance_Database_2.1/Substance_Database_2.1_Procedural_Sbs,Substance_Database_2.1/Substance_Database_2.1_Procedural_Sbs/Classic_Materials/Bricks/Marble_Wall_01.sbs
RockWall_001,.sbs,Brick/Masonry/Wall,no,yes,Substance_Database_2.1/Substance_Database_2.1_Procedural_Sbs,Substance_Database_2.1/Substance_Database_2.1_Procedural_Sbs/Classic_Materials/Bricks/RockWall_001.sbs
RockWall_002,.sbs,Brick/Masonry/Wall,no,yes,Substance_Database_2.1/Substance_Database_2.1_Procedural_Sbs,Substance_Database_2.1/Substance_Database_2.1_Procedural_Sbs/Classic_Materials/Bricks/RockWall_002.sbs
RockWall_003,.sbs,Brick/Masonry/Wall,no,yes,Substance_Database_2.1/Substance_Database_2.1_Procedural_Sbs,Substance_Database_2.1/Substance_Database_2.1_Procedural_Sbs/Classic_Materials/Bricks/RockWall_003.sbs
RockWall_01,.sbs,Brick/Masonry/Wall,no,yes,Substance_Database_2.1/Substance_Database_2.1_Procedural_Sbs,Substance_Database_2.1/Substance_Database_2.1_Procedural_Sbs/Classic_Materials/Bricks/RockWall_01.sbs
RockWall_02,.sbs,Brick/Masonry/Wall,no,yes,Substance_Database_2.1/Substance_Database_2.1_Procedural_Sbs,Substance_Database_2.1/Substance_Database_2.1_Procedural_Sbs/Classic_Materials/Bricks/RockWall_02.sbs
RockWall_03,.sbs,Brick/Masonry/Wall,no,yes,Substance_Database_2.1/Substance_Database_2.1_Procedural_Sbs,Substance_Database_2.1/Substance_Database_2.1_Procedural_Sbs/Classic_Materials/Bricks/RockWall_03.sbs
RockWall_04,.sbs,Brick/Masonry/Wall,no,yes,Substance_Database_2.1/Substance_Database_2.1_Procedural_Sbs,Substance_Database_2.1/Substance_Database_2.1_Procedural_Sbs/Classic_Materials/Bricks/RockWall_04.sbs
Wall_Base,.sbs,Brick/Masonry/Wall,no,yes,Substance_Database_2.1/Substance_Database_2.1_Procedural_Sbs,Substance_Database_2.1/Substance_Database_2.1_Procedural_Sbs/Classic_Materials/Bricks/Wall_Base.sbs
door_001,.sbs,Brick/Masonry/Wall,no,yes,Substance_Database_2.1/Substance_Database_2.1_Procedural_Sbs,Substance_Database_2.1/Substance_Database_2.1_Procedural_Sbs/Classic_Materials/Buildings/door_001.sbs
Glass_Building_01,.sbs,Brick/Masonry/Wall,no,yes,Substance_Database_2.1/Substance_Database_2.1_Procedural_Sbs,Substance_Database_2.1/Substance_Database_2.1_Procedural_Sbs/Classic_Materials/Buildings/Glass_Building_01.sbs
House_Wall_01,.sbs,Brick/Masonry/Wall,no,yes,Substance_Database_2.1/Substance_Database_2.1_Procedural_Sbs,Substance_Database_2.1/Substance_Database_2.1_Procedural_Sbs/Classic_Materials/Buildings/House_Wall_01.sbs
window_001,.sbs,Brick/Masonry/Wall,no,yes,Substance_Database_2.1/Substance_Database_2.1_Procedural_Sbs,Substance_Database_2.1/Substance_Database_2.1_Procedural_Sbs/Classic_Materials/Buildings/window_001.sbs
window_002,.sbs,Brick/Masonry/Wall,no,yes,Substance_Database_2.1/Substance_Database_2.1_Procedural_Sbs,Substance_Database_2.1/Substance_Database_2.1_Procedural_Sbs/Classic_Materials/Buildings/window_002.sbs
Window_01,.sbs,Brick/Masonry/Wall,no,yes,Substance_Database_2.1/Substance_Database_2.1_Procedural_Sbs,Substance_Database_2.1/Substance_Database_2.1_Procedural_Sbs/Classic_Materials/Buildings/Window_01.sbs
Column,.sbs,Concrete/Plaster,no,yes,Substance_Database_2.1/Substance_Database_2.1_Procedural_Sbs,Substance_Database_2.1/Substance_Database_2.1_Procedural_Sbs/Classic_Materials/Concrete/Column.sbs
concrete_001,.sbs,Concrete/Plaster,no,yes,Substance_Database_2.1/Substance_Database_2.1_Procedural_Sbs,Substance_Database_2.1/Substance_Database_2.1_Procedural_Sbs/Classic_Materials/Concrete/concrete_001.sbs
concrete_002,.sbs,Concrete/Plaster,no,yes,Substance_Database_2.1/Substance_Database_2.1_Procedural_Sbs,Substance_Database_2.1/Substance_Database_2.1_Procedural_Sbs/Classic_Materials/Concrete/concrete_002.sbs
concrete_003,.sbs,Concrete/Plaster,no,yes,Substance_Database_2.1/Substance_Database_2.1_Procedural_Sbs,Substance_Database_2.1/Substance_Database_2.1_Procedural_Sbs/Classic_Materials/Concrete/concrete_003.sbs
concrete_004,.sbs,Concrete/Plaster,no,yes,Substance_Database_2.1/Substance_Database_2.1_Procedural_Sbs,Substance_Database_2.1/Substance_Database_2.1_Procedural_Sbs/Classic_Materials/Concrete/concrete_004.sbs
concrete_005,.sbs,Concrete/Plaster,no,yes,Substance_Database_2.1/Substance_Database_2.1_Procedural_Sbs,Substance_Database_2.1/Substance_Database_2.1_Procedural_Sbs/Classic_Materials/Concrete/concrete_005.sbs
concrete_006,.sbs,Concrete/Plaster,no,yes,Substance_Database_2.1/Substance_Database_2.1_Procedural_Sbs,Substance_Database_2.1/Substance_Database_2.1_Procedural_Sbs/Classic_Materials/Concrete/concrete_006.sbs
concrete_007,.sbs,Concrete/Plaster,no,yes,Substance_Database_2.1/Substance_Database_2.1_Procedural_Sbs,Substance_Database_2.1/Substance_Database_2.1_Procedural_Sbs/Classic_Materials/Concrete/concrete_007.sbs
concrete_008,.sbs,Concrete/Plaster,no,yes,Substance_Database_2.1/Substance_Database_2.1_Procedural_Sbs,Substance_Database_2.1/Substance_Database_2.1_Procedural_Sbs/Classic_Materials/Concrete/concrete_008.sbs
concrete_009,.sbs,Concrete/Plaster,no,yes,Substance_Database_2.1/Substance_Database_2.1_Procedural_Sbs,Substance_Database_2.1/Substance_Database_2.1_Procedural_Sbs/Classic_Materials/Concrete/concrete_009.sbs
Concrete_01,.sbs,Concrete/Plaster,no,yes,Substance_Database_2.1/Substance_Database_2.1_Procedural_Sbs,Substance_Database_2.1/Substance_Database_2.1_Procedural_Sbs/Classic_Materials/Concrete/Concrete_01.sbs
concrete_010,.sbs,Concrete/Plaster,no,yes,Substance_Database_2.1/Substance_Database_2.1_Procedural_Sbs,Substance_Database_2.1/Substance_Database_2.1_Procedural_Sbs/Classic_Materials/Concrete/concrete_010.sbs
concrete_011,.sbs,Concrete/Plaster,no,yes,Substance_Database_2.1/Substance_Database_2.1_Procedural_Sbs,Substance_Database_2.1/Substance_Database_2.1_Procedural_Sbs/Classic_Materials/Concrete/concrete_011.sbs
concrete_012,.sbs,Concrete/Plaster,no,yes,Substance_Database_2.1/Substance_Database_2.1_Procedural_Sbs,Substance_Database_2.1/Substance_Database_2.1_Procedural_Sbs/Classic_Materials/Concrete/concrete_012.sbs
concrete_013,.sbs,Concrete/Plaster,no,yes,Substance_Database_2.1/Substance_Database_2.1_Procedural_Sbs,Substance_Database_2.1/Substance_Database_2.1_Procedural_Sbs/Classic_Materials/Concrete/concrete_013.sbs
concrete_014,.sbs,Concrete/Plaster,no,yes,Substance_Database_2.1/Substance_Database_2.1_Procedural_Sbs,Substance_Database_2.1/Substance_Database_2.1_Procedural_Sbs/Classic_Materials/Concrete/concrete_014.sbs
concrete_015,.sbs,Concrete/Plaster,no,yes,Substance_Database_2.1/Substance_Database_2.1_Procedural_Sbs,Substance_Database_2.1/Substance_Database_2.1_Procedural_Sbs/Classic_Materials/Concrete/concrete_015.sbs
concrete_016,.sbs,Concrete/Plaster,no,yes,Substance_Database_2.1/Substance_Database_2.1_Procedural_Sbs,Substance_Database_2.1/Substance_Database_2.1_Procedural_Sbs/Classic_Materials/Concrete/concrete_016.sbs
concrete_017,.sbs,Concrete/Plaster,no,yes,Substance_Database_2.1/Substance_Database_2.1_Procedural_Sbs,Substance_Database_2.1/Substance_Database_2.1_Procedural_Sbs/Classic_Materials/Concrete/concrete_017.sbs
concrete_018,.sbs,Concrete/Plaster,no,yes,Substance_Database_2.1/Substance_Database_2.1_Procedural_Sbs,Substance_Database_2.1/Substance_Database_2.1_Procedural_Sbs/Classic_Materials/Concrete/concrete_018.sbs
concrete_019,.sbs,Concrete/Plaster,no,yes,Substance_Database_2.1/Substance_Database_2.1_Procedural_Sbs,Substance_Database_2.1/Substance_Database_2.1_Procedural_Sbs/Classic_Materials/Concrete/concrete_019.sbs
Concrete_02,.sbs,Concrete/Plaster,no,yes,Substance_Database_2.1/Substance_Database_2.1_Procedural_Sbs,Substance_Database_2.1/Substance_Database_2.1_Procedural_Sbs/Classic_Materials/Concrete/Concrete_02.sbs
concrete_020,.sbs,Concrete/Plaster,no,yes,Substance_Database_2.1/Substance_Database_2.1_Procedural_Sbs,Substance_Database_2.1/Substance_Database_2.1_Procedural_Sbs/Classic_Materials/Concrete/concrete_020.sbs
concrete_021,.sbs,Concrete/Plaster,no,yes,Substance_Database_2.1/Substance_Database_2.1_Procedural_Sbs,Substance_Database_2.1/Substance_Database_2.1_Procedural_Sbs/Classic_Materials/Concrete/concrete_021.sbs
concrete_022,.sbs,Concrete/Plaster,no,yes,Substance_Database_2.1/Substance_Database_2.1_Procedural_Sbs,Substance_Database_2.1/Substance_Database_2.1_Procedural_Sbs/Classic_Materials/Concrete/concrete_022.sbs
concrete_023,.sbs,Concrete/Plaster,no,yes,Substance_Database_2.1/Substance_Database_2.1_Procedural_Sbs,Substance_Database_2.1/Substance_Database_2.1_Procedural_Sbs/Classic_Materials/Concrete/concrete_023.sbs
concrete_024,.sbs,Concrete/Plaster,no,yes,Substance_Database_2.1/Substance_Database_2.1_Procedural_Sbs,Substance_Database_2.1/Substance_Database_2.1_Procedural_Sbs/Classic_Materials/Concrete/concrete_024.sbs
concrete_025,.sbs,Concrete/Plaster,no,yes,Substance_Database_2.1/Substance_Database_2.1_Procedural_Sbs,Substance_Database_2.1/Substance_Database_2.1_Procedural_Sbs/Classic_Materials/Concrete/concrete_025.sbs
concrete_026,.sbs,Concrete/Plaster,no,yes,Substance_Database_2.1/Substance_Database_2.1_Procedural_Sbs,Substance_Database_2.1/Substance_Database_2.1_Procedural_Sbs/Classic_Materials/Concrete/concrete_026.sbs
concrete_027,.sbs,Concrete/Plaster,no,yes,Substance_Database_2.1/Substance_Database_2.1_Procedural_Sbs,Substance_Database_2.1/Substance_Database_2.1_Procedural_Sbs/Classic_Materials/Concrete/concrete_027.sbs
concrete_028,.sbs,Concrete/Plaster,no,yes,Substance_Database_2.1/Substance_Database_2.1_Procedural_Sbs,Substance_Database_2.1/Substance_Database_2.1_Procedural_Sbs/Classic_Materials/Concrete/concrete_028.sbs
concrete_029,.sbs,Concrete/Plaster,no,yes,Substance_Database_2.1/Substance_Database_2.1_Procedural_Sbs,Substance_Database_2.1/Substance_Database_2.1_Procedural_Sbs/Classic_Materials/Concrete/concrete_029.sbs
Concrete_03,.sbs,Concrete/Plaster,no,yes,Substance_Database_2.1/Substance_Database_2.1_Procedural_Sbs,Substance_Database_2.1/Substance_Database_2.1_Procedural_Sbs/Classic_Materials/Concrete/Concrete_03.sbs
concrete_030,.sbs,Concrete/Plaster,no,yes,Substance_Database_2.1/Substance_Database_2.1_Procedural_Sbs,Substance_Database_2.1/Substance_Database_2.1_Procedural_Sbs/Classic_Materials/Concrete/concrete_030.sbs
concrete_031,.sbs,Concrete/Plaster,no,yes,Substance_Database_2.1/Substance_Database_2.1_Procedural_Sbs,Substance_Database_2.1/Substance_Database_2.1_Procedural_Sbs/Classic_Materials/Concrete/concrete_031.sbs
concrete_032,.sbs,Concrete/Plaster,no,yes,Substance_Database_2.1/Substance_Database_2.1_Procedural_Sbs,Substance_Database_2.1/Substance_Database_2.1_Procedural_Sbs/Classic_Materials/Concrete/concrete_032.sbs
concrete_033,.sbs,Concrete/Plaster,no,yes,Substance_Database_2.1/Substance_Database_2.1_Procedural_Sbs,Substance_Database_2.1/Substance_Database_2.1_Procedural_Sbs/Classic_Materials/Concrete/concrete_033.sbs
concrete_034,.sbs,Concrete/Plaster,no,yes,Substance_Database_2.1/Substance_Database_2.1_Procedural_Sbs,Substance_Database_2.1/Substance_Database_2.1_Procedural_Sbs/Classic_Materials/Concrete/concrete_034.sbs
concrete_035,.sbs,Concrete/Plaster,no,yes,Substance_Database_2.1/Substance_Database_2.1_Procedural_Sbs,Substance_Database_2.1/Substance_Database_2.1_Procedural_Sbs/Classic_Materials/Concrete/concrete_035.sbs
concrete_036,.sbs,Concrete/Plaster,no,yes,Substance_Database_2.1/Substance_Database_2.1_Procedural_Sbs,Substance_Database_2.1/Substance_Database_2.1_Procedural_Sbs/Classic_Materials/Concrete/concrete_036.sbs
concrete_037,.sbs,Concrete/Plaster,no,yes,Substance_Database_2.1/Substance_Database_2.1_Procedural_Sbs,Substance_Database_2.1/Substance_Database_2.1_Procedural_Sbs/Classic_Materials/Concrete/concrete_037.sbs
concrete_038,.sbs,Concrete/Plaster,no,yes,Substance_Database_2.1/Substance_Database_2.1_Procedural_Sbs,Substance_Database_2.1/Substance_Database_2.1_Procedural_Sbs/Classic_Materials/Concrete/concrete_038.sbs
concrete_039,.sbs,Concrete/Plaster,no,yes,Substance_Database_2.1/Substance_Database_2.1_Procedural_Sbs,Substance_Database_2.1/Substance_Database_2.1_Procedural_Sbs/Classic_Materials/Concrete/concrete_039.sbs
Concrete_04,.sbs,Concrete/Plaster,no,yes,Substance_Database_2.1/Substance_Database_2.1_Procedural_Sbs,Substance_Database_2.1/Substance_Database_2.1_Procedural_Sbs/Classic_Materials/Concrete/Concrete_04.sbs
concrete_040,.sbs,Concrete/Plaster,no,yes,Substance_Database_2.1/Substance_Database_2.1_Procedural_Sbs,Substance_Database_2.1/Substance_Database_2.1_Procedural_Sbs/Classic_Materials/Concrete/concrete_040.sbs
concrete_041,.sbs,Concrete/Plaster,no,yes,Substance_Database_2.1/Substance_Database_2.1_Procedural_Sbs,Substance_Database_2.1/Substance_Database_2.1_Procedural_Sbs/Classic_Materials/Concrete/concrete_041.sbs
concrete_042,.sbs,Concrete/Plaster,no,yes,Substance_Database_2.1/Substance_Database_2.1_Procedural_Sbs,Substance_Database_2.1/Substance_Database_2.1_Procedural_Sbs/Classic_Materials/Concrete/concrete_042.sbs
concrete_043,.sbs,Concrete/Plaster,no,yes,Substance_Database_2.1/Substance_Database_2.1_Procedural_Sbs,Substance_Database_2.1/Substance_Database_2.1_Procedural_Sbs/Classic_Materials/Concrete/concrete_043.sbs
concrete_044,.sbs,Concrete/Plaster,no,yes,Substance_Database_2.1/Substance_Database_2.1_Procedural_Sbs,Substance_Database_2.1/Substance_Database_2.1_Procedural_Sbs/Classic_Materials/Concrete/concrete_044.sbs
concrete_045,.sbs,Concrete/Plaster,no,yes,Substance_Database_2.1/Substance_Database_2.1_Procedural_Sbs,Substance_Database_2.1/Substance_Database_2.1_Procedural_Sbs/Classic_Materials/Concrete/concrete_045.sbs
concrete_046,.sbs,Concrete/Plaster,no,yes,Substance_Database_2.1/Substance_Database_2.1_Procedural_Sbs,Substance_Database_2.1/Substance_Database_2.1_Procedural_Sbs/Classic_Materials/Concrete/concrete_046.sbs
concrete_047,.sbs,Concrete/Plaster,no,yes,Substance_Database_2.1/Substance_Database_2.1_Procedural_Sbs,Substance_Database_2.1/Substance_Database_2.1_Procedural_Sbs/Classic_Materials/Concrete/concrete_047.sbs
concrete_048,.sbs,Concrete/Plaster,no,yes,Substance_Database_2.1/Substance_Database_2.1_Procedural_Sbs,Substance_Database_2.1/Substance_Database_2.1_Procedural_Sbs/Classic_Materials/Concrete/concrete_048.sbs
concrete_049,.sbs,Concrete/Plaster,no,yes,Substance_Database_2.1/Substance_Database_2.1_Procedural_Sbs,Substance_Database_2.1/Substance_Database_2.1_Procedural_Sbs/Classic_Materials/Concrete/concrete_049.sbs
Concrete_05,.sbs,Concrete/Plaster,no,yes,Substance_Database_2.1/Substance_Database_2.1_Procedural_Sbs,Substance_Database_2.1/Substance_Database_2.1_Procedural_Sbs/Classic_Materials/Concrete/Concrete_05.sbs
concrete_050,.sbs,Concrete/Plaster,no,yes,Substance_Database_2.1/Substance_Database_2.1_Procedural_Sbs,Substance_Database_2.1/Substance_Database_2.1_Procedural_Sbs/Classic_Materials/Concrete/concrete_050.sbs
concrete_051,.sbs,Concrete/Plaster,no,yes,Substance_Database_2.1/Substance_Database_2.1_Procedural_Sbs,Substance_Database_2.1/Substance_Database_2.1_Procedural_Sbs/Classic_Materials/Concrete/concrete_051.sbs
concrete_052,.sbs,Concrete/Plaster,no,yes,Substance_Database_2.1/Substance_Database_2.1_Procedural_Sbs,Substance_Database_2.1/Substance_Database_2.1_Procedural_Sbs/Classic_Materials/Concrete/concrete_052.sbs
concrete_053,.sbs,Concrete/Plaster,no,yes,Substance_Database_2.1/Substance_Database_2.1_Procedural_Sbs,Substance_Database_2.1/Substance_Database_2.1_Procedural_Sbs/Classic_Materials/Concrete/concrete_053.sbs
concrete_054,.sbs,Concrete/Plaster,no,yes,Substance_Database_2.1/Substance_Database_2.1_Procedural_Sbs,Substance_Database_2.1/Substance_Database_2.1_Procedural_Sbs/Classic_Materials/Concrete/concrete_054.sbs
concrete_055,.sbs,Concrete/Plaster,no,yes,Substance_Database_2.1/Substance_Database_2.1_Procedural_Sbs,Substance_Database_2.1/Substance_Database_2.1_Procedural_Sbs/Classic_Materials/Concrete/concrete_055.sbs
concrete_056,.sbs,Concrete/Plaster,no,yes,Substance_Database_2.1/Substance_Database_2.1_Procedural_Sbs,Substance_Database_2.1/Substance_Database_2.1_Procedural_Sbs/Classic_Materials/Concrete/concrete_056.sbs
concrete_057,.sbs,Concrete/Plaster,no,yes,Substance_Database_2.1/Substance_Database_2.1_Procedural_Sbs,Substance_Database_2.1/Substance_Database_2.1_Procedural_Sbs/Classic_Materials/Concrete/concrete_057.sbs
concrete_058,.sbs,Concrete/Plaster,no,yes,Substance_Database_2.1/Substance_Database_2.1_Procedural_Sbs,Substance_Database_2.1/Substance_Database_2.1_Procedural_Sbs/Classic_Materials/Concrete/concrete_058.sbs
concrete_059,.sbs,Concrete/Plaster,no,yes,Substance_Database_2.1/Substance_Database_2.1_Procedural_Sbs,Substance_Database_2.1/Substance_Database_2.1_Procedural_Sbs/Classic_Materials/Concrete/concrete_059.sbs
Concrete_06,.sbs,Concrete/Plaster,no,yes,Substance_Database_2.1/Substance_Database_2.1_Procedural_Sbs,Substance_Database_2.1/Substance_Database_2.1_Procedural_Sbs/Classic_Materials/Concrete/Concrete_06.sbs
concrete_060,.sbs,Concrete/Plaster,no,yes,Substance_Database_2.1/Substance_Database_2.1_Procedural_Sbs,Substance_Database_2.1/Substance_Database_2.1_Procedural_Sbs/Classic_Materials/Concrete/concrete_060.sbs
concrete_061,.sbs,Concrete/Plaster,no,yes,Substance_Database_2.1/Substance_Database_2.1_Procedural_Sbs,Substance_Database_2.1/Substance_Database_2.1_Procedural_Sbs/Classic_Materials/Concrete/concrete_061.sbs
concrete_062,.sbs,Concrete/Plaster,no,yes,Substance_Database_2.1/Substance_Database_2.1_Procedural_Sbs,Substance_Database_2.1/Substance_Database_2.1_Procedural_Sbs/Classic_Materials/Concrete/concrete_062.sbs
Concrete_07,.sbs,Concrete/Plaster,no,yes,Substance_Database_2.1/Substance_Database_2.1_Procedural_Sbs,Substance_Database_2.1/Substance_Database_2.1_Procedural_Sbs/Classic_Materials/Concrete/Concrete_07.sbs
Concrete_08,.sbs,Concrete/Plaster,no,yes,Substance_Database_2.1/Substance_Database_2.1_Procedural_Sbs,Substance_Database_2.1/Substance_Database_2.1_Procedural_Sbs/Classic_Materials/Concrete/Concrete_08.sbs
Concrete_09,.sbs,Concrete/Plaster,no,yes,Substance_Database_2.1/Substance_Database_2.1_Procedural_Sbs,Substance_Database_2.1/Substance_Database_2.1_Procedural_Sbs/Classic_Materials/Concrete/Concrete_09.sbs
grunge_001,.sbs,Generators/Utility,no,yes,Substance_Database_2.1/Substance_Database_2.1_Procedural_Sbs,Substance_Database_2.1/Substance_Database_2.1_Procedural_Sbs/Classic_Materials/Concrete/grunge_001.sbs
Modern_Concrete_01,.sbs,Concrete/Plaster,no,yes,Substance_Database_2.1/Substance_Database_2.1_Procedural_Sbs,Substance_Database_2.1/Substance_Database_2.1_Procedural_Sbs/Classic_Materials/Concrete/Modern_Concrete_01.sbs
Modern_Concrete_02,.sbs,Concrete/Plaster,no,yes,Substance_Database_2.1/Substance_Database_2.1_Procedural_Sbs,Substance_Database_2.1/Substance_Database_2.1_Procedural_Sbs/Classic_Materials/Concrete/Modern_Concrete_02.sbs
Poured_Concrete,.sbs,Concrete/Plaster,no,yes,Substance_Database_2.1/Substance_Database_2.1_Procedural_Sbs,Substance_Database_2.1/Substance_Database_2.1_Procedural_Sbs/Classic_Materials/Concrete/Poured_Concrete.sbs
Rusty_Paint,.sbs,Metal,no,yes,Substance_Database_2.1/Substance_Database_2.1_Procedural_Sbs,Substance_Database_2.1/Substance_Database_2.1_Procedural_Sbs/Classic_Materials/Concrete/Rusty_Paint.sbs
Scratched_Concrete,.sbs,Concrete/Plaster,no,yes,Substance_Database_2.1/Substance_Database_2.1_Procedural_Sbs,Substance_Database_2.1/Substance_Database_2.1_Procedural_Sbs/Classic_Materials/Concrete/Scratched_Concrete.sbs
Stripes_01,.sbs,Concrete/Plaster,no,yes,Substance_Database_2.1/Substance_Database_2.1_Procedural_Sbs,Substance_Database_2.1/Substance_Database_2.1_Procedural_Sbs/Classic_Materials/Concrete/Stripes_01.sbs
Camouflage_01,.sbs,Fabric/Leather,no,yes,Substance_Database_2.1/Substance_Database_2.1_Procedural_Sbs,Substance_Database_2.1/Substance_Database_2.1_Procedural_Sbs/Classic_Materials/Fabric/Camouflage_01.sbs
Camouflage_02,.sbs,Fabric/Leather,no,yes,Substance_Database_2.1/Substance_Database_2.1_Procedural_Sbs,Substance_Database_2.1/Substance_Database_2.1_Procedural_Sbs/Classic_Materials/Fabric/Camouflage_02.sbs
carpet_001,.sbs,Fabric/Leather,no,yes,Substance_Database_2.1/Substance_Database_2.1_Procedural_Sbs,Substance_Database_2.1/Substance_Database_2.1_Procedural_Sbs/Classic_Materials/Fabric/carpet_001.sbs
carpet_002,.sbs,Fabric/Leather,no,yes,Substance_Database_2.1/Substance_Database_2.1_Procedural_Sbs,Substance_Database_2.1/Substance_Database_2.1_Procedural_Sbs/Classic_Materials/Fabric/carpet_002.sbs
carpet_003,.sbs,Fabric/Leather,no,yes,Substance_Database_2.1/Substance_Database_2.1_Procedural_Sbs,Substance_Database_2.1/Substance_Database_2.1_Procedural_Sbs/Classic_Materials/Fabric/carpet_003.sbs
denim_001,.sbs,Fabric/Leather,no,yes,Substance_Database_2.1/Substance_Database_2.1_Procedural_Sbs,Substance_Database_2.1/Substance_Database_2.1_Procedural_Sbs/Classic_Materials/Fabric/denim_001.sbs
fabric_001,.sbs,Fabric/Leather,no,yes,Substance_Database_2.1/Substance_Database_2.1_Procedural_Sbs,Substance_Database_2.1/Substance_Database_2.1_Procedural_Sbs/Classic_Materials/Fabric/fabric_001.sbs
fabric_002,.sbs,Fabric/Leather,no,yes,Substance_Database_2.1/Substance_Database_2.1_Procedural_Sbs,Substance_Database_2.1/Substance_Database_2.1_Procedural_Sbs/Classic_Materials/Fabric/fabric_002.sbs
fabric_003,.sbs,Fabric/Leather,no,yes,Substance_Database_2.1/Substance_Database_2.1_Procedural_Sbs,Substance_Database_2.1/Substance_Database_2.1_Procedural_Sbs/Classic_Materials/Fabric/fabric_003.sbs
fabric_004,.sbs,Fabric/Leather,no,yes,Substance_Database_2.1/Substance_Database_2.1_Procedural_Sbs,Substance_Database_2.1/Substance_Database_2.1_Procedural_Sbs/Classic_Materials/Fabric/fabric_004.sbs
fabric_005,.sbs,Fabric/Leather,no,yes,Substance_Database_2.1/Substance_Database_2.1_Procedural_Sbs,Substance_Database_2.1/Substance_Database_2.1_Procedural_Sbs/Classic_Materials/Fabric/fabric_005.sbs
fabric_006,.sbs,Fabric/Leather,no,yes,Substance_Database_2.1/Substance_Database_2.1_Procedural_Sbs,Substance_Database_2.1/Substance_Database_2.1_Procedural_Sbs/Classic_Materials/Fabric/fabric_006.sbs
fabric_007,.sbs,Fabric/Leather,no,yes,Substance_Database_2.1/Substance_Database_2.1_Procedural_Sbs,Substance_Database_2.1/Substance_Database_2.1_Procedural_Sbs/Classic_Materials/Fabric/fabric_007.sbs
fabric_008,.sbs,Fabric/Leather,no,yes,Substance_Database_2.1/Substance_Database_2.1_Procedural_Sbs,Substance_Database_2.1/Substance_Database_2.1_Procedural_Sbs/Classic_Materials/Fabric/fabric_008.sbs
fabric_009,.sbs,Fabric/Leather,no,yes,Substance_Database_2.1/Substance_Database_2.1_Procedural_Sbs,Substance_Database_2.1/Substance_Database_2.1_Procedural_Sbs/Classic_Materials/Fabric/fabric_009.sbs
Fabric_01,.sbs,Fabric/Leather,no,yes,Substance_Database_2.1/Substance_Database_2.1_Procedural_Sbs,Substance_Database_2.1/Substance_Database_2.1_Procedural_Sbs/Classic_Materials/Fabric/Fabric_01.sbs
fabric_010,.sbs,Fabric/Leather,no,yes,Substance_Database_2.1/Substance_Database_2.1_Procedural_Sbs,Substance_Database_2.1/Substance_Database_2.1_Procedural_Sbs/Classic_Materials/Fabric/fabric_010.sbs
fabric_011,.sbs,Fabric/Leather,no,yes,Substance_Database_2.1/Substance_Database_2.1_Procedural_Sbs,Substance_Database_2.1/Substance_Database_2.1_Procedural_Sbs/Classic_Materials/Fabric/fabric_011.sbs
fabric_012,.sbs,Fabric/Leather,no,yes,Substance_Database_2.1/Substance_Database_2.1_Procedural_Sbs,Substance_Database_2.1/Substance_Database_2.1_Procedural_Sbs/Classic_Materials/Fabric/fabric_012.sbs
fabric_013,.sbs,Fabric/Leather,no,yes,Substance_Database_2.1/Substance_Database_2.1_Procedural_Sbs,Substance_Database_2.1/Substance_Database_2.1_Procedural_Sbs/Classic_Materials/Fabric/fabric_013.sbs
fabric_014,.sbs,Fabric/Leather,no,yes,Substance_Database_2.1/Substance_Database_2.1_Procedural_Sbs,Substance_Database_2.1/Substance_Database_2.1_Procedural_Sbs/Classic_Materials/Fabric/fabric_014.sbs
fabric_015,.sbs,Fabric/Leather,no,yes,Substance_Database_2.1/Substance_Database_2.1_Procedural_Sbs,Substance_Database_2.1/Substance_Database_2.1_Procedural_Sbs/Classic_Materials/Fabric/fabric_015.sbs
fabric_016,.sbs,Fabric/Leather,no,yes,Substance_Database_2.1/Substance_Database_2.1_Procedural_Sbs,Substance_Database_2.1/Substance_Database_2.1_Procedural_Sbs/Classic_Materials/Fabric/fabric_016.sbs
fabric_017,.sbs,Fabric/Leather,no,yes,Substance_Database_2.1/Substance_Database_2.1_Procedural_Sbs,Substance_Database_2.1/Substance_Database_2.1_Procedural_Sbs/Classic_Materials/Fabric/fabric_017.sbs
fabric_018,.sbs,Fabric/Leather,no,yes,Substance_Database_2.1/Substance_Database_2.1_Procedural_Sbs,Substance_Database_2.1/Substance_Database_2.1_Procedural_Sbs/Classic_Materials/Fabric/fabric_018.sbs
fabric_019,.sbs,Fabric/Leather,no,yes,Substance_Database_2.1/Substance_Database_2.1_Procedural_Sbs,Substance_Database_2.1/Substance_Database_2.1_Procedural_Sbs/Classic_Materials/Fabric/fabric_019.sbs
Fabric_02,.sbs,Fabric/Leather,no,yes,Substance_Database_2.1/Substance_Database_2.1_Procedural_Sbs,Substance_Database_2.1/Substance_Database_2.1_Procedural_Sbs/Classic_Materials/Fabric/Fabric_02.sbs
fabric_020,.sbs,Fabric/Leather,no,yes,Substance_Database_2.1/Substance_Database_2.1_Procedural_Sbs,Substance_Database_2.1/Substance_Database_2.1_Procedural_Sbs/Classic_Materials/Fabric/fabric_020.sbs
fabric_021,.sbs,Fabric/Leather,no,yes,Substance_Database_2.1/Substance_Database_2.1_Procedural_Sbs,Substance_Database_2.1/Substance_Database_2.1_Procedural_Sbs/Classic_Materials/Fabric/fabric_021.sbs
fabric_022,.sbs,Fabric/Leather,no,yes,Substance_Database_2.1/Substance_Database_2.1_Procedural_Sbs,Substance_Database_2.1/Substance_Database_2.1_Procedural_Sbs/Classic_Materials/Fabric/fabric_022.sbs
fabric_023,.sbs,Fabric/Leather,no,yes,Substance_Database_2.1/Substance_Database_2.1_Procedural_Sbs,Substance_Database_2.1/Substance_Database_2.1_Procedural_Sbs/Classic_Materials/Fabric/fabric_023.sbs
fabric_024,.sbs,Fabric/Leather,no,yes,Substance_Database_2.1/Substance_Database_2.1_Procedural_Sbs,Substance_Database_2.1/Substance_Database_2.1_Procedural_Sbs/Classic_Materials/Fabric/fabric_024.sbs
imitation_leather_001,.sbs,Fabric/Leather,no,yes,Substance_Database_2.1/Substance_Database_2.1_Procedural_Sbs,Substance_Database_2.1/Substance_Database_2.1_Procedural_Sbs/Classic_Materials/Fabric/imitation_leather_001.sbs
Jeans_01,.sbs,Fabric/Leather,no,yes,Substance_Database_2.1/Substance_Database_2.1_Procedural_Sbs,Substance_Database_2.1/Substance_Database_2.1_Procedural_Sbs/Classic_Materials/Fabric/Jeans_01.sbs
Knits,.sbs,Fabric/Leather,no,yes,Substance_Database_2.1/Substance_Database_2.1_Procedural_Sbs,Substance_Database_2.1/Substance_Database_2.1_Procedural_Sbs/Classic_Materials/Fabric/Knits.sbs
leather_001,.sbs,Fabric/Leather,no,yes,Substance_Database_2.1/Substance_Database_2.1_Procedural_Sbs,Substance_Database_2.1/Substance_Database_2.1_Procedural_Sbs/Classic_Materials/Fabric/leather_001.sbs
Leather_Classic,.sbs,Fabric/Leather,no,yes,Substance_Database_2.1/Substance_Database_2.1_Procedural_Sbs,Substance_Database_2.1/Substance_Database_2.1_Procedural_Sbs/Classic_Materials/Fabric/Leather_Classic.sbs
Leather_Dry,.sbs,Fabric/Leather,no,yes,Substance_Database_2.1/Substance_Database_2.1_Procedural_Sbs,Substance_Database_2.1/Substance_Database_2.1_Procedural_Sbs/Classic_Materials/Fabric/Leather_Dry.sbs
Linen,.sbs,Fabric/Leather,no,yes,Substance_Database_2.1/Substance_Database_2.1_Procedural_Sbs,Substance_Database_2.1/Substance_Database_2.1_Procedural_Sbs/Classic_Materials/Fabric/Linen.sbs
Old_Fabric,.sbs,Fabric/Leather,no,yes,Substance_Database_2.1/Substance_Database_2.1_Procedural_Sbs,Substance_Database_2.1/Substance_Database_2.1_Procedural_Sbs/Classic_Materials/Fabric/Old_Fabric.sbs
Rug_01,.sbs,Fabric/Leather,no,yes,Substance_Database_2.1/Substance_Database_2.1_Procedural_Sbs,Substance_Database_2.1/Substance_Database_2.1_Procedural_Sbs/Classic_Materials/Fabric/Rug_01.sbs
Satin,.sbs,Fabric/Leather,no,yes,Substance_Database_2.1/Substance_Database_2.1_Procedural_Sbs,Substance_Database_2.1/Substance_Database_2.1_Procedural_Sbs/Classic_Materials/Fabric/Satin.sbs
Sisal_Rug,.sbs,Fabric/Leather,no,yes,Substance_Database_2.1/Substance_Database_2.1_Procedural_Sbs,Substance_Database_2.1/Substance_Database_2.1_Procedural_Sbs/Classic_Materials/Fabric/Sisal_Rug.sbs
Stage_Curtains,.sbs,Fabric/Leather,no,yes,Substance_Database_2.1/Substance_Database_2.1_Procedural_Sbs,Substance_Database_2.1/Substance_Database_2.1_Procedural_Sbs/Classic_Materials/Fabric/Stage_Curtains.sbs
Straw_Checker,.sbs,Generators/Utility,no,yes,Substance_Database_2.1/Substance_Database_2.1_Procedural_Sbs,Substance_Database_2.1/Substance_Database_2.1_Procedural_Sbs/Classic_Materials/Fabric/Straw_Checker.sbs
Towel_01,.sbs,Fabric/Leather,no,yes,Substance_Database_2.1/Substance_Database_2.1_Procedural_Sbs,Substance_Database_2.1/Substance_Database_2.1_Procedural_Sbs/Classic_Materials/Fabric/Towel_01.sbs
Turned_Leather,.sbs,Fabric/Leather,no,yes,Substance_Database_2.1/Substance_Database_2.1_Procedural_Sbs,Substance_Database_2.1/Substance_Database_2.1_Procedural_Sbs/Classic_Materials/Fabric/Turned_Leather.sbs
Wool,.sbs,Fabric/Leather,no,yes,Substance_Database_2.1/Substance_Database_2.1_Procedural_Sbs,Substance_Database_2.1/Substance_Database_2.1_Procedural_Sbs/Classic_Materials/Fabric/Wool.sbs
wool_001,.sbs,Fabric/Leather,no,yes,Substance_Database_2.1/Substance_Database_2.1_Procedural_Sbs,Substance_Database_2.1/Substance_Database_2.1_Procedural_Sbs/Classic_Materials/Fabric/wool_001.sbs
Woven_Leather,.sbs,Fabric/Leather,no,yes,Substance_Database_2.1/Substance_Database_2.1_Procedural_Sbs,Substance_Database_2.1/Substance_Database_2.1_Procedural_Sbs/Classic_Materials/Fabric/Woven_Leather.sbs
zebra_001,.sbs,Fabric/Leather,no,yes,Substance_Database_2.1/Substance_Database_2.1_Procedural_Sbs,Substance_Database_2.1/Substance_Database_2.1_Procedural_Sbs/Classic_Materials/Fabric/zebra_001.sbs
Banana_Skin,.sbs,Organic/Nature,no,yes,Substance_Database_2.1/Substance_Database_2.1_Procedural_Sbs,Substance_Database_2.1/Substance_Database_2.1_Procedural_Sbs/Classic_Materials/Food/Banana_Skin.sbs
Beer,.sbs,Other,no,yes,Substance_Database_2.1/Substance_Database_2.1_Procedural_Sbs,Substance_Database_2.1/Substance_Database_2.1_Procedural_Sbs/Classic_Materials/Food/Beer.sbs
Cereals,.sbs,Other,no,yes,Substance_Database_2.1/Substance_Database_2.1_Procedural_Sbs,Substance_Database_2.1/Substance_Database_2.1_Procedural_Sbs/Classic_Materials/Food/Cereals.sbs
Chocolate,.sbs,Other,no,yes,Substance_Database_2.1/Substance_Database_2.1_Procedural_Sbs,Substance_Database_2.1/Substance_Database_2.1_Procedural_Sbs/Classic_Materials/Food/Chocolate.sbs
Chocolate_Biscuit,.sbs,Other,no,yes,Substance_Database_2.1/Substance_Database_2.1_Procedural_Sbs,Substance_Database_2.1/Substance_Database_2.1_Procedural_Sbs/Classic_Materials/Food/Chocolate_Biscuit.sbs
Cookie,.sbs,Other,no,yes,Substance_Database_2.1/Substance_Database_2.1_Procedural_Sbs,Substance_Database_2.1/Substance_Database_2.1_Procedural_Sbs/Classic_Materials/Food/Cookie.sbs
Egg_Sunny_Side_Up,.sbs,Other,no,yes,Substance_Database_2.1/Substance_Database_2.1_Procedural_Sbs,Substance_Database_2.1/Substance_Database_2.1_Procedural_Sbs/Classic_Materials/Food/Egg_Sunny_Side_Up.sbs
Pinapple_Skin,.sbs,Organic/Nature,no,yes,Substance_Database_2.1/Substance_Database_2.1_Procedural_Sbs,Substance_Database_2.1/Substance_Database_2.1_Procedural_Sbs/Classic_Materials/Food/Pinapple_Skin.sbs
Rice,.sbs,Other,no,yes,Substance_Database_2.1/Substance_Database_2.1_Procedural_Sbs,Substance_Database_2.1/Substance_Database_2.1_Procedural_Sbs/Classic_Materials/Food/Rice.sbs
Strawberry,.sbs,Other,no,yes,Substance_Database_2.1/Substance_Database_2.1_Procedural_Sbs,Substance_Database_2.1/Substance_Database_2.1_Procedural_Sbs/Classic_Materials/Food/Strawberry.sbs
Swiss_Cheese,.sbs,Other,no,yes,Substance_Database_2.1/Substance_Database_2.1_Procedural_Sbs,Substance_Database_2.1/Substance_Database_2.1_Procedural_Sbs/Classic_Materials/Food/Swiss_Cheese.sbs
Toasted_Bread,.sbs,Other,no,yes,Substance_Database_2.1/Substance_Database_2.1_Procedural_Sbs,Substance_Database_2.1/Substance_Database_2.1_Procedural_Sbs/Classic_Materials/Food/Toasted_Bread.sbs
asphalt_001,.sbs,Pavement/Tiles/Floor,no,yes,Substance_Database_2.1/Substance_Database_2.1_Procedural_Sbs,Substance_Database_2.1/Substance_Database_2.1_Procedural_Sbs/Classic_Materials/Ground/asphalt_001.sbs
Asphalt_02,.sbs,Pavement/Tiles/Floor,no,yes,Substance_Database_2.1/Substance_Database_2.1_Procedural_Sbs,Substance_Database_2.1/Substance_Database_2.1_Procedural_Sbs/Classic_Materials/Ground/Asphalt_02.sbs
Desert_Sand_01,.sbs,Ground/Soil/Sand/Gravel,no,yes,Substance_Database_2.1/Substance_Database_2.1_Procedural_Sbs,Substance_Database_2.1/Substance_Database_2.1_Procedural_Sbs/Classic_Materials/Ground/Desert_Sand_01.sbs
Dry_Ground_01,.sbs,Ground/Soil/Sand/Gravel,no,yes,Substance_Database_2.1/Substance_Database_2.1_Procedural_Sbs,Substance_Database_2.1/Substance_Database_2.1_Procedural_Sbs/Classic_Materials/Ground/Dry_Ground_01.sbs
Dry_Ground_02,.sbs,Ground/Soil/Sand/Gravel,no,yes,Substance_Database_2.1/Substance_Database_2.1_Procedural_Sbs,Substance_Database_2.1/Substance_Database_2.1_Procedural_Sbs/Classic_Materials/Ground/Dry_Ground_02.sbs
Gravel,.sbs,Ground/Soil/Sand/Gravel,no,yes,Substance_Database_2.1/Substance_Database_2.1_Procedural_Sbs,Substance_Database_2.1/Substance_Database_2.1_Procedural_Sbs/Classic_Materials/Ground/Gravel.sbs
Grey_Sand,.sbs,Ground/Soil/Sand/Gravel,no,yes,Substance_Database_2.1/Substance_Database_2.1_Procedural_Sbs,Substance_Database_2.1/Substance_Database_2.1_Procedural_Sbs/Classic_Materials/Ground/Grey_Sand.sbs
ground_001,.sbs,Ground/Soil/Sand/Gravel,no,yes,Substance_Database_2.1/Substance_Database_2.1_Procedural_Sbs,Substance_Database_2.1/Substance_Database_2.1_Procedural_Sbs/Classic_Materials/Ground/ground_001.sbs
ground_002,.sbs,Ground/Soil/Sand/Gravel,no,yes,Substance_Database_2.1/Substance_Database_2.1_Procedural_Sbs,Substance_Database_2.1/Substance_Database_2.1_Procedural_Sbs/Classic_Materials/Ground/ground_002.sbs
ground_003,.sbs,Ground/Soil/Sand/Gravel,no,yes,Substance_Database_2.1/Substance_Database_2.1_Procedural_Sbs,Substance_Database_2.1/Substance_Database_2.1_Procedural_Sbs/Classic_Materials/Ground/ground_003.sbs
ground_004,.sbs,Ground/Soil/Sand/Gravel,no,yes,Substance_Database_2.1/Substance_Database_2.1_Procedural_Sbs,Substance_Database_2.1/Substance_Database_2.1_Procedural_Sbs/Classic_Materials/Ground/ground_004.sbs
ground_005,.sbs,Ground/Soil/Sand/Gravel,no,yes,Substance_Database_2.1/Substance_Database_2.1_Procedural_Sbs,Substance_Database_2.1/Substance_Database_2.1_Procedural_Sbs/Classic_Materials/Ground/ground_005.sbs
ground_006,.sbs,Ground/Soil/Sand/Gravel,no,yes,Substance_Database_2.1/Substance_Database_2.1_Procedural_Sbs,Substance_Database_2.1/Substance_Database_2.1_Procedural_Sbs/Classic_Materials/Ground/ground_006.sbs
ground_007,.sbs,Ground/Soil/Sand/Gravel,no,yes,Substance_Database_2.1/Substance_Database_2.1_Procedural_Sbs,Substance_Database_2.1/Substance_Database_2.1_Procedural_Sbs/Classic_Materials/Ground/ground_007.sbs
ground_008,.sbs,Ground/Soil/Sand/Gravel,no,yes,Substance_Database_2.1/Substance_Database_2.1_Procedural_Sbs,Substance_Database_2.1/Substance_Database_2.1_Procedural_Sbs/Classic_Materials/Ground/ground_008.sbs
ground_009,.sbs,Ground/Soil/Sand/Gravel,no,yes,Substance_Database_2.1/Substance_Database_2.1_Procedural_Sbs,Substance_Database_2.1/Substance_Database_2.1_Procedural_Sbs/Classic_Materials/Ground/ground_009.sbs
ground_010,.sbs,Ground/Soil/Sand/Gravel,no,yes,Substance_Database_2.1/Substance_Database_2.1_Procedural_Sbs,Substance_Database_2.1/Substance_Database_2.1_Procedural_Sbs/Classic_Materials/Ground/ground_010.sbs
ground_011,.sbs,Ground/Soil/Sand/Gravel,no,yes,Substance_Database_2.1/Substance_Database_2.1_Procedural_Sbs,Substance_Database_2.1/Substance_Database_2.1_Procedural_Sbs/Classic_Materials/Ground/ground_011.sbs
ground_012,.sbs,Ground/Soil/Sand/Gravel,no,yes,Substance_Database_2.1/Substance_Database_2.1_Procedural_Sbs,Substance_Database_2.1/Substance_Database_2.1_Procedural_Sbs/Classic_Materials/Ground/ground_012.sbs
ground_013,.sbs,Ground/Soil/Sand/Gravel,no,yes,Substance_Database_2.1/Substance_Database_2.1_Procedural_Sbs,Substance_Database_2.1/Substance_Database_2.1_Procedural_Sbs/Classic_Materials/Ground/ground_013.sbs
ground_014,.sbs,Ground/Soil/Sand/Gravel,no,yes,Substance_Database_2.1/Substance_Database_2.1_Procedural_Sbs,Substance_Database_2.1/Substance_Database_2.1_Procedural_Sbs/Classic_Materials/Ground/ground_014.sbs
ground_015,.sbs,Ground/Soil/Sand/Gravel,no,yes,Substance_Database_2.1/Substance_Database_2.1_Procedural_Sbs,Substance_Database_2.1/Substance_Database_2.1_Procedural_Sbs/Classic_Materials/Ground/ground_015.sbs
ground_016,.sbs,Ground/Soil/Sand/Gravel,no,yes,Substance_Database_2.1/Substance_Database_2.1_Procedural_Sbs,Substance_Database_2.1/Substance_Database_2.1_Procedural_Sbs/Classic_Materials/Ground/ground_016.sbs
ground_017,.sbs,Ground/Soil/Sand/Gravel,no,yes,Substance_Database_2.1/Substance_Database_2.1_Procedural_Sbs,Substance_Database_2.1/Substance_Database_2.1_Procedural_Sbs/Classic_Materials/Ground/ground_017.sbs
ground_018,.sbs,Ground/Soil/Sand/Gravel,no,yes,Substance_Database_2.1/Substance_Database_2.1_Procedural_Sbs,Substance_Database_2.1/Substance_Database_2.1_Procedural_Sbs/Classic_Materials/Ground/ground_018.sbs
ground_019,.sbs,Ground/Soil/Sand/Gravel,no,yes,Substance_Database_2.1/Substance_Database_2.1_Procedural_Sbs,Substance_Database_2.1/Substance_Database_2.1_Procedural_Sbs/Classic_Materials/Ground/ground_019.sbs
ground_020,.sbs,Ground/Soil/Sand/Gravel,no,yes,Substance_Database_2.1/Substance_Database_2.1_Procedural_Sbs,Substance_Database_2.1/Substance_Database_2.1_Procedural_Sbs/Classic_Materials/Ground/ground_020.sbs
ground_021,.sbs,Ground/Soil/Sand/Gravel,no,yes,Substance_Database_2.1/Substance_Database_2.1_Procedural_Sbs,Substance_Database_2.1/Substance_Database_2.1_Procedural_Sbs/Classic_Materials/Ground/ground_021.sbs
Lava_Rocks,.sbs,Rock/Stone/Cliff,no,yes,Substance_Database_2.1/Substance_Database_2.1_Procedural_Sbs,Substance_Database_2.1/Substance_Database_2.1_Procedural_Sbs/Classic_Materials/Ground/Lava_Rocks.sbs
Lawn,.sbs,Organic/Nature,no,yes,Substance_Database_2.1/Substance_Database_2.1_Procedural_Sbs,Substance_Database_2.1/Substance_Database_2.1_Procedural_Sbs/Classic_Materials/Ground/Lawn.sbs
magma_ground_001,.sbs,Ground/Soil/Sand/Gravel,no,yes,Substance_Database_2.1/Substance_Database_2.1_Procedural_Sbs,Substance_Database_2.1/Substance_Database_2.1_Procedural_Sbs/Classic_Materials/Ground/magma_ground_001.sbs
mud_001,.sbs,Ground/Soil/Sand/Gravel,no,yes,Substance_Database_2.1/Substance_Database_2.1_Procedural_Sbs,Substance_Database_2.1/Substance_Database_2.1_Procedural_Sbs/Classic_Materials/Ground/mud_001.sbs
Muddy_Trail,.sbs,Ground/Soil/Sand/Gravel,no,yes,Substance_Database_2.1/Substance_Database_2.1_Procedural_Sbs,Substance_Database_2.1/Substance_Database_2.1_Procedural_Sbs/Classic_Materials/Ground/Muddy_Trail.sbs
pebbles_001,.sbs,Rock/Stone/Cliff,no,yes,Substance_Database_2.1/Substance_Database_2.1_Procedural_Sbs,Substance_Database_2.1/Substance_Database_2.1_Procedural_Sbs/Classic_Materials/Ground/pebbles_001.sbs
pebbles_002,.sbs,Rock/Stone/Cliff,no,yes,Substance_Database_2.1/Substance_Database_2.1_Procedural_Sbs,Substance_Database_2.1/Substance_Database_2.1_Procedural_Sbs/Classic_Materials/Ground/pebbles_002.sbs
pebbles_003,.sbs,Rock/Stone/Cliff,no,yes,Substance_Database_2.1/Substance_Database_2.1_Procedural_Sbs,Substance_Database_2.1/Substance_Database_2.1_Procedural_Sbs/Classic_Materials/Ground/pebbles_003.sbs
pebbles_004,.sbs,Rock/Stone/Cliff,no,yes,Substance_Database_2.1/Substance_Database_2.1_Procedural_Sbs,Substance_Database_2.1/Substance_Database_2.1_Procedural_Sbs/Classic_Materials/Ground/pebbles_004.sbs
pebbles_005,.sbs,Rock/Stone/Cliff,no,yes,Substance_Database_2.1/Substance_Database_2.1_Procedural_Sbs,Substance_Database_2.1/Substance_Database_2.1_Procedural_Sbs/Classic_Materials/Ground/pebbles_005.sbs
pebbles_007,.sbs,Rock/Stone/Cliff,no,yes,Substance_Database_2.1/Substance_Database_2.1_Procedural_Sbs,Substance_Database_2.1/Substance_Database_2.1_Procedural_Sbs/Classic_Materials/Ground/pebbles_007.sbs
Rough_Ground,.sbs,Ground/Soil/Sand/Gravel,no,yes,Substance_Database_2.1/Substance_Database_2.1_Procedural_Sbs,Substance_Database_2.1/Substance_Database_2.1_Procedural_Sbs/Classic_Materials/Ground/Rough_Ground.sbs
sand_001,.sbs,Ground/Soil/Sand/Gravel,no,yes,Substance_Database_2.1/Substance_Database_2.1_Procedural_Sbs,Substance_Database_2.1/Substance_Database_2.1_Procedural_Sbs/Classic_Materials/Ground/sand_001.sbs
Sand_01,.sbs,Ground/Soil/Sand/Gravel,no,yes,Substance_Database_2.1/Substance_Database_2.1_Procedural_Sbs,Substance_Database_2.1/Substance_Database_2.1_Procedural_Sbs/Classic_Materials/Ground/Sand_01.sbs
Sand_02,.sbs,Ground/Soil/Sand/Gravel,no,yes,Substance_Database_2.1/Substance_Database_2.1_Procedural_Sbs,Substance_Database_2.1/Substance_Database_2.1_Procedural_Sbs/Classic_Materials/Ground/Sand_02.sbs
Small_Stones,.sbs,Rock/Stone/Cliff,no,yes,Substance_Database_2.1/Substance_Database_2.1_Procedural_Sbs,Substance_Database_2.1/Substance_Database_2.1_Procedural_Sbs/Classic_Materials/Ground/Small_Stones.sbs
snow_001,.sbs,Ice/Snow/Water,no,yes,Substance_Database_2.1/Substance_Database_2.1_Procedural_Sbs,Substance_Database_2.1/Substance_Database_2.1_Procedural_Sbs/Classic_Materials/Ground/snow_001.sbs
snow_002,.sbs,Ice/Snow/Water,no,yes,Substance_Database_2.1/Substance_Database_2.1_Procedural_Sbs,Substance_Database_2.1/Substance_Database_2.1_Procedural_Sbs/Classic_Materials/Ground/snow_002.sbs
Stadium_Lawn,.sbs,Organic/Nature,no,yes,Substance_Database_2.1/Substance_Database_2.1_Procedural_Sbs,Substance_Database_2.1/Substance_Database_2.1_Procedural_Sbs/Classic_Materials/Ground/Stadium_Lawn.sbs
stones_001,.sbs,Rock/Stone/Cliff,no,yes,Substance_Database_2.1/Substance_Database_2.1_Procedural_Sbs,Substance_Database_2.1/Substance_Database_2.1_Procedural_Sbs/Classic_Materials/Ground/stones_001.sbs
Paint_Cracks,.sbs,Generators/Utility,no,yes,Substance_Database_2.1/Substance_Database_2.1_Procedural_Sbs,Substance_Database_2.1/Substance_Database_2.1_Procedural_Sbs/Classic_Materials/Grunge/Paint_Cracks.sbs
CorkBoard,.sbs,Wood,no,yes,Substance_Database_2.1/Substance_Database_2.1_Procedural_Sbs,Substance_Database_2.1/Substance_Database_2.1_Procedural_Sbs/Classic_Materials/Manmade/CorkBoard.sbs
Doormat,.sbs,Fabric/Leather,no,yes,Substance_Database_2.1/Substance_Database_2.1_Procedural_Sbs,Substance_Database_2.1/Substance_Database_2.1_Procedural_Sbs/Classic_Materials/Manmade/Doormat.sbs
Printed_Circuit,.sbs,Sci-fi/Tech,no,yes,Substance_Database_2.1/Substance_Database_2.1_Procedural_Sbs,Substance_Database_2.1/Substance_Database_2.1_Procedural_Sbs/Classic_Materials/Manmade/Printed_Circuit.sbs
Shutter_01,.sbs,Other,no,yes,Substance_Database_2.1/Substance_Database_2.1_Procedural_Sbs,Substance_Database_2.1/Substance_Database_2.1_Procedural_Sbs/Classic_Materials/Manmade/Shutter_01.sbs
Sponge,.sbs,Organic/Nature,no,yes,Substance_Database_2.1/Substance_Database_2.1_Procedural_Sbs,Substance_Database_2.1/Substance_Database_2.1_Procedural_Sbs/Classic_Materials/Manmade/Sponge.sbs
Tire_01,.sbs,Other,no,yes,Substance_Database_2.1/Substance_Database_2.1_Procedural_Sbs,Substance_Database_2.1/Substance_Database_2.1_Procedural_Sbs/Classic_Materials/Manmade/Tire_01.sbs
Wheel,.sbs,Generators/Utility,no,yes,Substance_Database_2.1/Substance_Database_2.1_Procedural_Sbs,Substance_Database_2.1/Substance_Database_2.1_Procedural_Sbs/Classic_Materials/Manmade/Wheel.sbs
Aircraft_Metal,.sbs,Metal,no,yes,Substance_Database_2.1/Substance_Database_2.1_Procedural_Sbs,Substance_Database_2.1/Substance_Database_2.1_Procedural_Sbs/Classic_Materials/Metal/Aircraft_Metal.sbs
Barbwire,.sbs,Metal,no,yes,Substance_Database_2.1/Substance_Database_2.1_Procedural_Sbs,Substance_Database_2.1/Substance_Database_2.1_Procedural_Sbs/Classic_Materials/Metal/Barbwire.sbs
Bronze_Copper,.sbs,Metal,no,yes,Substance_Database_2.1/Substance_Database_2.1_Procedural_Sbs,Substance_Database_2.1/Substance_Database_2.1_Procedural_Sbs/Classic_Materials/Metal/Bronze_Copper.sbs
Brushed_Aluminum,.sbs,Metal,no,yes,Substance_Database_2.1/Substance_Database_2.1_Procedural_Sbs,Substance_Database_2.1/Substance_Database_2.1_Procedural_Sbs/Classic_Materials/Metal/Brushed_Aluminum.sbs
Brushed_Metal,.sbs,Metal,no,yes,Substance_Database_2.1/Substance_Database_2.1_Procedural_Sbs,Substance_Database_2.1/Substance_Database_2.1_Procedural_Sbs/Classic_Materials/Metal/Brushed_Metal.sbs
Corrugated_Metal,.sbs,Metal,no,yes,Substance_Database_2.1/Substance_Database_2.1_Procedural_Sbs,Substance_Database_2.1/Substance_Database_2.1_Procedural_Sbs/Classic_Materials/Metal/Corrugated_Metal.sbs
Corrugated_Tin_Plates,.sbs,Metal,no,yes,Substance_Database_2.1/Substance_Database_2.1_Procedural_Sbs,Substance_Database_2.1/Substance_Database_2.1_Procedural_Sbs/Classic_Materials/Metal/Corrugated_Tin_Plates.sbs
Diamond_Plate,.sbs,Metal,no,yes,Substance_Database_2.1/Substance_Database_2.1_Procedural_Sbs,Substance_Database_2.1/Substance_Database_2.1_Procedural_Sbs/Classic_Materials/Metal/Diamond_Plate.sbs
Fencing,.sbs,Metal,no,yes,Substance_Database_2.1/Substance_Database_2.1_Procedural_Sbs,Substance_Database_2.1/Substance_Database_2.1_Procedural_Sbs/Classic_Materials/Metal/Fencing.sbs
Galvanized,.sbs,Metal,no,yes,Substance_Database_2.1/Substance_Database_2.1_Procedural_Sbs,Substance_Database_2.1/Substance_Database_2.1_Procedural_Sbs/Classic_Materials/Metal/Galvanized.sbs
metal_001,.sbs,Metal,no,yes,Substance_Database_2.1/Substance_Database_2.1_Procedural_Sbs,Substance_Database_2.1/Substance_Database_2.1_Procedural_Sbs/Classic_Materials/Metal/metal_001.sbs
metal_002,.sbs,Metal,no,yes,Substance_Database_2.1/Substance_Database_2.1_Procedural_Sbs,Substance_Database_2.1/Substance_Database_2.1_Procedural_Sbs/Classic_Materials/Metal/metal_002.sbs
metal_003,.sbs,Metal,no,yes,Substance_Database_2.1/Substance_Database_2.1_Procedural_Sbs,Substance_Database_2.1/Substance_Database_2.1_Procedural_Sbs/Classic_Materials/Metal/metal_003.sbs
metal_004,.sbs,Metal,no,yes,Substance_Database_2.1/Substance_Database_2.1_Procedural_Sbs,Substance_Database_2.1/Substance_Database_2.1_Procedural_Sbs/Classic_Materials/Metal/metal_004.sbs
metal_005,.sbs,Metal,no,yes,Substance_Database_2.1/Substance_Database_2.1_Procedural_Sbs,Substance_Database_2.1/Substance_Database_2.1_Procedural_Sbs/Classic_Materials/Metal/metal_005.sbs
metal_006,.sbs,Metal,no,yes,Substance_Database_2.1/Substance_Database_2.1_Procedural_Sbs,Substance_Database_2.1/Substance_Database_2.1_Procedural_Sbs/Classic_Materials/Metal/metal_006.sbs
metal_floor_001,.sbs,Pavement/Tiles/Floor,no,yes,Substance_Database_2.1/Substance_Database_2.1_Procedural_Sbs,Substance_Database_2.1/Substance_Database_2.1_Procedural_Sbs/Classic_Materials/Metal/metal_floor_001.sbs
metal_floor_002,.sbs,Pavement/Tiles/Floor,no,yes,Substance_Database_2.1/Substance_Database_2.1_Procedural_Sbs,Substance_Database_2.1/Substance_Database_2.1_Procedural_Sbs/Classic_Materials/Metal/metal_floor_002.sbs
metal_floor_003,.sbs,Pavement/Tiles/Floor,no,yes,Substance_Database_2.1/Substance_Database_2.1_Procedural_Sbs,Substance_Database_2.1/Substance_Database_2.1_Procedural_Sbs/Classic_Materials/Metal/metal_floor_003.sbs
metal_floor_004,.sbs,Pavement/Tiles/Floor,no,yes,Substance_Database_2.1/Substance_Database_2.1_Procedural_Sbs,Substance_Database_2.1/Substance_Database_2.1_Procedural_Sbs/Classic_Materials/Metal/metal_floor_004.sbs
metal_floor_005,.sbs,Pavement/Tiles/Floor,no,yes,Substance_Database_2.1/Substance_Database_2.1_Procedural_Sbs,Substance_Database_2.1/Substance_Database_2.1_Procedural_Sbs/Classic_Materials/Metal/metal_floor_005.sbs
metal_floor_006,.sbs,Pavement/Tiles/Floor,no,yes,Substance_Database_2.1/Substance_Database_2.1_Procedural_Sbs,Substance_Database_2.1/Substance_Database_2.1_Procedural_Sbs/Classic_Materials/Metal/metal_floor_006.sbs
metal_floor_007,.sbs,Pavement/Tiles/Floor,no,yes,Substance_Database_2.1/Substance_Database_2.1_Procedural_Sbs,Substance_Database_2.1/Substance_Database_2.1_Procedural_Sbs/Classic_Materials/Metal/metal_floor_007.sbs
metal_floor_008,.sbs,Pavement/Tiles/Floor,no,yes,Substance_Database_2.1/Substance_Database_2.1_Procedural_Sbs,Substance_Database_2.1/Substance_Database_2.1_Procedural_Sbs/Classic_Materials/Metal/metal_floor_008.sbs
Metal_plate,.sbs,Metal,no,yes,Substance_Database_2.1/Substance_Database_2.1_Procedural_Sbs,Substance_Database_2.1/Substance_Database_2.1_Procedural_Sbs/Classic_Materials/Metal/Metal_plate.sbs
metal_plate_001,.sbs,Metal,no,yes,Substance_Database_2.1/Substance_Database_2.1_Procedural_Sbs,Substance_Database_2.1/Substance_Database_2.1_Procedural_Sbs/Classic_Materials/Metal/metal_plate_001.sbs
metal_plate_002,.sbs,Metal,no,yes,Substance_Database_2.1/Substance_Database_2.1_Procedural_Sbs,Substance_Database_2.1/Substance_Database_2.1_Procedural_Sbs/Classic_Materials/Metal/metal_plate_002.sbs
metal_plate_003,.sbs,Metal,no,yes,Substance_Database_2.1/Substance_Database_2.1_Procedural_Sbs,Substance_Database_2.1/Substance_Database_2.1_Procedural_Sbs/Classic_Materials/Metal/metal_plate_003.sbs
metal_plate_004,.sbs,Metal,no,yes,Substance_Database_2.1/Substance_Database_2.1_Procedural_Sbs,Substance_Database_2.1/Substance_Database_2.1_Procedural_Sbs/Classic_Materials/Metal/metal_plate_004.sbs
metal_plate_005,.sbs,Metal,no,yes,Substance_Database_2.1/Substance_Database_2.1_Procedural_Sbs,Substance_Database_2.1/Substance_Database_2.1_Procedural_Sbs/Classic_Materials/Metal/metal_plate_005.sbs
metal_plate_006,.sbs,Metal,no,yes,Substance_Database_2.1/Substance_Database_2.1_Procedural_Sbs,Substance_Database_2.1/Substance_Database_2.1_Procedural_Sbs/Classic_Materials/Metal/metal_plate_006.sbs
metal_plate_007,.sbs,Metal,no,yes,Substance_Database_2.1/Substance_Database_2.1_Procedural_Sbs,Substance_Database_2.1/Substance_Database_2.1_Procedural_Sbs/Classic_Materials/Metal/metal_plate_007.sbs
metal_plate_008,.sbs,Metal,no,yes,Substance_Database_2.1/Substance_Database_2.1_Procedural_Sbs,Substance_Database_2.1/Substance_Database_2.1_Procedural_Sbs/Classic_Materials/Metal/metal_plate_008.sbs
metal_plate_009,.sbs,Metal,no,yes,Substance_Database_2.1/Substance_Database_2.1_Procedural_Sbs,Substance_Database_2.1/Substance_Database_2.1_Procedural_Sbs/Classic_Materials/Metal/metal_plate_009.sbs
metal_plate_010,.sbs,Metal,no,yes,Substance_Database_2.1/Substance_Database_2.1_Procedural_Sbs,Substance_Database_2.1/Substance_Database_2.1_Procedural_Sbs/Classic_Materials/Metal/metal_plate_010.sbs
Painted_Metal_01,.sbs,Metal,no,yes,Substance_Database_2.1/Substance_Database_2.1_Procedural_Sbs,Substance_Database_2.1/Substance_Database_2.1_Procedural_Sbs/Classic_Materials/Metal/Painted_Metal_01.sbs
Painted_Metal_02,.sbs,Metal,no,yes,Substance_Database_2.1/Substance_Database_2.1_Procedural_Sbs,Substance_Database_2.1/Substance_Database_2.1_Procedural_Sbs/Classic_Materials/Metal/Painted_Metal_02.sbs
Rusty_Metal,.sbs,Metal,no,yes,Substance_Database_2.1/Substance_Database_2.1_Procedural_Sbs,Substance_Database_2.1/Substance_Database_2.1_Procedural_Sbs/Classic_Materials/Metal/Rusty_Metal.sbs
Rusty_Metal_Floor,.sbs,Pavement/Tiles/Floor,no,yes,Substance_Database_2.1/Substance_Database_2.1_Procedural_Sbs,Substance_Database_2.1/Substance_Database_2.1_Procedural_Sbs/Classic_Materials/Metal/Rusty_Metal_Floor.sbs
Steel_Sheet,.sbs,Metal,no,yes,Substance_Database_2.1/Substance_Database_2.1_Procedural_Sbs,Substance_Database_2.1/Substance_Database_2.1_Procedural_Sbs/Classic_Materials/Metal/Steel_Sheet.sbs
Wall_Steel_Sheet,.sbs,Brick/Masonry/Wall,no,yes,Substance_Database_2.1/Substance_Database_2.1_Procedural_Sbs,Substance_Database_2.1/Substance_Database_2.1_Procedural_Sbs/Classic_Materials/Metal/Wall_Steel_Sheet.sbs
Woven_Metal,.sbs,Fabric/Leather,no,yes,Substance_Database_2.1/Substance_Database_2.1_Procedural_Sbs,Substance_Database_2.1/Substance_Database_2.1_Procedural_Sbs/Classic_Materials/Metal/Woven_Metal.sbs
Autumn_Leaves,.sbs,Organic/Nature,no,yes,Substance_Database_2.1/Substance_Database_2.1_Procedural_Sbs,Substance_Database_2.1/Substance_Database_2.1_Procedural_Sbs/Classic_Materials/Nature/Autumn_Leaves.sbs
bark_001,.sbs,Organic/Nature,no,yes,Substance_Database_2.1/Substance_Database_2.1_Procedural_Sbs,Substance_Database_2.1/Substance_Database_2.1_Procedural_Sbs/Classic_Materials/Nature/bark_001.sbs
bark_002,.sbs,Organic/Nature,no,yes,Substance_Database_2.1/Substance_Database_2.1_Procedural_Sbs,Substance_Database_2.1/Substance_Database_2.1_Procedural_Sbs/Classic_Materials/Nature/bark_002.sbs
bark_003,.sbs,Organic/Nature,no,yes,Substance_Database_2.1/Substance_Database_2.1_Procedural_Sbs,Substance_Database_2.1/Substance_Database_2.1_Procedural_Sbs/Classic_Materials/Nature/bark_003.sbs
bark_004,.sbs,Organic/Nature,no,yes,Substance_Database_2.1/Substance_Database_2.1_Procedural_Sbs,Substance_Database_2.1/Substance_Database_2.1_Procedural_Sbs/Classic_Materials/Nature/bark_004.sbs
bark_005,.sbs,Organic/Nature,no,yes,Substance_Database_2.1/Substance_Database_2.1_Procedural_Sbs,Substance_Database_2.1/Substance_Database_2.1_Procedural_Sbs/Classic_Materials/Nature/bark_005.sbs
Flower_Grass,.sbs,Organic/Nature,no,yes,Substance_Database_2.1/Substance_Database_2.1_Procedural_Sbs,Substance_Database_2.1/Substance_Database_2.1_Procedural_Sbs/Classic_Materials/Nature/Flower_Grass.sbs
foliage_001,.sbs,Organic/Nature,no,yes,Substance_Database_2.1/Substance_Database_2.1_Procedural_Sbs,Substance_Database_2.1/Substance_Database_2.1_Procedural_Sbs/Classic_Materials/Nature/foliage_001.sbs
Grass_01,.sbs,Organic/Nature,no,yes,Substance_Database_2.1/Substance_Database_2.1_Procedural_Sbs,Substance_Database_2.1/Substance_Database_2.1_Procedural_Sbs/Classic_Materials/Nature/Grass_01.sbs
Ivy,.sbs,Organic/Nature,no,yes,Substance_Database_2.1/Substance_Database_2.1_Procedural_Sbs,Substance_Database_2.1/Substance_Database_2.1_Procedural_Sbs/Classic_Materials/Nature/Ivy.sbs
nature_001,.sbs,Organic/Nature,no,yes,Substance_Database_2.1/Substance_Database_2.1_Procedural_Sbs,Substance_Database_2.1/Substance_Database_2.1_Procedural_Sbs/Classic_Materials/Nature/nature_001.sbs
nature_002,.sbs,Organic/Nature,no,yes,Substance_Database_2.1/Substance_Database_2.1_Procedural_Sbs,Substance_Database_2.1/Substance_Database_2.1_Procedural_Sbs/Classic_Materials/Nature/nature_002.sbs
Pebble_Grass,.sbs,Organic/Nature,no,yes,Substance_Database_2.1/Substance_Database_2.1_Procedural_Sbs,Substance_Database_2.1/Substance_Database_2.1_Procedural_Sbs/Classic_Materials/Nature/Pebble_Grass.sbs
Straw,.sbs,Organic/Nature,no,yes,Substance_Database_2.1/Substance_Database_2.1_Procedural_Sbs,Substance_Database_2.1/Substance_Database_2.1_Procedural_Sbs/Classic_Materials/Nature/Straw.sbs
Cow_Skin,.sbs,Organic/Nature,no,yes,Substance_Database_2.1/Substance_Database_2.1_Procedural_Sbs,Substance_Database_2.1/Substance_Database_2.1_Procedural_Sbs/Classic_Materials/Organic/Cow_Skin.sbs
Elephant_Skin,.sbs,Organic/Nature,no,yes,Substance_Database_2.1/Substance_Database_2.1_Procedural_Sbs,Substance_Database_2.1/Substance_Database_2.1_Procedural_Sbs/Classic_Materials/Organic/Elephant_Skin.sbs
Eye,.sbs,Organic/Nature,no,yes,Substance_Database_2.1/Substance_Database_2.1_Procedural_Sbs,Substance_Database_2.1/Substance_Database_2.1_Procedural_Sbs/Classic_Materials/Organic/Eye.sbs
eye_001,.sbs,Organic/Nature,no,yes,Substance_Database_2.1/Substance_Database_2.1_Procedural_Sbs,Substance_Database_2.1/Substance_Database_2.1_Procedural_Sbs/Classic_Materials/Organic/eye_001.sbs
Flesh,.sbs,Organic/Nature,no,yes,Substance_Database_2.1/Substance_Database_2.1_Procedural_Sbs,Substance_Database_2.1/Substance_Database_2.1_Procedural_Sbs/Classic_Materials/Organic/Flesh.sbs
Giraffe_Skin,.sbs,Organic/Nature,no,yes,Substance_Database_2.1/Substance_Database_2.1_Procedural_Sbs,Substance_Database_2.1/Substance_Database_2.1_Procedural_Sbs/Classic_Materials/Organic/Giraffe_Skin.sbs
Hair,.sbs,Organic/Nature,no,yes,Substance_Database_2.1/Substance_Database_2.1_Procedural_Sbs,Substance_Database_2.1/Substance_Database_2.1_Procedural_Sbs/Classic_Materials/Organic/Hair.sbs
hair_001,.sbs,Organic/Nature,no,yes,Substance_Database_2.1/Substance_Database_2.1_Procedural_Sbs,Substance_Database_2.1/Substance_Database_2.1_Procedural_Sbs/Classic_Materials/Organic/hair_001.sbs
human_skin_001,.sbs,Organic/Nature,no,yes,Substance_Database_2.1/Substance_Database_2.1_Procedural_Sbs,Substance_Database_2.1/Substance_Database_2.1_Procedural_Sbs/Classic_Materials/Organic/human_skin_001.sbs
Leopard_Fur,.sbs,Organic/Nature,no,yes,Substance_Database_2.1/Substance_Database_2.1_Procedural_Sbs,Substance_Database_2.1/Substance_Database_2.1_Procedural_Sbs/Classic_Materials/Organic/Leopard_Fur.sbs
Plastic_Bumps,.sbs,Organic/Nature,no,yes,Substance_Database_2.1/Substance_Database_2.1_Procedural_Sbs,Substance_Database_2.1/Substance_Database_2.1_Procedural_Sbs/Classic_Materials/Organic/Plastic_Bumps.sbs
Snake_Skin,.sbs,Organic/Nature,no,yes,Substance_Database_2.1/Substance_Database_2.1_Procedural_Sbs,Substance_Database_2.1/Substance_Database_2.1_Procedural_Sbs/Classic_Materials/Organic/Snake_Skin.sbs
Snake_Skin_001,.sbs,Organic/Nature,no,yes,Substance_Database_2.1/Substance_Database_2.1_Procedural_Sbs,Substance_Database_2.1/Substance_Database_2.1_Procedural_Sbs/Classic_Materials/Organic/Snake_Skin_001.sbs
Tiger_Fur,.sbs,Organic/Nature,no,yes,Substance_Database_2.1/Substance_Database_2.1_Procedural_Sbs,Substance_Database_2.1/Substance_Database_2.1_Procedural_Sbs/Classic_Materials/Organic/Tiger_Fur.sbs
Blotting_Paper,.sbs,Other,no,yes,Substance_Database_2.1/Substance_Database_2.1_Procedural_Sbs,Substance_Database_2.1/Substance_Database_2.1_Procedural_Sbs/Classic_Materials/Paper/Blotting_Paper.sbs
book_paper001,.sbs,Other,no,yes,Substance_Database_2.1/Substance_Database_2.1_Procedural_Sbs,Substance_Database_2.1/Substance_Database_2.1_Procedural_Sbs/Classic_Materials/Paper/book_paper001.sbs
book_paper002,.sbs,Other,no,yes,Substance_Database_2.1/Substance_Database_2.1_Procedural_Sbs,Substance_Database_2.1/Substance_Database_2.1_Procedural_Sbs/Classic_Materials/Paper/book_paper002.sbs
book_paper003,.sbs,Other,no,yes,Substance_Database_2.1/Substance_Database_2.1_Procedural_Sbs,Substance_Database_2.1/Substance_Database_2.1_Procedural_Sbs/Classic_Materials/Paper/book_paper003.sbs
book_paper004,.sbs,Other,no,yes,Substance_Database_2.1/Substance_Database_2.1_Procedural_Sbs,Substance_Database_2.1/Substance_Database_2.1_Procedural_Sbs/Classic_Materials/Paper/book_paper004.sbs
book_paper005,.sbs,Other,no,yes,Substance_Database_2.1/Substance_Database_2.1_Procedural_Sbs,Substance_Database_2.1/Substance_Database_2.1_Procedural_Sbs/Classic_Materials/Paper/book_paper005.sbs
Canvas_01,.sbs,Fabric/Leather,no,yes,Substance_Database_2.1/Substance_Database_2.1_Procedural_Sbs,Substance_Database_2.1/Substance_Database_2.1_Procedural_Sbs/Classic_Materials/Paper/Canvas_01.sbs
Canvas_02,.sbs,Fabric/Leather,no,yes,Substance_Database_2.1/Substance_Database_2.1_Procedural_Sbs,Substance_Database_2.1/Substance_Database_2.1_Procedural_Sbs/Classic_Materials/Paper/Canvas_02.sbs
Cardboard,.sbs,Other,no,yes,Substance_Database_2.1/Substance_Database_2.1_Procedural_Sbs,Substance_Database_2.1/Substance_Database_2.1_Procedural_Sbs/Classic_Materials/Paper/Cardboard.sbs
cardboard_001,.sbs,Other,no,yes,Substance_Database_2.1/Substance_Database_2.1_Procedural_Sbs,Substance_Database_2.1/Substance_Database_2.1_Procedural_Sbs/Classic_Materials/Paper/cardboard_001.sbs
Crumpled_Paper,.sbs,Other,no,yes,Substance_Database_2.1/Substance_Database_2.1_Procedural_Sbs,Substance_Database_2.1/Substance_Database_2.1_Procedural_Sbs/Classic_Materials/Paper/Crumpled_Paper.sbs
Drawing_Paper_01,.sbs,Other,no,yes,Substance_Database_2.1/Substance_Database_2.1_Procedural_Sbs,Substance_Database_2.1/Substance_Database_2.1_Procedural_Sbs/Classic_Materials/Paper/Drawing_Paper_01.sbs
Drawing_Paper_02,.sbs,Other,no,yes,Substance_Database_2.1/Substance_Database_2.1_Procedural_Sbs,Substance_Database_2.1/Substance_Database_2.1_Procedural_Sbs/Classic_Materials/Paper/Drawing_Paper_02.sbs
enveloppe_001,.sbs,Other,no,yes,Substance_Database_2.1/Substance_Database_2.1_Procedural_Sbs,Substance_Database_2.1/Substance_Database_2.1_Procedural_Sbs/Classic_Materials/Paper/enveloppe_001.sbs
Gold_Paper,.sbs,Metal,no,yes,Substance_Database_2.1/Substance_Database_2.1_Procedural_Sbs,Substance_Database_2.1/Substance_Database_2.1_Procedural_Sbs/Classic_Materials/Paper/Gold_Paper.sbs
old_book_001,.sbs,Other,no,yes,Substance_Database_2.1/Substance_Database_2.1_Procedural_Sbs,Substance_Database_2.1/Substance_Database_2.1_Procedural_Sbs/Classic_Materials/Paper/old_book_001.sbs
paper_001,.sbs,Other,no,yes,Substance_Database_2.1/Substance_Database_2.1_Procedural_Sbs,Substance_Database_2.1/Substance_Database_2.1_Procedural_Sbs/Classic_Materials/Paper/paper_001.sbs
paper_002-1,.sbs,Other,no,yes,Substance_Database_2.1/Substance_Database_2.1_Procedural_Sbs,Substance_Database_2.1/Substance_Database_2.1_Procedural_Sbs/Classic_Materials/Paper/paper_002-1.sbs
paper_002,.sbs,Other,no,yes,Substance_Database_2.1/Substance_Database_2.1_Procedural_Sbs,Substance_Database_2.1/Substance_Database_2.1_Procedural_Sbs/Classic_Materials/Paper/paper_002.sbs
paper_003,.sbs,Other,no,yes,Substance_Database_2.1/Substance_Database_2.1_Procedural_Sbs,Substance_Database_2.1/Substance_Database_2.1_Procedural_Sbs/Classic_Materials/Paper/paper_003.sbs
paper_004,.sbs,Other,no,yes,Substance_Database_2.1/Substance_Database_2.1_Procedural_Sbs,Substance_Database_2.1/Substance_Database_2.1_Procedural_Sbs/Classic_Materials/Paper/paper_004.sbs
paper_005,.sbs,Other,no,yes,Substance_Database_2.1/Substance_Database_2.1_Procedural_Sbs,Substance_Database_2.1/Substance_Database_2.1_Procedural_Sbs/Classic_Materials/Paper/paper_005.sbs
paper_006,.sbs,Other,no,yes,Substance_Database_2.1/Substance_Database_2.1_Procedural_Sbs,Substance_Database_2.1/Substance_Database_2.1_Procedural_Sbs/Classic_Materials/Paper/paper_006.sbs
Paper_01,.sbs,Other,no,yes,Substance_Database_2.1/Substance_Database_2.1_Procedural_Sbs,Substance_Database_2.1/Substance_Database_2.1_Procedural_Sbs/Classic_Materials/Paper/Paper_01.sbs
Paper_02,.sbs,Other,no,yes,Substance_Database_2.1/Substance_Database_2.1_Procedural_Sbs,Substance_Database_2.1/Substance_Database_2.1_Procedural_Sbs/Classic_Materials/Paper/Paper_02.sbs
Concrete_Pavement,.sbs,Concrete/Plaster,no,yes,Substance_Database_2.1/Substance_Database_2.1_Procedural_Sbs [autosave copy],Substance_Database_2.1/Substance_Database_2.1_Procedural_Sbs/Classic_Materials/Pavement/.autosave/Concrete_Pavement.sbs
Concrete_Pavement_0,.sbs,Concrete/Plaster,no,yes,Substance_Database_2.1/Substance_Database_2.1_Procedural_Sbs [autosave copy],Substance_Database_2.1/Substance_Database_2.1_Procedural_Sbs/Classic_Materials/Pavement/.autosave/Concrete_Pavement_0.sbs
Pavement_02,.sbs,Pavement/Tiles/Floor,no,yes,Substance_Database_2.1/Substance_Database_2.1_Procedural_Sbs [autosave copy],Substance_Database_2.1/Substance_Database_2.1_Procedural_Sbs/Classic_Materials/Pavement/.autosave/Pavement_02.sbs
Pavement_02_0,.sbs,Pavement/Tiles/Floor,no,yes,Substance_Database_2.1/Substance_Database_2.1_Procedural_Sbs [autosave copy],Substance_Database_2.1/Substance_Database_2.1_Procedural_Sbs/Classic_Materials/Pavement/.autosave/Pavement_02_0.sbs
Rock_Pavement_01,.sbs,Pavement/Tiles/Floor,no,yes,Substance_Database_2.1/Substance_Database_2.1_Procedural_Sbs [autosave copy],Substance_Database_2.1/Substance_Database_2.1_Procedural_Sbs/Classic_Materials/Pavement/.autosave/Rock_Pavement_01.sbs
Rock_Pavement_01_0,.sbs,Pavement/Tiles/Floor,no,yes,Substance_Database_2.1/Substance_Database_2.1_Procedural_Sbs [autosave copy],Substance_Database_2.1/Substance_Database_2.1_Procedural_Sbs/Classic_Materials/Pavement/.autosave/Rock_Pavement_01_0.sbs
Stone_Tiles_03,.sbs,Pavement/Tiles/Floor,no,yes,Substance_Database_2.1/Substance_Database_2.1_Procedural_Sbs [autosave copy],Substance_Database_2.1/Substance_Database_2.1_Procedural_Sbs/Classic_Materials/Pavement/.autosave/Stone_Tiles_03.sbs
Stone_Tiles_03_0,.sbs,Pavement/Tiles/Floor,no,yes,Substance_Database_2.1/Substance_Database_2.1_Procedural_Sbs [autosave copy],Substance_Database_2.1/Substance_Database_2.1_Procedural_Sbs/Classic_Materials/Pavement/.autosave/Stone_Tiles_03_0.sbs
Concrete_Pavement,.sbs,Concrete/Plaster,no,yes,Substance_Database_2.1/Substance_Database_2.1_Procedural_Sbs,Substance_Database_2.1/Substance_Database_2.1_Procedural_Sbs/Classic_Materials/Pavement/Concrete_Pavement.sbs
Pavement_01,.sbs,Pavement/Tiles/Floor,no,yes,Substance_Database_2.1/Substance_Database_2.1_Procedural_Sbs,Substance_Database_2.1/Substance_Database_2.1_Procedural_Sbs/Classic_Materials/Pavement/Pavement_01.sbs
Pavement_02,.sbs,Pavement/Tiles/Floor,no,yes,Substance_Database_2.1/Substance_Database_2.1_Procedural_Sbs,Substance_Database_2.1/Substance_Database_2.1_Procedural_Sbs/Classic_Materials/Pavement/Pavement_02.sbs
Pavement_03,.sbs,Pavement/Tiles/Floor,no,yes,Substance_Database_2.1/Substance_Database_2.1_Procedural_Sbs,Substance_Database_2.1/Substance_Database_2.1_Procedural_Sbs/Classic_Materials/Pavement/Pavement_03.sbs
Pavement_04,.sbs,Pavement/Tiles/Floor,no,yes,Substance_Database_2.1/Substance_Database_2.1_Procedural_Sbs,Substance_Database_2.1/Substance_Database_2.1_Procedural_Sbs/Classic_Materials/Pavement/Pavement_04.sbs
Pavement_05,.sbs,Pavement/Tiles/Floor,no,yes,Substance_Database_2.1/Substance_Database_2.1_Procedural_Sbs,Substance_Database_2.1/Substance_Database_2.1_Procedural_Sbs/Classic_Materials/Pavement/Pavement_05.sbs
Pavement_06,.sbs,Pavement/Tiles/Floor,no,yes,Substance_Database_2.1/Substance_Database_2.1_Procedural_Sbs,Substance_Database_2.1/Substance_Database_2.1_Procedural_Sbs/Classic_Materials/Pavement/Pavement_06.sbs
Pavement_07,.sbs,Pavement/Tiles/Floor,no,yes,Substance_Database_2.1/Substance_Database_2.1_Procedural_Sbs,Substance_Database_2.1/Substance_Database_2.1_Procedural_Sbs/Classic_Materials/Pavement/Pavement_07.sbs
Pavement_Path,.sbs,Pavement/Tiles/Floor,no,yes,Substance_Database_2.1/Substance_Database_2.1_Procedural_Sbs,Substance_Database_2.1/Substance_Database_2.1_Procedural_Sbs/Classic_Materials/Pavement/Pavement_Path.sbs
rock_pavement_001,.sbs,Pavement/Tiles/Floor,no,yes,Substance_Database_2.1/Substance_Database_2.1_Procedural_Sbs,Substance_Database_2.1/Substance_Database_2.1_Procedural_Sbs/Classic_Materials/Pavement/rock_pavement_001.sbs
Rock_Pavement_01,.sbs,Pavement/Tiles/Floor,no,yes,Substance_Database_2.1/Substance_Database_2.1_Procedural_Sbs,Substance_Database_2.1/Substance_Database_2.1_Procedural_Sbs/Classic_Materials/Pavement/Rock_Pavement_01.sbs
Stone_Tiles_03,.sbs,Pavement/Tiles/Floor,no,yes,Substance_Database_2.1/Substance_Database_2.1_Procedural_Sbs,Substance_Database_2.1/Substance_Database_2.1_Procedural_Sbs/Classic_Materials/Pavement/Stone_Tiles_03.sbs
Cracked_Plaster,.sbs,Concrete/Plaster,no,yes,Substance_Database_2.1/Substance_Database_2.1_Procedural_Sbs,Substance_Database_2.1/Substance_Database_2.1_Procedural_Sbs/Classic_Materials/Plaster/Cracked_Plaster.sbs
Old_Plaster,.sbs,Concrete/Plaster,no,yes,Substance_Database_2.1/Substance_Database_2.1_Procedural_Sbs,Substance_Database_2.1/Substance_Database_2.1_Procedural_Sbs/Classic_Materials/Plaster/Old_Plaster.sbs
Painted_Wall,.sbs,Brick/Masonry/Wall,no,yes,Substance_Database_2.1/Substance_Database_2.1_Procedural_Sbs,Substance_Database_2.1/Substance_Database_2.1_Procedural_Sbs/Classic_Materials/Plaster/Painted_Wall.sbs
Rotten_Wall_01,.sbs,Brick/Masonry/Wall,no,yes,Substance_Database_2.1/Substance_Database_2.1_Procedural_Sbs,Substance_Database_2.1/Substance_Database_2.1_Procedural_Sbs/Classic_Materials/Plaster/Rotten_Wall_01.sbs
Rotten_Wall_02,.sbs,Brick/Masonry/Wall,no,yes,Substance_Database_2.1/Substance_Database_2.1_Procedural_Sbs,Substance_Database_2.1/Substance_Database_2.1_Procedural_Sbs/Classic_Materials/Plaster/Rotten_Wall_02.sbs
Stucco_01,.sbs,Concrete/Plaster,no,yes,Substance_Database_2.1/Substance_Database_2.1_Procedural_Sbs,Substance_Database_2.1/Substance_Database_2.1_Procedural_Sbs/Classic_Materials/Plaster/Stucco_01.sbs
Road_01,.sbs,Pavement/Tiles/Floor,no,yes,Substance_Database_2.1/Substance_Database_2.1_Procedural_Sbs,Substance_Database_2.1/Substance_Database_2.1_Procedural_Sbs/Classic_Materials/Roads/Road_01.sbs
Road_02,.sbs,Pavement/Tiles/Floor,no,yes,Substance_Database_2.1/Substance_Database_2.1_Procedural_Sbs,Substance_Database_2.1/Substance_Database_2.1_Procedural_Sbs/Classic_Materials/Roads/Road_02.sbs
Road_Tarmac_01,.sbs,Pavement/Tiles/Floor,no,yes,Substance_Database_2.1/Substance_Database_2.1_Procedural_Sbs,Substance_Database_2.1/Substance_Database_2.1_Procedural_Sbs/Classic_Materials/Roads/Road_Tarmac_01.sbs
Roof_Base,.sbs,Pavement/Tiles/Floor,no,yes,Substance_Database_2.1/Substance_Database_2.1_Procedural_Sbs,Substance_Database_2.1/Substance_Database_2.1_Procedural_Sbs/Classic_Materials/Roofing/Roof_Base.sbs
Roof_Ceramic,.sbs,Pavement/Tiles/Floor,no,yes,Substance_Database_2.1/Substance_Database_2.1_Procedural_Sbs,Substance_Database_2.1/Substance_Database_2.1_Procedural_Sbs/Classic_Materials/Roofing/Roof_Ceramic.sbs
Roof_Quarry_Tile,.sbs,Pavement/Tiles/Floor,no,yes,Substance_Database_2.1/Substance_Database_2.1_Procedural_Sbs,Substance_Database_2.1/Substance_Database_2.1_Procedural_Sbs/Classic_Materials/Roofing/Roof_Quarry_Tile.sbs
Roof_Tiles,.sbs,Pavement/Tiles/Floor,no,yes,Substance_Database_2.1/Substance_Database_2.1_Procedural_Sbs,Substance_Database_2.1/Substance_Database_2.1_Procedural_Sbs/Classic_Materials/Roofing/Roof_Tiles.sbs
roofing_001,.sbs,Pavement/Tiles/Floor,no,yes,Substance_Database_2.1/Substance_Database_2.1_Procedural_Sbs,Substance_Database_2.1/Substance_Database_2.1_Procedural_Sbs/Classic_Materials/Roofing/roofing_001.sbs
roofing_002,.sbs,Pavement/Tiles/Floor,no,yes,Substance_Database_2.1/Substance_Database_2.1_Procedural_Sbs,Substance_Database_2.1/Substance_Database_2.1_Procedural_Sbs/Classic_Materials/Roofing/roofing_002.sbs
roofing_003,.sbs,Pavement/Tiles/Floor,no,yes,Substance_Database_2.1/Substance_Database_2.1_Procedural_Sbs,Substance_Database_2.1/Substance_Database_2.1_Procedural_Sbs/Classic_Materials/Roofing/roofing_003.sbs
roofing_004,.sbs,Pavement/Tiles/Floor,no,yes,Substance_Database_2.1/Substance_Database_2.1_Procedural_Sbs,Substance_Database_2.1/Substance_Database_2.1_Procedural_Sbs/Classic_Materials/Roofing/roofing_004.sbs
roofing_005,.sbs,Pavement/Tiles/Floor,no,yes,Substance_Database_2.1/Substance_Database_2.1_Procedural_Sbs,Substance_Database_2.1/Substance_Database_2.1_Procedural_Sbs/Classic_Materials/Roofing/roofing_005.sbs
roofing_006,.sbs,Pavement/Tiles/Floor,no,yes,Substance_Database_2.1/Substance_Database_2.1_Procedural_Sbs,Substance_Database_2.1/Substance_Database_2.1_Procedural_Sbs/Classic_Materials/Roofing/roofing_006.sbs
roofing_007,.sbs,Pavement/Tiles/Floor,no,yes,Substance_Database_2.1/Substance_Database_2.1_Procedural_Sbs,Substance_Database_2.1/Substance_Database_2.1_Procedural_Sbs/Classic_Materials/Roofing/roofing_007.sbs
roofing_008,.sbs,Pavement/Tiles/Floor,no,yes,Substance_Database_2.1/Substance_Database_2.1_Procedural_Sbs,Substance_Database_2.1/Substance_Database_2.1_Procedural_Sbs/Classic_Materials/Roofing/roofing_008.sbs
roofing_009,.sbs,Pavement/Tiles/Floor,no,yes,Substance_Database_2.1/Substance_Database_2.1_Procedural_Sbs,Substance_Database_2.1/Substance_Database_2.1_Procedural_Sbs/Classic_Materials/Roofing/roofing_009.sbs
roofing_010,.sbs,Pavement/Tiles/Floor,no,yes,Substance_Database_2.1/Substance_Database_2.1_Procedural_Sbs,Substance_Database_2.1/Substance_Database_2.1_Procedural_Sbs/Classic_Materials/Roofing/roofing_010.sbs
roofing_011,.sbs,Pavement/Tiles/Floor,no,yes,Substance_Database_2.1/Substance_Database_2.1_Procedural_Sbs,Substance_Database_2.1/Substance_Database_2.1_Procedural_Sbs/Classic_Materials/Roofing/roofing_011.sbs
roofing_012,.sbs,Pavement/Tiles/Floor,no,yes,Substance_Database_2.1/Substance_Database_2.1_Procedural_Sbs,Substance_Database_2.1/Substance_Database_2.1_Procedural_Sbs/Classic_Materials/Roofing/roofing_012.sbs
roofing_013,.sbs,Pavement/Tiles/Floor,no,yes,Substance_Database_2.1/Substance_Database_2.1_Procedural_Sbs,Substance_Database_2.1/Substance_Database_2.1_Procedural_Sbs/Classic_Materials/Roofing/roofing_013.sbs
roofing_014,.sbs,Pavement/Tiles/Floor,no,yes,Substance_Database_2.1/Substance_Database_2.1_Procedural_Sbs,Substance_Database_2.1/Substance_Database_2.1_Procedural_Sbs/Classic_Materials/Roofing/roofing_014.sbs
Slate_Tiles,.sbs,Pavement/Tiles/Floor,no,yes,Substance_Database_2.1/Substance_Database_2.1_Procedural_Sbs,Substance_Database_2.1/Substance_Database_2.1_Procedural_Sbs/Classic_Materials/Roofing/Slate_Tiles.sbs
bricks_035,.sbs,Brick/Masonry/Wall,no,yes,Substance_Database_2.1/Substance_Database_2.1_Procedural_Sbs,Substance_Database_2.1/Substance_Database_2.1_Procedural_Sbs/Classic_Materials/Runtime/bricks_035.sbs
BrickWall_06,.sbs,Brick/Masonry/Wall,no,yes,Substance_Database_2.1/Substance_Database_2.1_Procedural_Sbs,Substance_Database_2.1/Substance_Database_2.1_Procedural_Sbs/Classic_Materials/Runtime/BrickWall_06.sbs
BrickWall_07,.sbs,Brick/Masonry/Wall,no,yes,Substance_Database_2.1/Substance_Database_2.1_Procedural_Sbs,Substance_Database_2.1/Substance_Database_2.1_Procedural_Sbs/Classic_Materials/Runtime/BrickWall_07.sbs
Cartoon_Tile_01,.sbs,Stylized,yes,yes,Substance_Database_2.1/Substance_Database_2.1_Procedural_Sbs,Substance_Database_2.1/Substance_Database_2.1_Procedural_Sbs/Classic_Materials/Runtime/Cartoon_Tile_01.sbs
Lighting,.sbs,Other,no,yes,Substance_Database_2.1/Substance_Database_2.1_Procedural_Sbs [embedded in .resources],Substance_Database_2.1/Substance_Database_2.1_Procedural_Sbs/Classic_Materials/Runtime/Cartoon_tile_02.resources/Lighting.sbs
Cartoon_tile_02,.sbs,Stylized,yes,yes,Substance_Database_2.1/Substance_Database_2.1_Procedural_Sbs,Substance_Database_2.1/Substance_Database_2.1_Procedural_Sbs/Classic_Materials/Runtime/Cartoon_tile_02.sbs
Lighting,.sbs,Other,no,yes,Substance_Database_2.1/Substance_Database_2.1_Procedural_Sbs [embedded in .resources],Substance_Database_2.1/Substance_Database_2.1_Procedural_Sbs/Classic_Materials/Runtime/Cartoon_tile_03.resources/Lighting.sbs
Cartoon_tile_03,.sbs,Stylized,yes,yes,Substance_Database_2.1/Substance_Database_2.1_Procedural_Sbs,Substance_Database_2.1/Substance_Database_2.1_Procedural_Sbs/Classic_Materials/Runtime/Cartoon_tile_03.sbs
Lighting,.sbs,Other,no,yes,Substance_Database_2.1/Substance_Database_2.1_Procedural_Sbs [embedded in .resources],Substance_Database_2.1/Substance_Database_2.1_Procedural_Sbs/Classic_Materials/Runtime/Cartoon_tile_04.resources/Lighting.sbs
Cartoon_tile_04,.sbs,Stylized,yes,yes,Substance_Database_2.1/Substance_Database_2.1_Procedural_Sbs,Substance_Database_2.1/Substance_Database_2.1_Procedural_Sbs/Classic_Materials/Runtime/Cartoon_tile_04.sbs
concrete_063,.sbs,Concrete/Plaster,no,yes,Substance_Database_2.1/Substance_Database_2.1_Procedural_Sbs,Substance_Database_2.1/Substance_Database_2.1_Procedural_Sbs/Classic_Materials/Runtime/concrete_063.sbs
concrete_064,.sbs,Concrete/Plaster,no,yes,Substance_Database_2.1/Substance_Database_2.1_Procedural_Sbs,Substance_Database_2.1/Substance_Database_2.1_Procedural_Sbs/Classic_Materials/Runtime/concrete_064.sbs
concrete_065,.sbs,Concrete/Plaster,no,yes,Substance_Database_2.1/Substance_Database_2.1_Procedural_Sbs,Substance_Database_2.1/Substance_Database_2.1_Procedural_Sbs/Classic_Materials/Runtime/concrete_065.sbs
concrete_066,.sbs,Concrete/Plaster,no,yes,Substance_Database_2.1/Substance_Database_2.1_Procedural_Sbs,Substance_Database_2.1/Substance_Database_2.1_Procedural_Sbs/Classic_Materials/Runtime/concrete_066.sbs
concrete_067,.sbs,Concrete/Plaster,no,yes,Substance_Database_2.1/Substance_Database_2.1_Procedural_Sbs,Substance_Database_2.1/Substance_Database_2.1_Procedural_Sbs/Classic_Materials/Runtime/concrete_067.sbs
concrete_068,.sbs,Concrete/Plaster,no,yes,Substance_Database_2.1/Substance_Database_2.1_Procedural_Sbs,Substance_Database_2.1/Substance_Database_2.1_Procedural_Sbs/Classic_Materials/Runtime/concrete_068.sbs
concrete_069,.sbs,Concrete/Plaster,no,yes,Substance_Database_2.1/Substance_Database_2.1_Procedural_Sbs,Substance_Database_2.1/Substance_Database_2.1_Procedural_Sbs/Classic_Materials/Runtime/concrete_069.sbs
concrete_070,.sbs,Concrete/Plaster,no,yes,Substance_Database_2.1/Substance_Database_2.1_Procedural_Sbs,Substance_Database_2.1/Substance_Database_2.1_Procedural_Sbs/Classic_Materials/Runtime/concrete_070.sbs
concrete_071,.sbs,Concrete/Plaster,no,yes,Substance_Database_2.1/Substance_Database_2.1_Procedural_Sbs,Substance_Database_2.1/Substance_Database_2.1_Procedural_Sbs/Classic_Materials/Runtime/concrete_071.sbs
concrete_072,.sbs,Concrete/Plaster,no,yes,Substance_Database_2.1/Substance_Database_2.1_Procedural_Sbs,Substance_Database_2.1/Substance_Database_2.1_Procedural_Sbs/Classic_Materials/Runtime/concrete_072.sbs
concrete_073,.sbs,Concrete/Plaster,no,yes,Substance_Database_2.1/Substance_Database_2.1_Procedural_Sbs,Substance_Database_2.1/Substance_Database_2.1_Procedural_Sbs/Classic_Materials/Runtime/concrete_073.sbs
concrete_074,.sbs,Concrete/Plaster,no,yes,Substance_Database_2.1/Substance_Database_2.1_Procedural_Sbs,Substance_Database_2.1/Substance_Database_2.1_Procedural_Sbs/Classic_Materials/Runtime/concrete_074.sbs
concrete_075,.sbs,Concrete/Plaster,no,yes,Substance_Database_2.1/Substance_Database_2.1_Procedural_Sbs,Substance_Database_2.1/Substance_Database_2.1_Procedural_Sbs/Classic_Materials/Runtime/concrete_075.sbs
concrete_076,.sbs,Concrete/Plaster,no,yes,Substance_Database_2.1/Substance_Database_2.1_Procedural_Sbs,Substance_Database_2.1/Substance_Database_2.1_Procedural_Sbs/Classic_Materials/Runtime/concrete_076.sbs
concrete_077,.sbs,Concrete/Plaster,no,yes,Substance_Database_2.1/Substance_Database_2.1_Procedural_Sbs,Substance_Database_2.1/Substance_Database_2.1_Procedural_Sbs/Classic_Materials/Runtime/concrete_077.sbs
concrete_078,.sbs,Concrete/Plaster,no,yes,Substance_Database_2.1/Substance_Database_2.1_Procedural_Sbs,Substance_Database_2.1/Substance_Database_2.1_Procedural_Sbs/Classic_Materials/Runtime/concrete_078.sbs
concrete_079,.sbs,Concrete/Plaster,no,yes,Substance_Database_2.1/Substance_Database_2.1_Procedural_Sbs,Substance_Database_2.1/Substance_Database_2.1_Procedural_Sbs/Classic_Materials/Runtime/concrete_079.sbs
concrete_080,.sbs,Concrete/Plaster,no,yes,Substance_Database_2.1/Substance_Database_2.1_Procedural_Sbs,Substance_Database_2.1/Substance_Database_2.1_Procedural_Sbs/Classic_Materials/Runtime/concrete_080.sbs
concrete_081,.sbs,Concrete/Plaster,no,yes,Substance_Database_2.1/Substance_Database_2.1_Procedural_Sbs,Substance_Database_2.1/Substance_Database_2.1_Procedural_Sbs/Classic_Materials/Runtime/concrete_081.sbs
concrete_082,.sbs,Concrete/Plaster,no,yes,Substance_Database_2.1/Substance_Database_2.1_Procedural_Sbs,Substance_Database_2.1/Substance_Database_2.1_Procedural_Sbs/Classic_Materials/Runtime/concrete_082.sbs
Crocodile_Skin,.sbs,Organic/Nature,no,yes,Substance_Database_2.1/Substance_Database_2.1_Procedural_Sbs,Substance_Database_2.1/Substance_Database_2.1_Procedural_Sbs/Classic_Materials/Runtime/Crocodile_Skin.sbs
denim_002,.sbs,Fabric/Leather,no,yes,Substance_Database_2.1/Substance_Database_2.1_Procedural_Sbs,Substance_Database_2.1/Substance_Database_2.1_Procedural_Sbs/Classic_Materials/Runtime/denim_002.sbs
denim_003,.sbs,Fabric/Leather,no,yes,Substance_Database_2.1/Substance_Database_2.1_Procedural_Sbs,Substance_Database_2.1/Substance_Database_2.1_Procedural_Sbs/Classic_Materials/Runtime/denim_003.sbs
Eye,.sbs,Other,no,yes,Substance_Database_2.1/Substance_Database_2.1_Procedural_Sbs,Substance_Database_2.1/Substance_Database_2.1_Procedural_Sbs/Classic_Materials/Runtime/Eye.sbs
fabric_025,.sbs,Fabric/Leather,no,yes,Substance_Database_2.1/Substance_Database_2.1_Procedural_Sbs,Substance_Database_2.1/Substance_Database_2.1_Procedural_Sbs/Classic_Materials/Runtime/fabric_025.sbs
fabric_026,.sbs,Fabric/Leather,no,yes,Substance_Database_2.1/Substance_Database_2.1_Procedural_Sbs,Substance_Database_2.1/Substance_Database_2.1_Procedural_Sbs/Classic_Materials/Runtime/fabric_026.sbs
fabric_027,.sbs,Fabric/Leather,no,yes,Substance_Database_2.1/Substance_Database_2.1_Procedural_Sbs,Substance_Database_2.1/Substance_Database_2.1_Procedural_Sbs/Classic_Materials/Runtime/fabric_027.sbs
fabric_028,.sbs,Fabric/Leather,no,yes,Substance_Database_2.1/Substance_Database_2.1_Procedural_Sbs,Substance_Database_2.1/Substance_Database_2.1_Procedural_Sbs/Classic_Materials/Runtime/fabric_028.sbs
fabric_029,.sbs,Fabric/Leather,no,yes,Substance_Database_2.1/Substance_Database_2.1_Procedural_Sbs,Substance_Database_2.1/Substance_Database_2.1_Procedural_Sbs/Classic_Materials/Runtime/fabric_029.sbs
fabric_030,.sbs,Fabric/Leather,no,yes,Substance_Database_2.1/Substance_Database_2.1_Procedural_Sbs,Substance_Database_2.1/Substance_Database_2.1_Procedural_Sbs/Classic_Materials/Runtime/fabric_030.sbs
fabric_031,.sbs,Fabric/Leather,no,yes,Substance_Database_2.1/Substance_Database_2.1_Procedural_Sbs,Substance_Database_2.1/Substance_Database_2.1_Procedural_Sbs/Classic_Materials/Runtime/fabric_031.sbs
fabric_032,.sbs,Fabric/Leather,no,yes,Substance_Database_2.1/Substance_Database_2.1_Procedural_Sbs,Substance_Database_2.1/Substance_Database_2.1_Procedural_Sbs/Classic_Materials/Runtime/fabric_032.sbs
fabric_033,.sbs,Fabric/Leather,no,yes,Substance_Database_2.1/Substance_Database_2.1_Procedural_Sbs,Substance_Database_2.1/Substance_Database_2.1_Procedural_Sbs/Classic_Materials/Runtime/fabric_033.sbs
fabric_034,.sbs,Fabric/Leather,no,yes,Substance_Database_2.1/Substance_Database_2.1_Procedural_Sbs,Substance_Database_2.1/Substance_Database_2.1_Procedural_Sbs/Classic_Materials/Runtime/fabric_034.sbs
fabric_035,.sbs,Fabric/Leather,no,yes,Substance_Database_2.1/Substance_Database_2.1_Procedural_Sbs,Substance_Database_2.1/Substance_Database_2.1_Procedural_Sbs/Classic_Materials/Runtime/fabric_035.sbs
fabric_036,.sbs,Fabric/Leather,no,yes,Substance_Database_2.1/Substance_Database_2.1_Procedural_Sbs,Substance_Database_2.1/Substance_Database_2.1_Procedural_Sbs/Classic_Materials/Runtime/fabric_036.sbs
fabric_037,.sbs,Fabric/Leather,no,yes,Substance_Database_2.1/Substance_Database_2.1_Procedural_Sbs,Substance_Database_2.1/Substance_Database_2.1_Procedural_Sbs/Classic_Materials/Runtime/fabric_037.sbs
fabric_038,.sbs,Fabric/Leather,no,yes,Substance_Database_2.1/Substance_Database_2.1_Procedural_Sbs,Substance_Database_2.1/Substance_Database_2.1_Procedural_Sbs/Classic_Materials/Runtime/fabric_038.sbs
fabric_039,.sbs,Fabric/Leather,no,yes,Substance_Database_2.1/Substance_Database_2.1_Procedural_Sbs,Substance_Database_2.1/Substance_Database_2.1_Procedural_Sbs/Classic_Materials/Runtime/fabric_039.sbs
Dirt,.sbs,Ground/Soil/Sand/Gravel,no,yes,Substance_Database_2.1/Substance_Database_2.1_Procedural_Sbs [embedded in .resources],Substance_Database_2.1/Substance_Database_2.1_Procedural_Sbs/Classic_Materials/Runtime/Fabric_Canvas.resources/Dirt.sbs
Fabric_Canvas,.sbs,Fabric/Leather,no,yes,Substance_Database_2.1/Substance_Database_2.1_Procedural_Sbs,Substance_Database_2.1/Substance_Database_2.1_Procedural_Sbs/Classic_Materials/Runtime/Fabric_Canvas.sbs
Lighting,.sbs,Other,no,yes,Substance_Database_2.1/Substance_Database_2.1_Procedural_Sbs [embedded in .resources],Substance_Database_2.1/Substance_Database_2.1_Procedural_Sbs/Classic_Materials/Runtime/Fabric_Denim.resources/Lighting.sbs
Fabric_Denim,.sbs,Fabric/Leather,no,yes,Substance_Database_2.1/Substance_Database_2.1_Procedural_Sbs,Substance_Database_2.1/Substance_Database_2.1_Procedural_Sbs/Classic_Materials/Runtime/Fabric_Denim.sbs
Dirt,.sbs,Ground/Soil/Sand/Gravel,no,yes,Substance_Database_2.1/Substance_Database_2.1_Procedural_Sbs [embedded in .resources],Substance_Database_2.1/Substance_Database_2.1_Procedural_Sbs/Classic_Materials/Runtime/Fabric_Knitted.resources/Dirt.sbs
Lighting,.sbs,Other,no,yes,Substance_Database_2.1/Substance_Database_2.1_Procedural_Sbs [embedded in .resources],Substance_Database_2.1/Substance_Database_2.1_Procedural_Sbs/Classic_Materials/Runtime/Fabric_Knitted.resources/Lighting.sbs
Fabric_Knitted,.sbs,Fabric/Leather,no,yes,Substance_Database_2.1/Substance_Database_2.1_Procedural_Sbs,Substance_Database_2.1/Substance_Database_2.1_Procedural_Sbs/Classic_Materials/Runtime/Fabric_Knitted.sbs
Fabric_Knitted_Wool,.sbs,Fabric/Leather,no,yes,Substance_Database_2.1/Substance_Database_2.1_Procedural_Sbs,Substance_Database_2.1/Substance_Database_2.1_Procedural_Sbs/Classic_Materials/Runtime/Fabric_Knitted_Wool.sbs
Dirt,.sbs,Ground/Soil/Sand/Gravel,no,yes,Substance_Database_2.1/Substance_Database_2.1_Procedural_Sbs [embedded in .resources],Substance_Database_2.1/Substance_Database_2.1_Procedural_Sbs/Classic_Materials/Runtime/Fabric_Military.resources/Dirt.sbs
Lighting,.sbs,Other,no,yes,Substance_Database_2.1/Substance_Database_2.1_Procedural_Sbs [embedded in .resources],Substance_Database_2.1/Substance_Database_2.1_Procedural_Sbs/Classic_Materials/Runtime/Fabric_Military.resources/Lighting.sbs
Fabric_Military,.sbs,Fabric/Leather,no,yes,Substance_Database_2.1/Substance_Database_2.1_Procedural_Sbs,Substance_Database_2.1/Substance_Database_2.1_Procedural_Sbs/Classic_Materials/Runtime/Fabric_Military.sbs
Dirt,.sbs,Ground/Soil/Sand/Gravel,no,yes,Substance_Database_2.1/Substance_Database_2.1_Procedural_Sbs [embedded in .resources],Substance_Database_2.1/Substance_Database_2.1_Procedural_Sbs/Classic_Materials/Runtime/Fabric_Pants01.resources/Dirt.sbs
Lighting,.sbs,Other,no,yes,Substance_Database_2.1/Substance_Database_2.1_Procedural_Sbs [embedded in .resources],Substance_Database_2.1/Substance_Database_2.1_Procedural_Sbs/Classic_Materials/Runtime/Fabric_Pants01.resources/Lighting.sbs
Fabric_Pants01,.sbs,Fabric/Leather,no,yes,Substance_Database_2.1/Substance_Database_2.1_Procedural_Sbs,Substance_Database_2.1/Substance_Database_2.1_Procedural_Sbs/Classic_Materials/Runtime/Fabric_Pants01.sbs
Dirt,.sbs,Ground/Soil/Sand/Gravel,no,yes,Substance_Database_2.1/Substance_Database_2.1_Procedural_Sbs [embedded in .resources],Substance_Database_2.1/Substance_Database_2.1_Procedural_Sbs/Classic_Materials/Runtime/Fabric_Polo01.resources/Dirt.sbs
Lighting,.sbs,Other,no,yes,Substance_Database_2.1/Substance_Database_2.1_Procedural_Sbs [embedded in .resources],Substance_Database_2.1/Substance_Database_2.1_Procedural_Sbs/Classic_Materials/Runtime/Fabric_Polo01.resources/Lighting.sbs
Fabric_Polo01,.sbs,Fabric/Leather,no,yes,Substance_Database_2.1/Substance_Database_2.1_Procedural_Sbs,Substance_Database_2.1/Substance_Database_2.1_Procedural_Sbs/Classic_Materials/Runtime/Fabric_Polo01.sbs
Dirt,.sbs,Ground/Soil/Sand/Gravel,no,yes,Substance_Database_2.1/Substance_Database_2.1_Procedural_Sbs [embedded in .resources],Substance_Database_2.1/Substance_Database_2.1_Procedural_Sbs/Classic_Materials/Runtime/Fabric_Polo02.resources/Dirt.sbs
Lighting,.sbs,Other,no,yes,Substance_Database_2.1/Substance_Database_2.1_Procedural_Sbs [embedded in .resources],Substance_Database_2.1/Substance_Database_2.1_Procedural_Sbs/Classic_Materials/Runtime/Fabric_Polo02.resources/Lighting.sbs
Fabric_Polo02,.sbs,Fabric/Leather,no,yes,Substance_Database_2.1/Substance_Database_2.1_Procedural_Sbs,Substance_Database_2.1/Substance_Database_2.1_Procedural_Sbs/Classic_Materials/Runtime/Fabric_Polo02.sbs
Dirt,.sbs,Ground/Soil/Sand/Gravel,no,yes,Substance_Database_2.1/Substance_Database_2.1_Procedural_Sbs [embedded in .resources],Substance_Database_2.1/Substance_Database_2.1_Procedural_Sbs/Classic_Materials/Runtime/Fabric_Rugged.resources/Dirt.sbs
Lighting,.sbs,Other,no,yes,Substance_Database_2.1/Substance_Database_2.1_Procedural_Sbs [embedded in .resources],Substance_Database_2.1/Substance_Database_2.1_Procedural_Sbs/Classic_Materials/Runtime/Fabric_Rugged.resources/Lighting.sbs
Fabric_Rugged,.sbs,Fabric/Leather,no,yes,Substance_Database_2.1/Substance_Database_2.1_Procedural_Sbs,Substance_Database_2.1/Substance_Database_2.1_Procedural_Sbs/Classic_Materials/Runtime/Fabric_Rugged.sbs
Creases,.sbs,Other,no,yes,Substance_Database_2.1/Substance_Database_2.1_Procedural_Sbs [embedded in .resources],Substance_Database_2.1/Substance_Database_2.1_Procedural_Sbs/Classic_Materials/Runtime/Fabric_Shirt01.resources/Creases.sbs
Dirt,.sbs,Ground/Soil/Sand/Gravel,no,yes,Substance_Database_2.1/Substance_Database_2.1_Procedural_Sbs [embedded in .resources],Substance_Database_2.1/Substance_Database_2.1_Procedural_Sbs/Classic_Materials/Runtime/Fabric_Shirt01.resources/Dirt.sbs
Lighting,.sbs,Other,no,yes,Substance_Database_2.1/Substance_Database_2.1_Procedural_Sbs [embedded in .resources],Substance_Database_2.1/Substance_Database_2.1_Procedural_Sbs/Classic_Materials/Runtime/Fabric_Shirt01.resources/Lighting.sbs
Fabric_Shirt01,.sbs,Fabric/Leather,no,yes,Substance_Database_2.1/Substance_Database_2.1_Procedural_Sbs,Substance_Database_2.1/Substance_Database_2.1_Procedural_Sbs/Classic_Materials/Runtime/Fabric_Shirt01.sbs
Dirt,.sbs,Ground/Soil/Sand/Gravel,no,yes,Substance_Database_2.1/Substance_Database_2.1_Procedural_Sbs [embedded in .resources],Substance_Database_2.1/Substance_Database_2.1_Procedural_Sbs/Classic_Materials/Runtime/Fabric_Shirt02.resources/Dirt.sbs
Lighting,.sbs,Other,no,yes,Substance_Database_2.1/Substance_Database_2.1_Procedural_Sbs [embedded in .resources],Substance_Database_2.1/Substance_Database_2.1_Procedural_Sbs/Classic_Materials/Runtime/Fabric_Shirt02.resources/Lighting.sbs
Fabric_Shirt02,.sbs,Fabric/Leather,no,yes,Substance_Database_2.1/Substance_Database_2.1_Procedural_Sbs,Substance_Database_2.1/Substance_Database_2.1_Procedural_Sbs/Classic_Materials/Runtime/Fabric_Shirt02.sbs
Dirt,.sbs,Ground/Soil/Sand/Gravel,no,yes,Substance_Database_2.1/Substance_Database_2.1_Procedural_Sbs [embedded in .resources],Substance_Database_2.1/Substance_Database_2.1_Procedural_Sbs/Classic_Materials/Runtime/Fabric_Shirt03.resources/Dirt.sbs
Lighting,.sbs,Other,no,yes,Substance_Database_2.1/Substance_Database_2.1_Procedural_Sbs [embedded in .resources],Substance_Database_2.1/Substance_Database_2.1_Procedural_Sbs/Classic_Materials/Runtime/Fabric_Shirt03.resources/Lighting.sbs
Fabric_Shirt03,.sbs,Fabric/Leather,no,yes,Substance_Database_2.1/Substance_Database_2.1_Procedural_Sbs,Substance_Database_2.1/Substance_Database_2.1_Procedural_Sbs/Classic_Materials/Runtime/Fabric_Shirt03.sbs
Dirt,.sbs,Ground/Soil/Sand/Gravel,no,yes,Substance_Database_2.1/Substance_Database_2.1_Procedural_Sbs [embedded in .resources],Substance_Database_2.1/Substance_Database_2.1_Procedural_Sbs/Classic_Materials/Runtime/Fabric_Shirt04.resources/Dirt.sbs
Lighting,.sbs,Other,no,yes,Substance_Database_2.1/Substance_Database_2.1_Procedural_Sbs [embedded in .resources],Substance_Database_2.1/Substance_Database_2.1_Procedural_Sbs/Classic_Materials/Runtime/Fabric_Shirt04.resources/Lighting.sbs
Fabric_Shirt04,.sbs,Fabric/Leather,no,yes,Substance_Database_2.1/Substance_Database_2.1_Procedural_Sbs,Substance_Database_2.1/Substance_Database_2.1_Procedural_Sbs/Classic_Materials/Runtime/Fabric_Shirt04.sbs
Dirt,.sbs,Ground/Soil/Sand/Gravel,no,yes,Substance_Database_2.1/Substance_Database_2.1_Procedural_Sbs [embedded in .resources],Substance_Database_2.1/Substance_Database_2.1_Procedural_Sbs/Classic_Materials/Runtime/Fabric_Shirt05.resources/Dirt.sbs
Lighting,.sbs,Other,no,yes,Substance_Database_2.1/Substance_Database_2.1_Procedural_Sbs [embedded in .resources],Substance_Database_2.1/Substance_Database_2.1_Procedural_Sbs/Classic_Materials/Runtime/Fabric_Shirt05.resources/Lighting.sbs
Fabric_Shirt05,.sbs,Fabric/Leather,no,yes,Substance_Database_2.1/Substance_Database_2.1_Procedural_Sbs,Substance_Database_2.1/Substance_Database_2.1_Procedural_Sbs/Classic_Materials/Runtime/Fabric_Shirt05.sbs
Dirt,.sbs,Ground/Soil/Sand/Gravel,no,yes,Substance_Database_2.1/Substance_Database_2.1_Procedural_Sbs [embedded in .resources],Substance_Database_2.1/Substance_Database_2.1_Procedural_Sbs/Classic_Materials/Runtime/Fabric_Shirt_with_Square.resources/Dirt.sbs
Lighting,.sbs,Other,no,yes,Substance_Database_2.1/Substance_Database_2.1_Procedural_Sbs [embedded in .resources],Substance_Database_2.1/Substance_Database_2.1_Procedural_Sbs/Classic_Materials/Runtime/Fabric_Shirt_with_Square.resources/Lighting.sbs
Fabric_Shirt_with_Square,.sbs,Fabric/Leather,no,yes,Substance_Database_2.1/Substance_Database_2.1_Procedural_Sbs,Substance_Database_2.1/Substance_Database_2.1_Procedural_Sbs/Classic_Materials/Runtime/Fabric_Shirt_with_Square.sbs
Dirt,.sbs,Ground/Soil/Sand/Gravel,no,yes,Substance_Database_2.1/Substance_Database_2.1_Procedural_Sbs [embedded in .resources],Substance_Database_2.1/Substance_Database_2.1_Procedural_Sbs/Classic_Materials/Runtime/Fabric_Sweater.resources/Dirt.sbs
Lighting,.sbs,Other,no,yes,Substance_Database_2.1/Substance_Database_2.1_Procedural_Sbs [embedded in .resources],Substance_Database_2.1/Substance_Database_2.1_Procedural_Sbs/Classic_Materials/Runtime/Fabric_Sweater.resources/Lighting.sbs
Fabric_Sweater,.sbs,Fabric/Leather,no,yes,Substance_Database_2.1/Substance_Database_2.1_Procedural_Sbs,Substance_Database_2.1/Substance_Database_2.1_Procedural_Sbs/Classic_Materials/Runtime/Fabric_Sweater.sbs
Dirt,.sbs,Ground/Soil/Sand/Gravel,no,yes,Substance_Database_2.1/Substance_Database_2.1_Procedural_Sbs [embedded in .resources],Substance_Database_2.1/Substance_Database_2.1_Procedural_Sbs/Classic_Materials/Runtime/Fabric_Tshirt01.resources/Dirt.sbs
Dirt,.sbs,Ground/Soil/Sand/Gravel,no,yes,Substance_Database_2.1/Substance_Database_2.1_Procedural_Sbs [embedded in .resources],Substance_Database_2.1/Substance_Database_2.1_Procedural_Sbs/Classic_Materials/Runtime/Fabric_Tshirt01.resources/Fabric_Velvet02.resources/Dirt.sbs
Lighting,.sbs,Other,no,yes,Substance_Database_2.1/Substance_Database_2.1_Procedural_Sbs [embedded in .resources],Substance_Database_2.1/Substance_Database_2.1_Procedural_Sbs/Classic_Materials/Runtime/Fabric_Tshirt01.resources/Fabric_Velvet02.resources/Lighting.sbs
Fabric_Velvet02,.sbs,Fabric/Leather,no,yes,Substance_Database_2.1/Substance_Database_2.1_Procedural_Sbs [embedded in .resources],Substance_Database_2.1/Substance_Database_2.1_Procedural_Sbs/Classic_Materials/Runtime/Fabric_Tshirt01.resources/Fabric_Velvet02.sbs
Lighting,.sbs,Other,no,yes,Substance_Database_2.1/Substance_Database_2.1_Procedural_Sbs [embedded in .resources],Substance_Database_2.1/Substance_Database_2.1_Procedural_Sbs/Classic_Materials/Runtime/Fabric_Tshirt01.resources/Lighting.sbs
Fabric_Tshirt01,.sbs,Fabric/Leather,no,yes,Substance_Database_2.1/Substance_Database_2.1_Procedural_Sbs,Substance_Database_2.1/Substance_Database_2.1_Procedural_Sbs/Classic_Materials/Runtime/Fabric_Tshirt01.sbs
Dirt,.sbs,Ground/Soil/Sand/Gravel,no,yes,Substance_Database_2.1/Substance_Database_2.1_Procedural_Sbs [embedded in .resources],Substance_Database_2.1/Substance_Database_2.1_Procedural_Sbs/Classic_Materials/Runtime/Fabric_Tshirt02.resources/Dirt.sbs
Lighting,.sbs,Other,no,yes,Substance_Database_2.1/Substance_Database_2.1_Procedural_Sbs [embedded in .resources],Substance_Database_2.1/Substance_Database_2.1_Procedural_Sbs/Classic_Materials/Runtime/Fabric_Tshirt02.resources/Lighting.sbs
Fabric_Tshirt02,.sbs,Fabric/Leather,no,yes,Substance_Database_2.1/Substance_Database_2.1_Procedural_Sbs,Substance_Database_2.1/Substance_Database_2.1_Procedural_Sbs/Classic_Materials/Runtime/Fabric_Tshirt02.sbs
Lighting,.sbs,Other,no,yes,Substance_Database_2.1/Substance_Database_2.1_Procedural_Sbs [embedded in .resources],Substance_Database_2.1/Substance_Database_2.1_Procedural_Sbs/Classic_Materials/Runtime/Fabric_Velvet01.resources/Lighting.sbs
Fabric_Velvet01,.sbs,Fabric/Leather,no,yes,Substance_Database_2.1/Substance_Database_2.1_Procedural_Sbs,Substance_Database_2.1/Substance_Database_2.1_Procedural_Sbs/Classic_Materials/Runtime/Fabric_Velvet01.sbs
Dirt,.sbs,Ground/Soil/Sand/Gravel,no,yes,Substance_Database_2.1/Substance_Database_2.1_Procedural_Sbs [embedded in .resources],Substance_Database_2.1/Substance_Database_2.1_Procedural_Sbs/Classic_Materials/Runtime/Fabric_Velvet02.resources/Dirt.sbs
Lighting,.sbs,Other,no,yes,Substance_Database_2.1/Substance_Database_2.1_Procedural_Sbs [embedded in .resources],Substance_Database_2.1/Substance_Database_2.1_Procedural_Sbs/Classic_Materials/Runtime/Fabric_Velvet02.resources/Lighting.sbs
Fabric_Velvet02,.sbs,Fabric/Leather,no,yes,Substance_Database_2.1/Substance_Database_2.1_Procedural_Sbs,Substance_Database_2.1/Substance_Database_2.1_Procedural_Sbs/Classic_Materials/Runtime/Fabric_Velvet02.sbs
Lighting,.sbs,Other,no,yes,Substance_Database_2.1/Substance_Database_2.1_Procedural_Sbs [embedded in .resources],Substance_Database_2.1/Substance_Database_2.1_Procedural_Sbs/Classic_Materials/Runtime/Fabric_Wool_Fabric01.resources/Lighting.sbs
Fabric_Wool_Fabric01,.sbs,Fabric/Leather,no,yes,Substance_Database_2.1/Substance_Database_2.1_Procedural_Sbs,Substance_Database_2.1/Substance_Database_2.1_Procedural_Sbs/Classic_Materials/Runtime/Fabric_Wool_Fabric01.sbs
Lighting,.sbs,Other,no,yes,Substance_Database_2.1/Substance_Database_2.1_Procedural_Sbs [embedded in .resources],Substance_Database_2.1/Substance_Database_2.1_Procedural_Sbs/Classic_Materials/Runtime/Fabric_Wool_Fabric02.resources/Lighting.sbs
Fabric_Wool_Fabric02,.sbs,Fabric/Leather,no,yes,Substance_Database_2.1/Substance_Database_2.1_Procedural_Sbs,Substance_Database_2.1/Substance_Database_2.1_Procedural_Sbs/Classic_Materials/Runtime/Fabric_Wool_Fabric02.sbs
Galvanized_Metal,.sbs,Metal,no,yes,Substance_Database_2.1/Substance_Database_2.1_Procedural_Sbs,Substance_Database_2.1/Substance_Database_2.1_Procedural_Sbs/Classic_Materials/Runtime/Galvanized_Metal.sbs
ground_022,.sbs,Ground/Soil/Sand/Gravel,no,yes,Substance_Database_2.1/Substance_Database_2.1_Procedural_Sbs,Substance_Database_2.1/Substance_Database_2.1_Procedural_Sbs/Classic_Materials/Runtime/ground_022.sbs
ground_023,.sbs,Ground/Soil/Sand/Gravel,no,yes,Substance_Database_2.1/Substance_Database_2.1_Procedural_Sbs,Substance_Database_2.1/Substance_Database_2.1_Procedural_Sbs/Classic_Materials/Runtime/ground_023.sbs
ground_024,.sbs,Ground/Soil/Sand/Gravel,no,yes,Substance_Database_2.1/Substance_Database_2.1_Procedural_Sbs,Substance_Database_2.1/Substance_Database_2.1_Procedural_Sbs/Classic_Materials/Runtime/ground_024.sbs
ground_025,.sbs,Ground/Soil/Sand/Gravel,no,yes,Substance_Database_2.1/Substance_Database_2.1_Procedural_Sbs,Substance_Database_2.1/Substance_Database_2.1_Procedural_Sbs/Classic_Materials/Runtime/ground_025.sbs
ground_026,.sbs,Ground/Soil/Sand/Gravel,no,yes,Substance_Database_2.1/Substance_Database_2.1_Procedural_Sbs,Substance_Database_2.1/Substance_Database_2.1_Procedural_Sbs/Classic_Materials/Runtime/ground_026.sbs
ground_027,.sbs,Ground/Soil/Sand/Gravel,no,yes,Substance_Database_2.1/Substance_Database_2.1_Procedural_Sbs,Substance_Database_2.1/Substance_Database_2.1_Procedural_Sbs/Classic_Materials/Runtime/ground_027.sbs
ground_028,.sbs,Ground/Soil/Sand/Gravel,no,yes,Substance_Database_2.1/Substance_Database_2.1_Procedural_Sbs,Substance_Database_2.1/Substance_Database_2.1_Procedural_Sbs/Classic_Materials/Runtime/ground_028.sbs
ground_029,.sbs,Ground/Soil/Sand/Gravel,no,yes,Substance_Database_2.1/Substance_Database_2.1_Procedural_Sbs,Substance_Database_2.1/Substance_Database_2.1_Procedural_Sbs/Classic_Materials/Runtime/ground_029.sbs
Hair_001,.sbs,Organic/Nature,no,yes,Substance_Database_2.1/Substance_Database_2.1_Procedural_Sbs,Substance_Database_2.1/Substance_Database_2.1_Procedural_Sbs/Classic_Materials/Runtime/Hair_001.sbs
Hair_002,.sbs,Organic/Nature,no,yes,Substance_Database_2.1/Substance_Database_2.1_Procedural_Sbs,Substance_Database_2.1/Substance_Database_2.1_Procedural_Sbs/Classic_Materials/Runtime/Hair_002.sbs
Hair_003,.sbs,Organic/Nature,no,yes,Substance_Database_2.1/Substance_Database_2.1_Procedural_Sbs,Substance_Database_2.1/Substance_Database_2.1_Procedural_Sbs/Classic_Materials/Runtime/Hair_003.sbs
Leather_001,.sbs,Fabric/Leather,no,yes,Substance_Database_2.1/Substance_Database_2.1_Procedural_Sbs,Substance_Database_2.1/Substance_Database_2.1_Procedural_Sbs/Classic_Materials/Runtime/Leather_001.sbs
Leather_002,.sbs,Fabric/Leather,no,yes,Substance_Database_2.1/Substance_Database_2.1_Procedural_Sbs,Substance_Database_2.1/Substance_Database_2.1_Procedural_Sbs/Classic_Materials/Runtime/Leather_002.sbs
Leather_003,.sbs,Fabric/Leather,no,yes,Substance_Database_2.1/Substance_Database_2.1_Procedural_Sbs,Substance_Database_2.1/Substance_Database_2.1_Procedural_Sbs/Classic_Materials/Runtime/Leather_003.sbs
Creases,.sbs,Other,no,yes,Substance_Database_2.1/Substance_Database_2.1_Procedural_Sbs [embedded in .resources],Substance_Database_2.1/Substance_Database_2.1_Procedural_Sbs/Classic_Materials/Runtime/Leather_004.resources/Creases.sbs
Leather_004,.sbs,Fabric/Leather,no,yes,Substance_Database_2.1/Substance_Database_2.1_Procedural_Sbs,Substance_Database_2.1/Substance_Database_2.1_Procedural_Sbs/Classic_Materials/Runtime/Leather_004.sbs
Leather_005,.sbs,Fabric/Leather,no,yes,Substance_Database_2.1/Substance_Database_2.1_Procedural_Sbs,Substance_Database_2.1/Substance_Database_2.1_Procedural_Sbs/Classic_Materials/Runtime/Leather_005.sbs
Leather_006,.sbs,Fabric/Leather,no,yes,Substance_Database_2.1/Substance_Database_2.1_Procedural_Sbs,Substance_Database_2.1/Substance_Database_2.1_Procedural_Sbs/Classic_Materials/Runtime/Leather_006.sbs
Leather_Woven_001,.sbs,Fabric/Leather,no,yes,Substance_Database_2.1/Substance_Database_2.1_Procedural_Sbs,Substance_Database_2.1/Substance_Database_2.1_Procedural_Sbs/Classic_Materials/Runtime/Leather_Woven_001.sbs
Lips,.sbs,Other,no,yes,Substance_Database_2.1/Substance_Database_2.1_Procedural_Sbs,Substance_Database_2.1/Substance_Database_2.1_Procedural_Sbs/Classic_Materials/Runtime/Lips.sbs
pebbledash_001,.sbs,Concrete/Plaster,no,yes,Substance_Database_2.1/Substance_Database_2.1_Procedural_Sbs,Substance_Database_2.1/Substance_Database_2.1_Procedural_Sbs/Classic_Materials/Runtime/pebbledash_001.sbs
Road_03,.sbs,Pavement/Tiles/Floor,no,yes,Substance_Database_2.1/Substance_Database_2.1_Procedural_Sbs,Substance_Database_2.1/Substance_Database_2.1_Procedural_Sbs/Classic_Materials/Runtime/Road_03.sbs
roofing_015,.sbs,Other,no,yes,Substance_Database_2.1/Substance_Database_2.1_Procedural_Sbs,Substance_Database_2.1/Substance_Database_2.1_Procedural_Sbs/Classic_Materials/Runtime/roofing_015.sbs
Satin_001,.sbs,Fabric/Leather,no,yes,Substance_Database_2.1/Substance_Database_2.1_Procedural_Sbs,Substance_Database_2.1/Substance_Database_2.1_Procedural_Sbs/Classic_Materials/Runtime/Satin_001.sbs
Shoes_Leather,.sbs,Fabric/Leather,no,yes,Substance_Database_2.1/Substance_Database_2.1_Procedural_Sbs,Substance_Database_2.1/Substance_Database_2.1_Procedural_Sbs/Classic_Materials/Runtime/Shoes_Leather.sbs
Shoes_Turned_Leather,.sbs,Fabric/Leather,no,yes,Substance_Database_2.1/Substance_Database_2.1_Procedural_Sbs,Substance_Database_2.1/Substance_Database_2.1_Procedural_Sbs/Classic_Materials/Runtime/Shoes_Turned_Leather.sbs
Skin_Palette,.sbs,Organic/Nature,no,yes,Substance_Database_2.1/Substance_Database_2.1_Procedural_Sbs [embedded in .resources],Substance_Database_2.1/Substance_Database_2.1_Procedural_Sbs/Classic_Materials/Runtime/Skin_001.resources/Skin_Palette.sbs
Tattoo_Filter,.sbs,Generators/Utility,no,yes,Substance_Database_2.1/Substance_Database_2.1_Procedural_Sbs [embedded in .resources],Substance_Database_2.1/Substance_Database_2.1_Procedural_Sbs/Classic_Materials/Runtime/Skin_001.resources/Tattoo_Filter.sbs
Skin_001,.sbs,Organic/Nature,no,yes,Substance_Database_2.1/Substance_Database_2.1_Procedural_Sbs,Substance_Database_2.1/Substance_Database_2.1_Procedural_Sbs/Classic_Materials/Runtime/Skin_001.sbs
Skin_Palette,.sbs,Organic/Nature,no,yes,Substance_Database_2.1/Substance_Database_2.1_Procedural_Sbs [embedded in .resources],Substance_Database_2.1/Substance_Database_2.1_Procedural_Sbs/Classic_Materials/Runtime/Skin_002.resources/Skin_Palette.sbs
Tattoo_Filter,.sbs,Generators/Utility,no,yes,Substance_Database_2.1/Substance_Database_2.1_Procedural_Sbs [embedded in .resources],Substance_Database_2.1/Substance_Database_2.1_Procedural_Sbs/Classic_Materials/Runtime/Skin_002.resources/Tattoo_Filter.sbs
Skin_002,.sbs,Organic/Nature,no,yes,Substance_Database_2.1/Substance_Database_2.1_Procedural_Sbs,Substance_Database_2.1/Substance_Database_2.1_Procedural_Sbs/Classic_Materials/Runtime/Skin_002.sbs
Skin_Palette,.sbs,Organic/Nature,no,yes,Substance_Database_2.1/Substance_Database_2.1_Procedural_Sbs [embedded in .resources],Substance_Database_2.1/Substance_Database_2.1_Procedural_Sbs/Classic_Materials/Runtime/Skin_003.resources/Skin_Palette.sbs
Tattoo_Filter,.sbs,Generators/Utility,no,yes,Substance_Database_2.1/Substance_Database_2.1_Procedural_Sbs [embedded in .resources],Substance_Database_2.1/Substance_Database_2.1_Procedural_Sbs/Classic_Materials/Runtime/Skin_003.resources/Tattoo_Filter.sbs
Skin_003,.sbs,Organic/Nature,no,yes,Substance_Database_2.1/Substance_Database_2.1_Procedural_Sbs,Substance_Database_2.1/Substance_Database_2.1_Procedural_Sbs/Classic_Materials/Runtime/Skin_003.sbs
Skin_Palette,.sbs,Organic/Nature,no,yes,Substance_Database_2.1/Substance_Database_2.1_Procedural_Sbs [embedded in .resources],Substance_Database_2.1/Substance_Database_2.1_Procedural_Sbs/Classic_Materials/Runtime/Skin_004.resources/Skin_Palette.sbs
Tattoo_Filter,.sbs,Generators/Utility,no,yes,Substance_Database_2.1/Substance_Database_2.1_Procedural_Sbs [embedded in .resources],Substance_Database_2.1/Substance_Database_2.1_Procedural_Sbs/Classic_Materials/Runtime/Skin_004.resources/Tattoo_Filter.sbs
Skin_004,.sbs,Organic/Nature,no,yes,Substance_Database_2.1/Substance_Database_2.1_Procedural_Sbs,Substance_Database_2.1/Substance_Database_2.1_Procedural_Sbs/Classic_Materials/Runtime/Skin_004.sbs
Skin_Palette,.sbs,Organic/Nature,no,yes,Substance_Database_2.1/Substance_Database_2.1_Procedural_Sbs [embedded in .resources],Substance_Database_2.1/Substance_Database_2.1_Procedural_Sbs/Classic_Materials/Runtime/Skin_005.resources/Skin_Palette.sbs
Tattoo_Filter,.sbs,Generators/Utility,no,yes,Substance_Database_2.1/Substance_Database_2.1_Procedural_Sbs [embedded in .resources],Substance_Database_2.1/Substance_Database_2.1_Procedural_Sbs/Classic_Materials/Runtime/Skin_005.resources/Tattoo_Filter.sbs
Skin_005,.sbs,Organic/Nature,no,yes,Substance_Database_2.1/Substance_Database_2.1_Procedural_Sbs,Substance_Database_2.1/Substance_Database_2.1_Procedural_Sbs/Classic_Materials/Runtime/Skin_005.sbs
Skin_Palette,.sbs,Organic/Nature,no,yes,Substance_Database_2.1/Substance_Database_2.1_Procedural_Sbs [embedded in .resources],Substance_Database_2.1/Substance_Database_2.1_Procedural_Sbs/Classic_Materials/Runtime/Skin_006.resources/Skin_Palette.sbs
Tattoo_Filter,.sbs,Generators/Utility,no,yes,Substance_Database_2.1/Substance_Database_2.1_Procedural_Sbs [embedded in .resources],Substance_Database_2.1/Substance_Database_2.1_Procedural_Sbs/Classic_Materials/Runtime/Skin_006.resources/Tattoo_Filter.sbs
Skin_006,.sbs,Organic/Nature,no,yes,Substance_Database_2.1/Substance_Database_2.1_Procedural_Sbs,Substance_Database_2.1/Substance_Database_2.1_Procedural_Sbs/Classic_Materials/Runtime/Skin_006.sbs
stones_015,.sbs,Rock/Stone/Cliff,no,yes,Substance_Database_2.1/Substance_Database_2.1_Procedural_Sbs,Substance_Database_2.1/Substance_Database_2.1_Procedural_Sbs/Classic_Materials/Runtime/stones_015.sbs
tiles_031,.sbs,Pavement/Tiles/Floor,no,yes,Substance_Database_2.1/Substance_Database_2.1_Procedural_Sbs,Substance_Database_2.1/Substance_Database_2.1_Procedural_Sbs/Classic_Materials/Runtime/tiles_031.sbs
tiles_032,.sbs,Pavement/Tiles/Floor,no,yes,Substance_Database_2.1/Substance_Database_2.1_Procedural_Sbs,Substance_Database_2.1/Substance_Database_2.1_Procedural_Sbs/Classic_Materials/Runtime/tiles_032.sbs
tiles_033,.sbs,Pavement/Tiles/Floor,no,yes,Substance_Database_2.1/Substance_Database_2.1_Procedural_Sbs,Substance_Database_2.1/Substance_Database_2.1_Procedural_Sbs/Classic_Materials/Runtime/tiles_033.sbs
tiles_034,.sbs,Pavement/Tiles/Floor,no,yes,Substance_Database_2.1/Substance_Database_2.1_Procedural_Sbs,Substance_Database_2.1/Substance_Database_2.1_Procedural_Sbs/Classic_Materials/Runtime/tiles_034.sbs
tiles_035,.sbs,Pavement/Tiles/Floor,no,yes,Substance_Database_2.1/Substance_Database_2.1_Procedural_Sbs,Substance_Database_2.1/Substance_Database_2.1_Procedural_Sbs/Classic_Materials/Runtime/tiles_035.sbs
tiles_036,.sbs,Pavement/Tiles/Floor,no,yes,Substance_Database_2.1/Substance_Database_2.1_Procedural_Sbs,Substance_Database_2.1/Substance_Database_2.1_Procedural_Sbs/Classic_Materials/Runtime/tiles_036.sbs
Zebra_Skin,.sbs,Organic/Nature,no,yes,Substance_Database_2.1/Substance_Database_2.1_Procedural_Sbs,Substance_Database_2.1/Substance_Database_2.1_Procedural_Sbs/Classic_Materials/Runtime/Zebra_Skin.sbs
Lighting,.sbs,Other,no,yes,Substance_Database_2.1/Substance_Database_2.1_Procedural_Sbs [embedded in .resources],Substance_Database_2.1/Substance_Database_2.1_Procedural_Sbs/Classic_Materials/Runtime/Zombie_Skin_001.resources/Lighting.sbs
Zombie_Skin_001,.sbs,Organic/Nature,no,yes,Substance_Database_2.1/Substance_Database_2.1_Procedural_Sbs,Substance_Database_2.1/Substance_Database_2.1_Procedural_Sbs/Classic_Materials/Runtime/Zombie_Skin_001.sbs
Impact_01,.sbs,Sci-fi/Tech,no,yes,Substance_Database_2.1/Substance_Database_2.1_Procedural_Sbs,Substance_Database_2.1/Substance_Database_2.1_Procedural_Sbs/Classic_Materials/Sci-Fi/Impact_01.sbs
Metal_Floor,.sbs,Pavement/Tiles/Floor,no,yes,Substance_Database_2.1/Substance_Database_2.1_Procedural_Sbs,Substance_Database_2.1/Substance_Database_2.1_Procedural_Sbs/Classic_Materials/Sci-Fi/Metal_Floor.sbs
sci_fi_001,.sbs,Sci-fi/Tech,no,yes,Substance_Database_2.1/Substance_Database_2.1_Procedural_Sbs,Substance_Database_2.1/Substance_Database_2.1_Procedural_Sbs/Classic_Materials/Sci-Fi/sci_fi_001.sbs
sci_fi_002,.sbs,Sci-fi/Tech,no,yes,Substance_Database_2.1/Substance_Database_2.1_Procedural_Sbs,Substance_Database_2.1/Substance_Database_2.1_Procedural_Sbs/Classic_Materials/Sci-Fi/sci_fi_002.sbs
sci_fi_003,.sbs,Sci-fi/Tech,no,yes,Substance_Database_2.1/Substance_Database_2.1_Procedural_Sbs,Substance_Database_2.1/Substance_Database_2.1_Procedural_Sbs/Classic_Materials/Sci-Fi/sci_fi_003.sbs
sci_fi_004,.sbs,Sci-fi/Tech,no,yes,Substance_Database_2.1/Substance_Database_2.1_Procedural_Sbs,Substance_Database_2.1/Substance_Database_2.1_Procedural_Sbs/Classic_Materials/Sci-Fi/sci_fi_004.sbs
sci_fi_005,.sbs,Sci-fi/Tech,no,yes,Substance_Database_2.1/Substance_Database_2.1_Procedural_Sbs,Substance_Database_2.1/Substance_Database_2.1_Procedural_Sbs/Classic_Materials/Sci-Fi/sci_fi_005.sbs
sci_fi_006,.sbs,Sci-fi/Tech,no,yes,Substance_Database_2.1/Substance_Database_2.1_Procedural_Sbs,Substance_Database_2.1/Substance_Database_2.1_Procedural_Sbs/Classic_Materials/Sci-Fi/sci_fi_006.sbs
Sci_Fi_Tile_01,.sbs,Sci-fi/Tech,no,yes,Substance_Database_2.1/Substance_Database_2.1_Procedural_Sbs,Substance_Database_2.1/Substance_Database_2.1_Procedural_Sbs/Classic_Materials/Sci-Fi/Sci_Fi_Tile_01.sbs
Space_Ship,.sbs,Sci-fi/Tech,no,yes,Substance_Database_2.1/Substance_Database_2.1_Procedural_Sbs,Substance_Database_2.1/Substance_Database_2.1_Procedural_Sbs/Classic_Materials/Sci-Fi/Space_Ship.sbs
Screws,.sbs,Metal,no,yes,Substance_Database_2.1/Substance_Database_2.1_Procedural_Sbs,Substance_Database_2.1/Substance_Database_2.1_Procedural_Sbs/Classic_Materials/Scrap/Screws.sbs
Space_01,.sbs,Sci-fi/Tech,no,yes,Substance_Database_2.1/Substance_Database_2.1_Procedural_Sbs,Substance_Database_2.1/Substance_Database_2.1_Procedural_Sbs/Classic_Materials/Skies/Space_01.sbs
Space_02,.sbs,Sci-fi/Tech,no,yes,Substance_Database_2.1/Substance_Database_2.1_Procedural_Sbs,Substance_Database_2.1/Substance_Database_2.1_Procedural_Sbs/Classic_Materials/Skies/Space_02.sbs
Space_03,.sbs,Sci-fi/Tech,no,yes,Substance_Database_2.1/Substance_Database_2.1_Procedural_Sbs,Substance_Database_2.1/Substance_Database_2.1_Procedural_Sbs/Classic_Materials/Skies/Space_03.sbs
Sunshine,.sbs,Other,no,yes,Substance_Database_2.1/Substance_Database_2.1_Procedural_Sbs,Substance_Database_2.1/Substance_Database_2.1_Procedural_Sbs/Classic_Materials/Skies/Sunshine.sbs
Basketball_Court,.sbs,Other,no,yes,Substance_Database_2.1/Substance_Database_2.1_Procedural_Sbs,Substance_Database_2.1/Substance_Database_2.1_Procedural_Sbs/Classic_Materials/Sports/Basketball_Court.sbs
Football_Field,.sbs,Ground/Soil/Sand/Gravel,no,yes,Substance_Database_2.1/Substance_Database_2.1_Procedural_Sbs,Substance_Database_2.1/Substance_Database_2.1_Procedural_Sbs/Classic_Materials/Sports/Football_Field.sbs
Tennis_Court,.sbs,Other,no,yes,Substance_Database_2.1/Substance_Database_2.1_Procedural_Sbs,Substance_Database_2.1/Substance_Database_2.1_Procedural_Sbs/Classic_Materials/Sports/Tennis_Court.sbs
Amethyst,.sbs,Rock/Stone/Cliff,no,yes,Substance_Database_2.1/Substance_Database_2.1_Procedural_Sbs,Substance_Database_2.1/Substance_Database_2.1_Procedural_Sbs/Classic_Materials/Stone/Amethyst.sbs
Cartoon_Stones,.sbs,Stylized,yes,yes,Substance_Database_2.1/Substance_Database_2.1_Procedural_Sbs,Substance_Database_2.1/Substance_Database_2.1_Procedural_Sbs/Classic_Materials/Stone/Cartoon_Stones.sbs
Coal,.sbs,Rock/Stone/Cliff,no,yes,Substance_Database_2.1/Substance_Database_2.1_Procedural_Sbs,Substance_Database_2.1/Substance_Database_2.1_Procedural_Sbs/Classic_Materials/Stone/Coal.sbs
Crystal_Pattern,.sbs,Rock/Stone/Cliff,no,yes,Substance_Database_2.1/Substance_Database_2.1_Procedural_Sbs,Substance_Database_2.1/Substance_Database_2.1_Procedural_Sbs/Classic_Materials/Stone/Crystal_Pattern.sbs
Damaged_Marble,.sbs,Rock/Stone/Cliff,no,yes,Substance_Database_2.1/Substance_Database_2.1_Procedural_Sbs,Substance_Database_2.1/Substance_Database_2.1_Procedural_Sbs/Classic_Materials/Stone/Damaged_Marble.sbs
Glowing_Rock,.sbs,Rock/Stone/Cliff,no,yes,Substance_Database_2.1/Substance_Database_2.1_Procedural_Sbs,Substance_Database_2.1/Substance_Database_2.1_Procedural_Sbs/Classic_Materials/Stone/Glowing_Rock.sbs
Granite_01,.sbs,Rock/Stone/Cliff,no,yes,Substance_Database_2.1/Substance_Database_2.1_Procedural_Sbs,Substance_Database_2.1/Substance_Database_2.1_Procedural_Sbs/Classic_Materials/Stone/Granite_01.sbs
Granite_02,.sbs,Rock/Stone/Cliff,no,yes,Substance_Database_2.1/Substance_Database_2.1_Procedural_Sbs,Substance_Database_2.1/Substance_Database_2.1_Procedural_Sbs/Classic_Materials/Stone/Granite_02.sbs
Granitoid,.sbs,Rock/Stone/Cliff,no,yes,Substance_Database_2.1/Substance_Database_2.1_Procedural_Sbs,Substance_Database_2.1/Substance_Database_2.1_Procedural_Sbs/Classic_Materials/Stone/Granitoid.sbs
marble_001,.sbs,Rock/Stone/Cliff,no,yes,Substance_Database_2.1/Substance_Database_2.1_Procedural_Sbs,Substance_Database_2.1/Substance_Database_2.1_Procedural_Sbs/Classic_Materials/Stone/marble_001.sbs
marble_002,.sbs,Rock/Stone/Cliff,no,yes,Substance_Database_2.1/Substance_Database_2.1_Procedural_Sbs,Substance_Database_2.1/Substance_Database_2.1_Procedural_Sbs/Classic_Materials/Stone/marble_002.sbs
marble_003,.sbs,Rock/Stone/Cliff,no,yes,Substance_Database_2.1/Substance_Database_2.1_Procedural_Sbs,Substance_Database_2.1/Substance_Database_2.1_Procedural_Sbs/Classic_Materials/Stone/marble_003.sbs
marble_004,.sbs,Rock/Stone/Cliff,no,yes,Substance_Database_2.1/Substance_Database_2.1_Procedural_Sbs,Substance_Database_2.1/Substance_Database_2.1_Procedural_Sbs/Classic_Materials/Stone/marble_004.sbs
Marble_01,.sbs,Rock/Stone/Cliff,no,yes,Substance_Database_2.1/Substance_Database_2.1_Procedural_Sbs,Substance_Database_2.1/Substance_Database_2.1_Procedural_Sbs/Classic_Materials/Stone/Marble_01.sbs
Marble_02,.sbs,Rock/Stone/Cliff,no,yes,Substance_Database_2.1/Substance_Database_2.1_Procedural_Sbs,Substance_Database_2.1/Substance_Database_2.1_Procedural_Sbs/Classic_Materials/Stone/Marble_02.sbs
Marble_03,.sbs,Rock/Stone/Cliff,no,yes,Substance_Database_2.1/Substance_Database_2.1_Procedural_Sbs,Substance_Database_2.1/Substance_Database_2.1_Procedural_Sbs/Classic_Materials/Stone/Marble_03.sbs
Meteor,.sbs,Rock/Stone/Cliff,no,yes,Substance_Database_2.1/Substance_Database_2.1_Procedural_Sbs,Substance_Database_2.1/Substance_Database_2.1_Procedural_Sbs/Classic_Materials/Stone/Meteor.sbs
Moss_Rock,.sbs,Organic/Nature,no,yes,Substance_Database_2.1/Substance_Database_2.1_Procedural_Sbs,Substance_Database_2.1/Substance_Database_2.1_Procedural_Sbs/Classic_Materials/Stone/Moss_Rock.sbs
Prehistoric_Cave,.sbs,Rock/Stone/Cliff,no,yes,Substance_Database_2.1/Substance_Database_2.1_Procedural_Sbs,Substance_Database_2.1/Substance_Database_2.1_Procedural_Sbs/Classic_Materials/Stone/Prehistoric_Cave.sbs
rock_001,.sbs,Rock/Stone/Cliff,no,yes,Substance_Database_2.1/Substance_Database_2.1_Procedural_Sbs,Substance_Database_2.1/Substance_Database_2.1_Procedural_Sbs/Classic_Materials/Stone/rock_001.sbs
rock_002,.sbs,Rock/Stone/Cliff,no,yes,Substance_Database_2.1/Substance_Database_2.1_Procedural_Sbs,Substance_Database_2.1/Substance_Database_2.1_Procedural_Sbs/Classic_Materials/Stone/rock_002.sbs
rock_003,.sbs,Rock/Stone/Cliff,no,yes,Substance_Database_2.1/Substance_Database_2.1_Procedural_Sbs,Substance_Database_2.1/Substance_Database_2.1_Procedural_Sbs/Classic_Materials/Stone/rock_003.sbs
rock_004,.sbs,Rock/Stone/Cliff,no,yes,Substance_Database_2.1/Substance_Database_2.1_Procedural_Sbs,Substance_Database_2.1/Substance_Database_2.1_Procedural_Sbs/Classic_Materials/Stone/rock_004.sbs
rock_006,.sbs,Rock/Stone/Cliff,no,yes,Substance_Database_2.1/Substance_Database_2.1_Procedural_Sbs,Substance_Database_2.1/Substance_Database_2.1_Procedural_Sbs/Classic_Materials/Stone/rock_006.sbs
rock_007,.sbs,Rock/Stone/Cliff,no,yes,Substance_Database_2.1/Substance_Database_2.1_Procedural_Sbs,Substance_Database_2.1/Substance_Database_2.1_Procedural_Sbs/Classic_Materials/Stone/rock_007.sbs
Rock_02,.sbs,Rock/Stone/Cliff,no,yes,Substance_Database_2.1/Substance_Database_2.1_Procedural_Sbs,Substance_Database_2.1/Substance_Database_2.1_Procedural_Sbs/Classic_Materials/Stone/Rock_02.sbs
Stone_Tiles_02,.sbs,Pavement/Tiles/Floor,no,yes,Substance_Database_2.1/Substance_Database_2.1_Procedural_Sbs,Substance_Database_2.1/Substance_Database_2.1_Procedural_Sbs/Classic_Materials/Stone/Stone_Tiles_02.sbs
stones_001,.sbs,Rock/Stone/Cliff,no,yes,Substance_Database_2.1/Substance_Database_2.1_Procedural_Sbs,Substance_Database_2.1/Substance_Database_2.1_Procedural_Sbs/Classic_Materials/Stone/stones_001.sbs
stones_002,.sbs,Rock/Stone/Cliff,no,yes,Substance_Database_2.1/Substance_Database_2.1_Procedural_Sbs,Substance_Database_2.1/Substance_Database_2.1_Procedural_Sbs/Classic_Materials/Stone/stones_002.sbs
stones_003,.sbs,Rock/Stone/Cliff,no,yes,Substance_Database_2.1/Substance_Database_2.1_Procedural_Sbs,Substance_Database_2.1/Substance_Database_2.1_Procedural_Sbs/Classic_Materials/Stone/stones_003.sbs
stones_004,.sbs,Rock/Stone/Cliff,no,yes,Substance_Database_2.1/Substance_Database_2.1_Procedural_Sbs,Substance_Database_2.1/Substance_Database_2.1_Procedural_Sbs/Classic_Materials/Stone/stones_004.sbs
stones_005,.sbs,Rock/Stone/Cliff,no,yes,Substance_Database_2.1/Substance_Database_2.1_Procedural_Sbs,Substance_Database_2.1/Substance_Database_2.1_Procedural_Sbs/Classic_Materials/Stone/stones_005.sbs
stones_006,.sbs,Rock/Stone/Cliff,no,yes,Substance_Database_2.1/Substance_Database_2.1_Procedural_Sbs,Substance_Database_2.1/Substance_Database_2.1_Procedural_Sbs/Classic_Materials/Stone/stones_006.sbs
stones_007,.sbs,Rock/Stone/Cliff,no,yes,Substance_Database_2.1/Substance_Database_2.1_Procedural_Sbs,Substance_Database_2.1/Substance_Database_2.1_Procedural_Sbs/Classic_Materials/Stone/stones_007.sbs
stones_008,.sbs,Rock/Stone/Cliff,no,yes,Substance_Database_2.1/Substance_Database_2.1_Procedural_Sbs,Substance_Database_2.1/Substance_Database_2.1_Procedural_Sbs/Classic_Materials/Stone/stones_008.sbs
stones_009,.sbs,Rock/Stone/Cliff,no,yes,Substance_Database_2.1/Substance_Database_2.1_Procedural_Sbs,Substance_Database_2.1/Substance_Database_2.1_Procedural_Sbs/Classic_Materials/Stone/stones_009.sbs
Stones_01,.sbs,Rock/Stone/Cliff,no,yes,Substance_Database_2.1/Substance_Database_2.1_Procedural_Sbs,Substance_Database_2.1/Substance_Database_2.1_Procedural_Sbs/Classic_Materials/Stone/Stones_01.sbs
stones_010,.sbs,Rock/Stone/Cliff,no,yes,Substance_Database_2.1/Substance_Database_2.1_Procedural_Sbs,Substance_Database_2.1/Substance_Database_2.1_Procedural_Sbs/Classic_Materials/Stone/stones_010.sbs
stones_011,.sbs,Rock/Stone/Cliff,no,yes,Substance_Database_2.1/Substance_Database_2.1_Procedural_Sbs,Substance_Database_2.1/Substance_Database_2.1_Procedural_Sbs/Classic_Materials/Stone/stones_011.sbs
stones_012,.sbs,Rock/Stone/Cliff,no,yes,Substance_Database_2.1/Substance_Database_2.1_Procedural_Sbs,Substance_Database_2.1/Substance_Database_2.1_Procedural_Sbs/Classic_Materials/Stone/stones_012.sbs
stones_013,.sbs,Rock/Stone/Cliff,no,yes,Substance_Database_2.1/Substance_Database_2.1_Procedural_Sbs,Substance_Database_2.1/Substance_Database_2.1_Procedural_Sbs/Classic_Materials/Stone/stones_013.sbs
stones_014,.sbs,Rock/Stone/Cliff,no,yes,Substance_Database_2.1/Substance_Database_2.1_Procedural_Sbs,Substance_Database_2.1/Substance_Database_2.1_Procedural_Sbs/Classic_Materials/Stone/stones_014.sbs
stonework_001,.sbs,Brick/Masonry/Wall,no,yes,Substance_Database_2.1/Substance_Database_2.1_Procedural_Sbs,Substance_Database_2.1/Substance_Database_2.1_Procedural_Sbs/Classic_Materials/Stone/stonework_001.sbs
stonework_002,.sbs,Brick/Masonry/Wall,no,yes,Substance_Database_2.1/Substance_Database_2.1_Procedural_Sbs,Substance_Database_2.1/Substance_Database_2.1_Procedural_Sbs/Classic_Materials/Stone/stonework_002.sbs
stonework_003,.sbs,Brick/Masonry/Wall,no,yes,Substance_Database_2.1/Substance_Database_2.1_Procedural_Sbs,Substance_Database_2.1/Substance_Database_2.1_Procedural_Sbs/Classic_Materials/Stone/stonework_003.sbs
stonework_004,.sbs,Brick/Masonry/Wall,no,yes,Substance_Database_2.1/Substance_Database_2.1_Procedural_Sbs,Substance_Database_2.1/Substance_Database_2.1_Procedural_Sbs/Classic_Materials/Stone/stonework_004.sbs
stonework_005,.sbs,Brick/Masonry/Wall,no,yes,Substance_Database_2.1/Substance_Database_2.1_Procedural_Sbs,Substance_Database_2.1/Substance_Database_2.1_Procedural_Sbs/Classic_Materials/Stone/stonework_005.sbs
stonework_006,.sbs,Brick/Masonry/Wall,no,yes,Substance_Database_2.1/Substance_Database_2.1_Procedural_Sbs,Substance_Database_2.1/Substance_Database_2.1_Procedural_Sbs/Classic_Materials/Stone/stonework_006.sbs
Volcano_Rock,.sbs,Rock/Stone/Cliff,no,yes,Substance_Database_2.1/Substance_Database_2.1_Procedural_Sbs,Substance_Database_2.1/Substance_Database_2.1_Procedural_Sbs/Classic_Materials/Stone/Volcano_Rock.sbs
Bubblewrapped,.sbs,Other,no,yes,Substance_Database_2.1/Substance_Database_2.1_Procedural_Sbs,Substance_Database_2.1/Substance_Database_2.1_Procedural_Sbs/Classic_Materials/Synthetic/Bubblewrapped.sbs
Fiber_Glass,.sbs,Other,no,yes,Substance_Database_2.1/Substance_Database_2.1_Procedural_Sbs,Substance_Database_2.1/Substance_Database_2.1_Procedural_Sbs/Classic_Materials/Synthetic/Fiber_Glass.sbs
Ceramic_01,.sbs,Pavement/Tiles/Floor,no,yes,Substance_Database_2.1/Substance_Database_2.1_Procedural_Sbs,Substance_Database_2.1/Substance_Database_2.1_Procedural_Sbs/Classic_Materials/Tiles/Ceramic_01.sbs
Ceramic_02,.sbs,Pavement/Tiles/Floor,no,yes,Substance_Database_2.1/Substance_Database_2.1_Procedural_Sbs,Substance_Database_2.1/Substance_Database_2.1_Procedural_Sbs/Classic_Materials/Tiles/Ceramic_02.sbs
Ceramic_03,.sbs,Pavement/Tiles/Floor,no,yes,Substance_Database_2.1/Substance_Database_2.1_Procedural_Sbs,Substance_Database_2.1/Substance_Database_2.1_Procedural_Sbs/Classic_Materials/Tiles/Ceramic_03.sbs
Ceramic_04,.sbs,Pavement/Tiles/Floor,no,yes,Substance_Database_2.1/Substance_Database_2.1_Procedural_Sbs,Substance_Database_2.1/Substance_Database_2.1_Procedural_Sbs/Classic_Materials/Tiles/Ceramic_04.sbs
Ceramic_Tile_05,.sbs,Pavement/Tiles/Floor,no,yes,Substance_Database_2.1/Substance_Database_2.1_Procedural_Sbs,Substance_Database_2.1/Substance_Database_2.1_Procedural_Sbs/Classic_Materials/Tiles/Ceramic_Tile_05.sbs
Checker,.sbs,Generators/Utility,no,yes,Substance_Database_2.1/Substance_Database_2.1_Procedural_Sbs,Substance_Database_2.1/Substance_Database_2.1_Procedural_Sbs/Classic_Materials/Tiles/Checker.sbs
Concrete_Tiles,.sbs,Concrete/Plaster,no,yes,Substance_Database_2.1/Substance_Database_2.1_Procedural_Sbs,Substance_Database_2.1/Substance_Database_2.1_Procedural_Sbs/Classic_Materials/Tiles/Concrete_Tiles.sbs
Machu_Pichu_Wall,.sbs,Brick/Masonry/Wall,no,yes,Substance_Database_2.1/Substance_Database_2.1_Procedural_Sbs,Substance_Database_2.1/Substance_Database_2.1_Procedural_Sbs/Classic_Materials/Tiles/Machu_Pichu_Wall.sbs
mosaic_001,.sbs,Pavement/Tiles/Floor,no,yes,Substance_Database_2.1/Substance_Database_2.1_Procedural_Sbs,Substance_Database_2.1/Substance_Database_2.1_Procedural_Sbs/Classic_Materials/Tiles/mosaic_001.sbs
Tile_01,.sbs,Pavement/Tiles/Floor,no,yes,Substance_Database_2.1/Substance_Database_2.1_Procedural_Sbs,Substance_Database_2.1/Substance_Database_2.1_Procedural_Sbs/Classic_Materials/Tiles/Tile_01.sbs
tiles_001,.sbs,Pavement/Tiles/Floor,no,yes,Substance_Database_2.1/Substance_Database_2.1_Procedural_Sbs,Substance_Database_2.1/Substance_Database_2.1_Procedural_Sbs/Classic_Materials/Tiles/tiles_001.sbs
tiles_002,.sbs,Pavement/Tiles/Floor,no,yes,Substance_Database_2.1/Substance_Database_2.1_Procedural_Sbs,Substance_Database_2.1/Substance_Database_2.1_Procedural_Sbs/Classic_Materials/Tiles/tiles_002.sbs
tiles_003,.sbs,Pavement/Tiles/Floor,no,yes,Substance_Database_2.1/Substance_Database_2.1_Procedural_Sbs,Substance_Database_2.1/Substance_Database_2.1_Procedural_Sbs/Classic_Materials/Tiles/tiles_003.sbs
tiles_004,.sbs,Pavement/Tiles/Floor,no,yes,Substance_Database_2.1/Substance_Database_2.1_Procedural_Sbs,Substance_Database_2.1/Substance_Database_2.1_Procedural_Sbs/Classic_Materials/Tiles/tiles_004.sbs
tiles_005,.sbs,Pavement/Tiles/Floor,no,yes,Substance_Database_2.1/Substance_Database_2.1_Procedural_Sbs,Substance_Database_2.1/Substance_Database_2.1_Procedural_Sbs/Classic_Materials/Tiles/tiles_005.sbs
tiles_006,.sbs,Pavement/Tiles/Floor,no,yes,Substance_Database_2.1/Substance_Database_2.1_Procedural_Sbs,Substance_Database_2.1/Substance_Database_2.1_Procedural_Sbs/Classic_Materials/Tiles/tiles_006.sbs
tiles_007,.sbs,Pavement/Tiles/Floor,no,yes,Substance_Database_2.1/Substance_Database_2.1_Procedural_Sbs,Substance_Database_2.1/Substance_Database_2.1_Procedural_Sbs/Classic_Materials/Tiles/tiles_007.sbs
tiles_008,.sbs,Pavement/Tiles/Floor,no,yes,Substance_Database_2.1/Substance_Database_2.1_Procedural_Sbs,Substance_Database_2.1/Substance_Database_2.1_Procedural_Sbs/Classic_Materials/Tiles/tiles_008.sbs
tiles_009,.sbs,Pavement/Tiles/Floor,no,yes,Substance_Database_2.1/Substance_Database_2.1_Procedural_Sbs,Substance_Database_2.1/Substance_Database_2.1_Procedural_Sbs/Classic_Materials/Tiles/tiles_009.sbs
tiles_010,.sbs,Pavement/Tiles/Floor,no,yes,Substance_Database_2.1/Substance_Database_2.1_Procedural_Sbs,Substance_Database_2.1/Substance_Database_2.1_Procedural_Sbs/Classic_Materials/Tiles/tiles_010.sbs
tiles_011,.sbs,Pavement/Tiles/Floor,no,yes,Substance_Database_2.1/Substance_Database_2.1_Procedural_Sbs,Substance_Database_2.1/Substance_Database_2.1_Procedural_Sbs/Classic_Materials/Tiles/tiles_011.sbs
tiles_012,.sbs,Pavement/Tiles/Floor,no,yes,Substance_Database_2.1/Substance_Database_2.1_Procedural_Sbs,Substance_Database_2.1/Substance_Database_2.1_Procedural_Sbs/Classic_Materials/Tiles/tiles_012.sbs
tiles_013,.sbs,Pavement/Tiles/Floor,no,yes,Substance_Database_2.1/Substance_Database_2.1_Procedural_Sbs,Substance_Database_2.1/Substance_Database_2.1_Procedural_Sbs/Classic_Materials/Tiles/tiles_013.sbs
tiles_014,.sbs,Pavement/Tiles/Floor,no,yes,Substance_Database_2.1/Substance_Database_2.1_Procedural_Sbs,Substance_Database_2.1/Substance_Database_2.1_Procedural_Sbs/Classic_Materials/Tiles/tiles_014.sbs
tiles_015,.sbs,Pavement/Tiles/Floor,no,yes,Substance_Database_2.1/Substance_Database_2.1_Procedural_Sbs,Substance_Database_2.1/Substance_Database_2.1_Procedural_Sbs/Classic_Materials/Tiles/tiles_015.sbs
tiles_016,.sbs,Pavement/Tiles/Floor,no,yes,Substance_Database_2.1/Substance_Database_2.1_Procedural_Sbs,Substance_Database_2.1/Substance_Database_2.1_Procedural_Sbs/Classic_Materials/Tiles/tiles_016.sbs
tiles_017,.sbs,Pavement/Tiles/Floor,no,yes,Substance_Database_2.1/Substance_Database_2.1_Procedural_Sbs,Substance_Database_2.1/Substance_Database_2.1_Procedural_Sbs/Classic_Materials/Tiles/tiles_017.sbs
tiles_018,.sbs,Pavement/Tiles/Floor,no,yes,Substance_Database_2.1/Substance_Database_2.1_Procedural_Sbs,Substance_Database_2.1/Substance_Database_2.1_Procedural_Sbs/Classic_Materials/Tiles/tiles_018.sbs
tiles_019,.sbs,Pavement/Tiles/Floor,no,yes,Substance_Database_2.1/Substance_Database_2.1_Procedural_Sbs,Substance_Database_2.1/Substance_Database_2.1_Procedural_Sbs/Classic_Materials/Tiles/tiles_019.sbs
tiles_020,.sbs,Pavement/Tiles/Floor,no,yes,Substance_Database_2.1/Substance_Database_2.1_Procedural_Sbs,Substance_Database_2.1/Substance_Database_2.1_Procedural_Sbs/Classic_Materials/Tiles/tiles_020.sbs
tiles_021,.sbs,Pavement/Tiles/Floor,no,yes,Substance_Database_2.1/Substance_Database_2.1_Procedural_Sbs,Substance_Database_2.1/Substance_Database_2.1_Procedural_Sbs/Classic_Materials/Tiles/tiles_021.sbs
tiles_022,.sbs,Pavement/Tiles/Floor,no,yes,Substance_Database_2.1/Substance_Database_2.1_Procedural_Sbs,Substance_Database_2.1/Substance_Database_2.1_Procedural_Sbs/Classic_Materials/Tiles/tiles_022.sbs
tiles_023,.sbs,Pavement/Tiles/Floor,no,yes,Substance_Database_2.1/Substance_Database_2.1_Procedural_Sbs,Substance_Database_2.1/Substance_Database_2.1_Procedural_Sbs/Classic_Materials/Tiles/tiles_023.sbs
tiles_024,.sbs,Pavement/Tiles/Floor,no,yes,Substance_Database_2.1/Substance_Database_2.1_Procedural_Sbs,Substance_Database_2.1/Substance_Database_2.1_Procedural_Sbs/Classic_Materials/Tiles/tiles_024.sbs
tiles_025,.sbs,Pavement/Tiles/Floor,no,yes,Substance_Database_2.1/Substance_Database_2.1_Procedural_Sbs,Substance_Database_2.1/Substance_Database_2.1_Procedural_Sbs/Classic_Materials/Tiles/tiles_025.sbs
tiles_026,.sbs,Pavement/Tiles/Floor,no,yes,Substance_Database_2.1/Substance_Database_2.1_Procedural_Sbs,Substance_Database_2.1/Substance_Database_2.1_Procedural_Sbs/Classic_Materials/Tiles/tiles_026.sbs
tiles_027,.sbs,Pavement/Tiles/Floor,no,yes,Substance_Database_2.1/Substance_Database_2.1_Procedural_Sbs,Substance_Database_2.1/Substance_Database_2.1_Procedural_Sbs/Classic_Materials/Tiles/tiles_027.sbs
tiles_028,.sbs,Pavement/Tiles/Floor,no,yes,Substance_Database_2.1/Substance_Database_2.1_Procedural_Sbs,Substance_Database_2.1/Substance_Database_2.1_Procedural_Sbs/Classic_Materials/Tiles/tiles_028.sbs
tiles_029,.sbs,Pavement/Tiles/Floor,no,yes,Substance_Database_2.1/Substance_Database_2.1_Procedural_Sbs,Substance_Database_2.1/Substance_Database_2.1_Procedural_Sbs/Classic_Materials/Tiles/tiles_029.sbs
Wallpaper,.sbs,Fabric/Leather,no,yes,Substance_Database_2.1/Substance_Database_2.1_Procedural_Sbs,Substance_Database_2.1/Substance_Database_2.1_Procedural_Sbs/Classic_Materials/Wallpapers/Wallpaper.sbs
Ocean_01,.sbs,Ice/Snow/Water,no,yes,Substance_Database_2.1/Substance_Database_2.1_Procedural_Sbs [autosave copy],Substance_Database_2.1/Substance_Database_2.1_Procedural_Sbs/Classic_Materials/Water/.autosave/Ocean_01.sbs
Ocean_01_0,.sbs,Ice/Snow/Water,no,yes,Substance_Database_2.1/Substance_Database_2.1_Procedural_Sbs [autosave copy],Substance_Database_2.1/Substance_Database_2.1_Procedural_Sbs/Classic_Materials/Water/.autosave/Ocean_01_0.sbs
Waves,.sbs,Ice/Snow/Water,no,yes,Substance_Database_2.1/Substance_Database_2.1_Procedural_Sbs [autosave copy],Substance_Database_2.1/Substance_Database_2.1_Procedural_Sbs/Classic_Materials/Water/.autosave/Waves.sbs
Waves_0,.sbs,Ice/Snow/Water,no,yes,Substance_Database_2.1/Substance_Database_2.1_Procedural_Sbs [autosave copy],Substance_Database_2.1/Substance_Database_2.1_Procedural_Sbs/Classic_Materials/Water/.autosave/Waves_0.sbs
Calm_Water,.sbs,Ice/Snow/Water,no,yes,Substance_Database_2.1/Substance_Database_2.1_Procedural_Sbs,Substance_Database_2.1/Substance_Database_2.1_Procedural_Sbs/Classic_Materials/Water/Calm_Water.sbs
Ice_01,.sbs,Ice/Snow/Water,no,yes,Substance_Database_2.1/Substance_Database_2.1_Procedural_Sbs,Substance_Database_2.1/Substance_Database_2.1_Procedural_Sbs/Classic_Materials/Water/Ice_01.sbs
Ice_02,.sbs,Ice/Snow/Water,no,yes,Substance_Database_2.1/Substance_Database_2.1_Procedural_Sbs,Substance_Database_2.1/Substance_Database_2.1_Procedural_Sbs/Classic_Materials/Water/Ice_02.sbs
Ocean_01,.sbs,Ice/Snow/Water,no,yes,Substance_Database_2.1/Substance_Database_2.1_Procedural_Sbs,Substance_Database_2.1/Substance_Database_2.1_Procedural_Sbs/Classic_Materials/Water/Ocean_01.sbs
Waves,.sbs,Ice/Snow/Water,no,yes,Substance_Database_2.1/Substance_Database_2.1_Procedural_Sbs,Substance_Database_2.1/Substance_Database_2.1_Procedural_Sbs/Classic_Materials/Water/Waves.sbs
Bamboo_Fence,.sbs,Wood,no,yes,Substance_Database_2.1/Substance_Database_2.1_Procedural_Sbs,Substance_Database_2.1/Substance_Database_2.1_Procedural_Sbs/Classic_Materials/Wood/Bamboo_Fence.sbs
Bark,.sbs,Organic/Nature,no,yes,Substance_Database_2.1/Substance_Database_2.1_Procedural_Sbs,Substance_Database_2.1/Substance_Database_2.1_Procedural_Sbs/Classic_Materials/Wood/Bark.sbs
bark_006,.sbs,Organic/Nature,no,yes,Substance_Database_2.1/Substance_Database_2.1_Procedural_Sbs,Substance_Database_2.1/Substance_Database_2.1_Procedural_Sbs/Classic_Materials/Wood/bark_006.sbs
bark_007,.sbs,Organic/Nature,no,yes,Substance_Database_2.1/Substance_Database_2.1_Procedural_Sbs,Substance_Database_2.1/Substance_Database_2.1_Procedural_Sbs/Classic_Materials/Wood/bark_007.sbs
bark_008,.sbs,Organic/Nature,no,yes,Substance_Database_2.1/Substance_Database_2.1_Procedural_Sbs,Substance_Database_2.1/Substance_Database_2.1_Procedural_Sbs/Classic_Materials/Wood/bark_008.sbs
bark_009,.sbs,Organic/Nature,no,yes,Substance_Database_2.1/Substance_Database_2.1_Procedural_Sbs,Substance_Database_2.1/Substance_Database_2.1_Procedural_Sbs/Classic_Materials/Wood/bark_009.sbs
bark_010,.sbs,Organic/Nature,no,yes,Substance_Database_2.1/Substance_Database_2.1_Procedural_Sbs,Substance_Database_2.1/Substance_Database_2.1_Procedural_Sbs/Classic_Materials/Wood/bark_010.sbs
bark_011,.sbs,Organic/Nature,no,yes,Substance_Database_2.1/Substance_Database_2.1_Procedural_Sbs,Substance_Database_2.1/Substance_Database_2.1_Procedural_Sbs/Classic_Materials/Wood/bark_011.sbs
bark_012,.sbs,Organic/Nature,no,yes,Substance_Database_2.1/Substance_Database_2.1_Procedural_Sbs,Substance_Database_2.1/Substance_Database_2.1_Procedural_Sbs/Classic_Materials/Wood/bark_012.sbs
Cane,.sbs,Wood,no,yes,Substance_Database_2.1/Substance_Database_2.1_Procedural_Sbs,Substance_Database_2.1/Substance_Database_2.1_Procedural_Sbs/Classic_Materials/Wood/Cane.sbs
Light_Wood,.sbs,Wood,no,yes,Substance_Database_2.1/Substance_Database_2.1_Procedural_Sbs,Substance_Database_2.1/Substance_Database_2.1_Procedural_Sbs/Classic_Materials/Wood/Light_Wood.sbs
Old_Painted_Planks,.sbs,Wood,no,yes,Substance_Database_2.1/Substance_Database_2.1_Procedural_Sbs,Substance_Database_2.1/Substance_Database_2.1_Procedural_Sbs/Classic_Materials/Wood/Old_Painted_Planks.sbs
Painted_Fence,.sbs,Wood,no,yes,Substance_Database_2.1/Substance_Database_2.1_Procedural_Sbs,Substance_Database_2.1/Substance_Database_2.1_Procedural_Sbs/Classic_Materials/Wood/Painted_Fence.sbs
Painted_Wood_01,.sbs,Wood,no,yes,Substance_Database_2.1/Substance_Database_2.1_Procedural_Sbs,Substance_Database_2.1/Substance_Database_2.1_Procedural_Sbs/Classic_Materials/Wood/Painted_Wood_01.sbs
Wood_Beech_ChocolateBrown,.sbs,Wood,no,yes,Substance_Database_2.1/Substance_Database_2.1_Procedural_Sbs [embedded in .resources],Substance_Database_2.1/Substance_Database_2.1_Procedural_Sbs/Classic_Materials/Wood/Parquet.resources/Wood_Beech_ChocolateBrown.sbs
Wood_White_Cedar,.sbs,Wood,no,yes,Substance_Database_2.1/Substance_Database_2.1_Procedural_Sbs [embedded in .resources],Substance_Database_2.1/Substance_Database_2.1_Procedural_Sbs/Classic_Materials/Wood/Parquet.resources/Wood_White_Cedar.sbs
Parquet,.sbs,Wood,no,yes,Substance_Database_2.1/Substance_Database_2.1_Procedural_Sbs,Substance_Database_2.1/Substance_Database_2.1_Procedural_Sbs/Classic_Materials/Wood/Parquet.sbs
ParquetMixer,.sbs,Wood,no,yes,Substance_Database_2.1/Substance_Database_2.1_Procedural_Sbs,Substance_Database_2.1/Substance_Database_2.1_Procedural_Sbs/Classic_Materials/Wood/ParquetMixer.sbs
Plane_Tree_Bark,.sbs,Organic/Nature,no,yes,Substance_Database_2.1/Substance_Database_2.1_Procedural_Sbs,Substance_Database_2.1/Substance_Database_2.1_Procedural_Sbs/Classic_Materials/Wood/Plane_Tree_Bark.sbs
Tree_Bark,.sbs,Organic/Nature,no,yes,Substance_Database_2.1/Substance_Database_2.1_Procedural_Sbs,Substance_Database_2.1/Substance_Database_2.1_Procedural_Sbs/Classic_Materials/Wood/Tree_Bark.sbs
Tree_Bark_003,.sbs,Organic/Nature,no,yes,Substance_Database_2.1/Substance_Database_2.1_Procedural_Sbs,Substance_Database_2.1/Substance_Database_2.1_Procedural_Sbs/Classic_Materials/Wood/Tree_Bark_003.sbs
Tree_Bark_02,.sbs,Organic/Nature,no,yes,Substance_Database_2.1/Substance_Database_2.1_Procedural_Sbs,Substance_Database_2.1/Substance_Database_2.1_Procedural_Sbs/Classic_Materials/Wood/Tree_Bark_02.sbs
Tree_Slice,.sbs,Organic/Nature,no,yes,Substance_Database_2.1/Substance_Database_2.1_Procedural_Sbs,Substance_Database_2.1/Substance_Database_2.1_Procedural_Sbs/Classic_Materials/Wood/Tree_Slice.sbs
Varnished_Wood,.sbs,Wood,no,yes,Substance_Database_2.1/Substance_Database_2.1_Procedural_Sbs,Substance_Database_2.1/Substance_Database_2.1_Procedural_Sbs/Classic_Materials/Wood/Varnished_Wood.sbs
wood000_Acajou,.sbs,Wood,no,yes,Substance_Database_2.1/Substance_Database_2.1_Procedural_Sbs,Substance_Database_2.1/Substance_Database_2.1_Procedural_Sbs/Classic_Materials/Wood/wood000_Acajou.sbs
wood001_Afrormosia,.sbs,Wood,no,yes,Substance_Database_2.1/Substance_Database_2.1_Procedural_Sbs,Substance_Database_2.1/Substance_Database_2.1_Procedural_Sbs/Classic_Materials/Wood/wood001_Afrormosia.sbs
wood002_Agba,.sbs,Wood,no,yes,Substance_Database_2.1/Substance_Database_2.1_Procedural_Sbs,Substance_Database_2.1/Substance_Database_2.1_Procedural_Sbs/Classic_Materials/Wood/wood002_Agba.sbs
wood003_Ako,.sbs,Wood,no,yes,Substance_Database_2.1/Substance_Database_2.1_Procedural_Sbs,Substance_Database_2.1/Substance_Database_2.1_Procedural_Sbs/Classic_Materials/Wood/wood003_Ako.sbs
wood004_Beam-tree,.sbs,Wood,no,yes,Substance_Database_2.1/Substance_Database_2.1_Procedural_Sbs,Substance_Database_2.1/Substance_Database_2.1_Procedural_Sbs/Classic_Materials/Wood/wood004_Beam-tree.sbs
wood005_Aniegre,.sbs,Wood,no,yes,Substance_Database_2.1/Substance_Database_2.1_Procedural_Sbs,Substance_Database_2.1/Substance_Database_2.1_Procedural_Sbs/Classic_Materials/Wood/wood005_Aniegre.sbs
wood006_Avodire,.sbs,Wood,no,yes,Substance_Database_2.1/Substance_Database_2.1_Procedural_Sbs,Substance_Database_2.1/Substance_Database_2.1_Procedural_Sbs/Classic_Materials/Wood/wood006_Avodire.sbs
wood008_Bosse,.sbs,Wood,no,yes,Substance_Database_2.1/Substance_Database_2.1_Procedural_Sbs,Substance_Database_2.1/Substance_Database_2.1_Procedural_Sbs/Classic_Materials/Wood/wood008_Bosse.sbs
wood009_acajou,.sbs,Wood,no,yes,Substance_Database_2.1/Substance_Database_2.1_Procedural_Sbs,Substance_Database_2.1/Substance_Database_2.1_Procedural_Sbs/Classic_Materials/Wood/wood009_acajou.sbs
wood010_Bubinga,.sbs,Wood,no,yes,Substance_Database_2.1/Substance_Database_2.1_Procedural_Sbs,Substance_Database_2.1/Substance_Database_2.1_Procedural_Sbs/Classic_Materials/Wood/wood010_Bubinga.sbs
wood011_Cedar,.sbs,Wood,no,yes,Substance_Database_2.1/Substance_Database_2.1_Procedural_Sbs,Substance_Database_2.1/Substance_Database_2.1_Procedural_Sbs/Classic_Materials/Wood/wood011_Cedar.sbs
wood012_Chestnut,.sbs,Wood,no,yes,Substance_Database_2.1/Substance_Database_2.1_Procedural_Sbs,Substance_Database_2.1/Substance_Database_2.1_Procedural_Sbs/Classic_Materials/Wood/wood012_Chestnut.sbs
wood013_Maple,.sbs,Wood,no,yes,Substance_Database_2.1/Substance_Database_2.1_Procedural_Sbs,Substance_Database_2.1/Substance_Database_2.1_Procedural_Sbs/Classic_Materials/Wood/wood013_Maple.sbs
wood014_Eyong,.sbs,Wood,no,yes,Substance_Database_2.1/Substance_Database_2.1_Procedural_Sbs,Substance_Database_2.1/Substance_Database_2.1_Procedural_Sbs/Classic_Materials/Wood/wood014_Eyong.sbs
wood015_Ash,.sbs,Wood,no,yes,Substance_Database_2.1/Substance_Database_2.1_Procedural_Sbs,Substance_Database_2.1/Substance_Database_2.1_Procedural_Sbs/Classic_Materials/Wood/wood015_Ash.sbs
wood016_Oli_Ash,.sbs,Wood,no,yes,Substance_Database_2.1/Substance_Database_2.1_Procedural_Sbs,Substance_Database_2.1/Substance_Database_2.1_Procedural_Sbs/Classic_Materials/Wood/wood016_Oli_Ash.sbs
wood017_Hemlock,.sbs,Wood,no,yes,Substance_Database_2.1/Substance_Database_2.1_Procedural_Sbs,Substance_Database_2.1/Substance_Database_2.1_Procedural_Sbs/Classic_Materials/Wood/wood017_Hemlock.sbs
wood018_Kotibe,.sbs,Wood,no,yes,Substance_Database_2.1/Substance_Database_2.1_Procedural_Sbs,Substance_Database_2.1/Substance_Database_2.1_Procedural_Sbs/Classic_Materials/Wood/wood018_Kotibe.sbs
wood019_Makore,.sbs,Wood,no,yes,Substance_Database_2.1/Substance_Database_2.1_Procedural_Sbs,Substance_Database_2.1/Substance_Database_2.1_Procedural_Sbs/Classic_Materials/Wood/wood019_Makore.sbs
wood020_Larch,.sbs,Wood,no,yes,Substance_Database_2.1/Substance_Database_2.1_Procedural_Sbs,Substance_Database_2.1/Substance_Database_2.1_Procedural_Sbs/Classic_Materials/Wood/wood020_Larch.sbs
wood021_Cherry,.sbs,Wood,no,yes,Substance_Database_2.1/Substance_Database_2.1_Procedural_Sbs,Substance_Database_2.1/Substance_Database_2.1_Procedural_Sbs/Classic_Materials/Wood/wood021_Cherry.sbs
wood022_Cherry,.sbs,Wood,no,yes,Substance_Database_2.1/Substance_Database_2.1_Procedural_Sbs,Substance_Database_2.1/Substance_Database_2.1_Procedural_Sbs/Classic_Materials/Wood/wood022_Cherry.sbs
wood023_Moabi,.sbs,Wood,no,yes,Substance_Database_2.1/Substance_Database_2.1_Procedural_Sbs,Substance_Database_2.1/Substance_Database_2.1_Procedural_Sbs/Classic_Materials/Wood/wood023_Moabi.sbs
wood024_Walnut,.sbs,Wood,no,yes,Substance_Database_2.1/Substance_Database_2.1_Procedural_Sbs,Substance_Database_2.1/Substance_Database_2.1_Procedural_Sbs/Classic_Materials/Wood/wood024_Walnut.sbs
wood025_Moabi,.sbs,Wood,no,yes,Substance_Database_2.1/Substance_Database_2.1_Procedural_Sbs,Substance_Database_2.1/Substance_Database_2.1_Procedural_Sbs/Classic_Materials/Wood/wood025_Moabi.sbs
wood027_Okoume,.sbs,Wood,no,yes,Substance_Database_2.1/Substance_Database_2.1_Procedural_Sbs,Substance_Database_2.1/Substance_Database_2.1_Procedural_Sbs/Classic_Materials/Wood/wood027_Okoume.sbs
wood028_Olive_Tree,.sbs,Wood,no,yes,Substance_Database_2.1/Substance_Database_2.1_Procedural_Sbs,Substance_Database_2.1/Substance_Database_2.1_Procedural_Sbs/Classic_Materials/Wood/wood028_Olive_Tree.sbs
wood029_Elm,.sbs,Wood,no,yes,Substance_Database_2.1/Substance_Database_2.1_Procedural_Sbs,Substance_Database_2.1/Substance_Database_2.1_Procedural_Sbs/Classic_Materials/Wood/wood029_Elm.sbs
wood030_Japanese_Elm,.sbs,Wood,no,yes,Substance_Database_2.1/Substance_Database_2.1_Procedural_Sbs,Substance_Database_2.1/Substance_Database_2.1_Procedural_Sbs/Classic_Materials/Wood/wood030_Japanese_Elm.sbs
wood031_American_Elm,.sbs,Wood,no,yes,Substance_Database_2.1/Substance_Database_2.1_Procedural_Sbs,Substance_Database_2.1/Substance_Database_2.1_Procedural_Sbs/Classic_Materials/Wood/wood031_American_Elm.sbs
wood032_Brazilian_Palisander,.sbs,Wood,no,yes,Substance_Database_2.1/Substance_Database_2.1_Procedural_Sbs,Substance_Database_2.1/Substance_Database_2.1_Procedural_Sbs/Classic_Materials/Wood/wood032_Brazilian_Palisander.sbs
wood033_Paldao,.sbs,Wood,no,yes,Substance_Database_2.1/Substance_Database_2.1_Procedural_Sbs,Substance_Database_2.1/Substance_Database_2.1_Procedural_Sbs/Classic_Materials/Wood/wood033_Paldao.sbs
wood034_Indian_Palisander,.sbs,Wood,no,yes,Substance_Database_2.1/Substance_Database_2.1_Procedural_Sbs,Substance_Database_2.1/Substance_Database_2.1_Procedural_Sbs/Classic_Materials/Wood/wood034_Indian_Palisander.sbs
wood035_Palisander,.sbs,Wood,no,yes,Substance_Database_2.1/Substance_Database_2.1_Procedural_Sbs,Substance_Database_2.1/Substance_Database_2.1_Procedural_Sbs/Classic_Materials/Wood/wood035_Palisander.sbs
wood036_Rio_Palisander,.sbs,Wood,no,yes,Substance_Database_2.1/Substance_Database_2.1_Procedural_Sbs,Substance_Database_2.1/Substance_Database_2.1_Procedural_Sbs/Classic_Materials/Wood/wood036_Rio_Palisander.sbs
wood037_Pauamar,.sbs,Wood,no,yes,Substance_Database_2.1/Substance_Database_2.1_Procedural_Sbs,Substance_Database_2.1/Substance_Database_2.1_Procedural_Sbs/Classic_Materials/Wood/wood037_Pauamar.sbs
wood039_Oregon_Pine,.sbs,Wood,no,yes,Substance_Database_2.1/Substance_Database_2.1_Procedural_Sbs,Substance_Database_2.1/Substance_Database_2.1_Procedural_Sbs/Classic_Materials/Wood/wood039_Oregon_Pine.sbs
wood040_Monterey_Pine,.sbs,Wood,no,yes,Substance_Database_2.1/Substance_Database_2.1_Procedural_Sbs,Substance_Database_2.1/Substance_Database_2.1_Procedural_Sbs/Classic_Materials/Wood/wood040_Monterey_Pine.sbs
wood041_Pink_Pine,.sbs,Wood,no,yes,Substance_Database_2.1/Substance_Database_2.1_Procedural_Sbs,Substance_Database_2.1/Substance_Database_2.1_Procedural_Sbs/Classic_Materials/Wood/wood041_Pink_Pine.sbs
wood042_Pine,.sbs,Wood,no,yes,Substance_Database_2.1/Substance_Database_2.1_Procedural_Sbs,Substance_Database_2.1/Substance_Database_2.1_Procedural_Sbs/Classic_Materials/Wood/wood042_Pine.sbs
wood043_Plane_Tree,.sbs,Wood,no,yes,Substance_Database_2.1/Substance_Database_2.1_Procedural_Sbs,Substance_Database_2.1/Substance_Database_2.1_Procedural_Sbs/Classic_Materials/Wood/wood043_Plane_Tree.sbs
wood044_Red_Cedar,.sbs,Wood,no,yes,Substance_Database_2.1/Substance_Database_2.1_Procedural_Sbs,Substance_Database_2.1/Substance_Database_2.1_Procedural_Sbs/Classic_Materials/Wood/wood044_Red_Cedar.sbs
wood045_Teak,.sbs,Wood,no,yes,Substance_Database_2.1/Substance_Database_2.1_Procedural_Sbs,Substance_Database_2.1/Substance_Database_2.1_Procedural_Sbs/Classic_Materials/Wood/wood045_Teak.sbs
wood046_Exotic,.sbs,Wood,no,yes,Substance_Database_2.1/Substance_Database_2.1_Procedural_Sbs,Substance_Database_2.1/Substance_Database_2.1_Procedural_Sbs/Classic_Materials/Wood/wood046_Exotic.sbs
wood047_Douka,.sbs,Wood,no,yes,Substance_Database_2.1/Substance_Database_2.1_Procedural_Sbs,Substance_Database_2.1/Substance_Database_2.1_Procedural_Sbs/Classic_Materials/Wood/wood047_Douka.sbs
wood26_Walnut,.sbs,Wood,no,yes,Substance_Database_2.1/Substance_Database_2.1_Procedural_Sbs,Substance_Database_2.1/Substance_Database_2.1_Procedural_Sbs/Classic_Materials/Wood/wood26_Walnut.sbs
Wood_American_Cherry,.sbs,Wood,no,yes,Substance_Database_2.1/Substance_Database_2.1_Procedural_Sbs,Substance_Database_2.1/Substance_Database_2.1_Procedural_Sbs/Classic_Materials/Wood/Wood_American_Cherry.sbs
Wood_Beech_ChocolateBrown,.sbs,Wood,no,yes,Substance_Database_2.1/Substance_Database_2.1_Procedural_Sbs,Substance_Database_2.1/Substance_Database_2.1_Procedural_Sbs/Classic_Materials/Wood/Wood_Beech_ChocolateBrown.sbs
Wood_Beech_Honey,.sbs,Wood,no,yes,Substance_Database_2.1/Substance_Database_2.1_Procedural_Sbs,Substance_Database_2.1/Substance_Database_2.1_Procedural_Sbs/Classic_Materials/Wood/Wood_Beech_Honey.sbs
Wood_Beech_MidBrown,.sbs,Wood,no,yes,Substance_Database_2.1/Substance_Database_2.1_Procedural_Sbs,Substance_Database_2.1/Substance_Database_2.1_Procedural_Sbs/Classic_Materials/Wood/Wood_Beech_MidBrown.sbs
Wood_Beech_MysticBrown,.sbs,Wood,no,yes,Substance_Database_2.1/Substance_Database_2.1_Procedural_Sbs,Substance_Database_2.1/Substance_Database_2.1_Procedural_Sbs/Classic_Materials/Wood/Wood_Beech_MysticBrown.sbs
Wood_Beech_Natural,.sbs,Wood,no,yes,Substance_Database_2.1/Substance_Database_2.1_Procedural_Sbs,Substance_Database_2.1/Substance_Database_2.1_Procedural_Sbs/Classic_Materials/Wood/Wood_Beech_Natural.sbs
Wood_Beech_ToastBrown,.sbs,Wood,no,yes,Substance_Database_2.1/Substance_Database_2.1_Procedural_Sbs,Substance_Database_2.1/Substance_Database_2.1_Procedural_Sbs/Classic_Materials/Wood/Wood_Beech_ToastBrown.sbs
Wood_Chipboard,.sbs,Wood,no,yes,Substance_Database_2.1/Substance_Database_2.1_Procedural_Sbs,Substance_Database_2.1/Substance_Database_2.1_Procedural_Sbs/Classic_Materials/Wood/Wood_Chipboard.sbs
Wood_Pine,.sbs,Wood,no,yes,Substance_Database_2.1/Substance_Database_2.1_Procedural_Sbs,Substance_Database_2.1/Substance_Database_2.1_Procedural_Sbs/Classic_Materials/Wood/Wood_Pine.sbs
wood_planks_001,.sbs,Wood,no,yes,Substance_Database_2.1/Substance_Database_2.1_Procedural_Sbs,Substance_Database_2.1/Substance_Database_2.1_Procedural_Sbs/Classic_Materials/Wood/wood_planks_001.sbs
Wood_Planks_01,.sbs,Wood,no,yes,Substance_Database_2.1/Substance_Database_2.1_Procedural_Sbs,Substance_Database_2.1/Substance_Database_2.1_Procedural_Sbs/Classic_Materials/Wood/Wood_Planks_01.sbs
Wood_Planks_02,.sbs,Wood,no,yes,Substance_Database_2.1/Substance_Database_2.1_Procedural_Sbs,Substance_Database_2.1/Substance_Database_2.1_Procedural_Sbs/Classic_Materials/Wood/Wood_Planks_02.sbs
Wood_Rhododendron,.sbs,Wood,no,yes,Substance_Database_2.1/Substance_Database_2.1_Procedural_Sbs,Substance_Database_2.1/Substance_Database_2.1_Procedural_Sbs/Classic_Materials/Wood/Wood_Rhododendron.sbs
Wood_White_Cedar,.sbs,Wood,no,yes,Substance_Database_2.1/Substance_Database_2.1_Procedural_Sbs,Substance_Database_2.1/Substance_Database_2.1_Procedural_Sbs/Classic_Materials/Wood/Wood_White_Cedar.sbs
GrungeMap_001,.sbs,Generators/Utility,no,yes,Substance_Database_2.1/Substance_Database_2.1_Procedural_Sbs,Substance_Database_2.1/Substance_Database_2.1_Procedural_Sbs/GrungeMaps/GrungeMap_001.sbs
GrungeMap_002,.sbs,Generators/Utility,no,yes,Substance_Database_2.1/Substance_Database_2.1_Procedural_Sbs,Substance_Database_2.1/Substance_Database_2.1_Procedural_Sbs/GrungeMaps/GrungeMap_002.sbs
GrungeMap_003,.sbs,Generators/Utility,no,yes,Substance_Database_2.1/Substance_Database_2.1_Procedural_Sbs,Substance_Database_2.1/Substance_Database_2.1_Procedural_Sbs/GrungeMaps/GrungeMap_003.sbs
GrungeMap_004,.sbs,Generators/Utility,no,yes,Substance_Database_2.1/Substance_Database_2.1_Procedural_Sbs,Substance_Database_2.1/Substance_Database_2.1_Procedural_Sbs/GrungeMaps/GrungeMap_004.sbs
GrungeMap_005,.sbs,Generators/Utility,no,yes,Substance_Database_2.1/Substance_Database_2.1_Procedural_Sbs,Substance_Database_2.1/Substance_Database_2.1_Procedural_Sbs/GrungeMaps/GrungeMap_005.sbs
GrungeMap_006,.sbs,Generators/Utility,no,yes,Substance_Database_2.1/Substance_Database_2.1_Procedural_Sbs,Substance_Database_2.1/Substance_Database_2.1_Procedural_Sbs/GrungeMaps/GrungeMap_006.sbs
GrungeMap_007,.sbs,Generators/Utility,no,yes,Substance_Database_2.1/Substance_Database_2.1_Procedural_Sbs,Substance_Database_2.1/Substance_Database_2.1_Procedural_Sbs/GrungeMaps/GrungeMap_007.sbs
GrungeMap_008,.sbs,Generators/Utility,no,yes,Substance_Database_2.1/Substance_Database_2.1_Procedural_Sbs,Substance_Database_2.1/Substance_Database_2.1_Procedural_Sbs/GrungeMaps/GrungeMap_008.sbs
GrungeMap_009,.sbs,Generators/Utility,no,yes,Substance_Database_2.1/Substance_Database_2.1_Procedural_Sbs,Substance_Database_2.1/Substance_Database_2.1_Procedural_Sbs/GrungeMaps/GrungeMap_009.sbs
GrungeMap_010,.sbs,Generators/Utility,no,yes,Substance_Database_2.1/Substance_Database_2.1_Procedural_Sbs,Substance_Database_2.1/Substance_Database_2.1_Procedural_Sbs/GrungeMaps/GrungeMap_010.sbs
GrungeMap_011,.sbs,Generators/Utility,no,yes,Substance_Database_2.1/Substance_Database_2.1_Procedural_Sbs,Substance_Database_2.1/Substance_Database_2.1_Procedural_Sbs/GrungeMaps/GrungeMap_011.sbs
GrungeMap_012,.sbs,Generators/Utility,no,yes,Substance_Database_2.1/Substance_Database_2.1_Procedural_Sbs,Substance_Database_2.1/Substance_Database_2.1_Procedural_Sbs/GrungeMaps/GrungeMap_012.sbs
GrungeMap_013,.sbs,Generators/Utility,no,yes,Substance_Database_2.1/Substance_Database_2.1_Procedural_Sbs,Substance_Database_2.1/Substance_Database_2.1_Procedural_Sbs/GrungeMaps/GrungeMap_013.sbs
GrungeMap_014,.sbs,Generators/Utility,no,yes,Substance_Database_2.1/Substance_Database_2.1_Procedural_Sbs,Substance_Database_2.1/Substance_Database_2.1_Procedural_Sbs/GrungeMaps/GrungeMap_014.sbs
GrungeMap_015,.sbs,Generators/Utility,no,yes,Substance_Database_2.1/Substance_Database_2.1_Procedural_Sbs,Substance_Database_2.1/Substance_Database_2.1_Procedural_Sbs/GrungeMaps/GrungeMap_015.sbs
Broken_Glass,.sbs,Generators/Utility,no,yes,Substance_Database_2.1/Substance_Database_2.1_Procedural_Sbs,Substance_Database_2.1/Substance_Database_2.1_Procedural_Sbs/Input_Textures/Broken_Glass.sbs
Burnt_Film,.sbs,Generators/Utility,no,yes,Substance_Database_2.1/Substance_Database_2.1_Procedural_Sbs,Substance_Database_2.1/Substance_Database_2.1_Procedural_Sbs/Input_Textures/Burnt_Film.sbs
Cracked_Ice,.sbs,Ice/Snow/Water,no,yes,Substance_Database_2.1/Substance_Database_2.1_Procedural_Sbs,Substance_Database_2.1/Substance_Database_2.1_Procedural_Sbs/Input_Textures/Cracked_Ice.sbs
Frost,.sbs,Ice/Snow/Water,no,yes,Substance_Database_2.1/Substance_Database_2.1_Procedural_Sbs,Substance_Database_2.1/Substance_Database_2.1_Procedural_Sbs/Input_Textures/Frost.sbs
Frosted_Glass,.sbs,Generators/Utility,no,yes,Substance_Database_2.1/Substance_Database_2.1_Procedural_Sbs,Substance_Database_2.1/Substance_Database_2.1_Procedural_Sbs/Input_Textures/Frosted_Glass.sbs
Grimoire,.sbs,Generators/Utility,no,yes,Substance_Database_2.1/Substance_Database_2.1_Procedural_Sbs,Substance_Database_2.1/Substance_Database_2.1_Procedural_Sbs/Input_Textures/Grimoire.sbs
Liquid_Splash,.sbs,Ice/Snow/Water,no,yes,Substance_Database_2.1/Substance_Database_2.1_Procedural_Sbs,Substance_Database_2.1/Substance_Database_2.1_Procedural_Sbs/Input_Textures/Liquid_Splash.sbs
Old_Parchment,.sbs,Generators/Utility,no,yes,Substance_Database_2.1/Substance_Database_2.1_Procedural_Sbs,Substance_Database_2.1/Substance_Database_2.1_Procedural_Sbs/Input_Textures/Old_Parchment.sbs
Sanded_Glass,.sbs,Ground/Soil/Sand/Gravel,no,yes,Substance_Database_2.1/Substance_Database_2.1_Procedural_Sbs,Substance_Database_2.1/Substance_Database_2.1_Procedural_Sbs/Input_Textures/Sanded_Glass.sbs
Stained_Glass,.sbs,Generators/Utility,no,yes,Substance_Database_2.1/Substance_Database_2.1_Procedural_Sbs,Substance_Database_2.1/Substance_Database_2.1_Procedural_Sbs/Input_Textures/Stained_Glass .sbs
Transparent_Ice,.sbs,Ice/Snow/Water,no,yes,Substance_Database_2.1/Substance_Database_2.1_Procedural_Sbs,Substance_Database_2.1/Substance_Database_2.1_Procedural_Sbs/Input_Textures/Transparent_Ice.sbs
Tunnel,.sbs,Generators/Utility,no,yes,Substance_Database_2.1/Substance_Database_2.1_Procedural_Sbs,Substance_Database_2.1/Substance_Database_2.1_Procedural_Sbs/Input_Textures/Tunnel.sbs
Wallpaper_Input,.sbs,Generators/Utility,no,yes,Substance_Database_2.1/Substance_Database_2.1_Procedural_Sbs,Substance_Database_2.1/Substance_Database_2.1_Procedural_Sbs/Input_Textures/Wallpaper_Input.sbs
Water_Drips,.sbs,Ice/Snow/Water,no,yes,Substance_Database_2.1/Substance_Database_2.1_Procedural_Sbs,Substance_Database_2.1/Substance_Database_2.1_Procedural_Sbs/Input_Textures/Water_Drips.sbs
Water_Drops,.sbs,Ice/Snow/Water,no,yes,Substance_Database_2.1/Substance_Database_2.1_Procedural_Sbs,Substance_Database_2.1/Substance_Database_2.1_Procedural_Sbs/Input_Textures/Water_Drops.sbs
Windscreen_Glass_01,.sbs,Generators/Utility,no,yes,Substance_Database_2.1/Substance_Database_2.1_Procedural_Sbs,Substance_Database_2.1/Substance_Database_2.1_Procedural_Sbs/Input_Textures/Windscreen_Glass_01.sbs
Windscreen_Glass_02,.sbs,Generators/Utility,no,yes,Substance_Database_2.1/Substance_Database_2.1_Procedural_Sbs,Substance_Database_2.1/Substance_Database_2.1_Procedural_Sbs/Input_Textures/Windscreen_Glass_02.sbs
brick_wall_001,.sbs,Brick/Masonry/Wall,no,yes,Substance_Database_2.1/Substance_Database_2.1_Procedural_Sbs,Substance_Database_2.1/Substance_Database_2.1_Procedural_Sbs/PBR_Materials/Bricks/brick_wall_001.sbs
bricks_001,.sbs,Brick/Masonry/Wall,no,yes,Substance_Database_2.1/Substance_Database_2.1_Procedural_Sbs,Substance_Database_2.1/Substance_Database_2.1_Procedural_Sbs/PBR_Materials/Bricks/bricks_001.sbs
bricks_002,.sbs,Brick/Masonry/Wall,no,yes,Substance_Database_2.1/Substance_Database_2.1_Procedural_Sbs,Substance_Database_2.1/Substance_Database_2.1_Procedural_Sbs/PBR_Materials/Bricks/bricks_002.sbs
bricks_003,.sbs,Brick/Masonry/Wall,no,yes,Substance_Database_2.1/Substance_Database_2.1_Procedural_Sbs,Substance_Database_2.1/Substance_Database_2.1_Procedural_Sbs/PBR_Materials/Bricks/bricks_003.sbs
bricks_004,.sbs,Brick/Masonry/Wall,no,yes,Substance_Database_2.1/Substance_Database_2.1_Procedural_Sbs,Substance_Database_2.1/Substance_Database_2.1_Procedural_Sbs/PBR_Materials/Bricks/bricks_004.sbs
bricks_005,.sbs,Brick/Masonry/Wall,no,yes,Substance_Database_2.1/Substance_Database_2.1_Procedural_Sbs,Substance_Database_2.1/Substance_Database_2.1_Procedural_Sbs/PBR_Materials/Bricks/bricks_005.sbs
bricks_008,.sbs,Brick/Masonry/Wall,no,yes,Substance_Database_2.1/Substance_Database_2.1_Procedural_Sbs,Substance_Database_2.1/Substance_Database_2.1_Procedural_Sbs/PBR_Materials/Bricks/bricks_008.sbs
bricks_011,.sbs,Brick/Masonry/Wall,no,yes,Substance_Database_2.1/Substance_Database_2.1_Procedural_Sbs,Substance_Database_2.1/Substance_Database_2.1_Procedural_Sbs/PBR_Materials/Bricks/bricks_011.sbs
bricks_018,.sbs,Brick/Masonry/Wall,no,yes,Substance_Database_2.1/Substance_Database_2.1_Procedural_Sbs,Substance_Database_2.1/Substance_Database_2.1_Procedural_Sbs/PBR_Materials/Bricks/bricks_018.sbs
bricks_020,.sbs,Brick/Masonry/Wall,no,yes,Substance_Database_2.1/Substance_Database_2.1_Procedural_Sbs,Substance_Database_2.1/Substance_Database_2.1_Procedural_Sbs/PBR_Materials/Bricks/bricks_020.sbs
bricks_027,.sbs,Brick/Masonry/Wall,no,yes,Substance_Database_2.1/Substance_Database_2.1_Procedural_Sbs,Substance_Database_2.1/Substance_Database_2.1_Procedural_Sbs/PBR_Materials/Bricks/bricks_027.sbs
bricks_031,.sbs,Brick/Masonry/Wall,no,yes,Substance_Database_2.1/Substance_Database_2.1_Procedural_Sbs,Substance_Database_2.1/Substance_Database_2.1_Procedural_Sbs/PBR_Materials/Bricks/bricks_031.sbs
bricks_034,.sbs,Brick/Masonry/Wall,no,yes,Substance_Database_2.1/Substance_Database_2.1_Procedural_Sbs,Substance_Database_2.1/Substance_Database_2.1_Procedural_Sbs/PBR_Materials/Bricks/bricks_034.sbs
rock_wall_004,.sbs,Brick/Masonry/Wall,no,yes,Substance_Database_2.1/Substance_Database_2.1_Procedural_Sbs,Substance_Database_2.1/Substance_Database_2.1_Procedural_Sbs/PBR_Materials/Bricks/rock_wall_004.sbs
rock_wall_005,.sbs,Brick/Masonry/Wall,no,yes,Substance_Database_2.1/Substance_Database_2.1_Procedural_Sbs,Substance_Database_2.1/Substance_Database_2.1_Procedural_Sbs/PBR_Materials/Bricks/rock_wall_005.sbs
door_001,.sbs,Brick/Masonry/Wall,no,yes,Substance_Database_2.1/Substance_Database_2.1_Procedural_Sbs,Substance_Database_2.1/Substance_Database_2.1_Procedural_Sbs/PBR_Materials/Buildings/door_001.sbs
house_wall_001,.sbs,Brick/Masonry/Wall,no,yes,Substance_Database_2.1/Substance_Database_2.1_Procedural_Sbs,Substance_Database_2.1/Substance_Database_2.1_Procedural_Sbs/PBR_Materials/Buildings/house_wall_001.sbs
classic_brown_concrete,.sbs,Concrete/Plaster,no,yes,Substance_Database_2.1/Substance_Database_2.1_Procedural_Sbs,Substance_Database_2.1/Substance_Database_2.1_Procedural_Sbs/PBR_Materials/Concrete/classic_brown_concrete.sbs
concrete_002,.sbs,Concrete/Plaster,no,yes,Substance_Database_2.1/Substance_Database_2.1_Procedural_Sbs,Substance_Database_2.1/Substance_Database_2.1_Procedural_Sbs/PBR_Materials/Concrete/concrete_002.sbs
concrete_003,.sbs,Concrete/Plaster,no,yes,Substance_Database_2.1/Substance_Database_2.1_Procedural_Sbs,Substance_Database_2.1/Substance_Database_2.1_Procedural_Sbs/PBR_Materials/Concrete/concrete_003.sbs
concrete_005,.sbs,Concrete/Plaster,no,yes,Substance_Database_2.1/Substance_Database_2.1_Procedural_Sbs,Substance_Database_2.1/Substance_Database_2.1_Procedural_Sbs/PBR_Materials/Concrete/concrete_005.sbs
concrete_006,.sbs,Concrete/Plaster,no,yes,Substance_Database_2.1/Substance_Database_2.1_Procedural_Sbs,Substance_Database_2.1/Substance_Database_2.1_Procedural_Sbs/PBR_Materials/Concrete/concrete_006.sbs
concrete_007,.sbs,Concrete/Plaster,no,yes,Substance_Database_2.1/Substance_Database_2.1_Procedural_Sbs,Substance_Database_2.1/Substance_Database_2.1_Procedural_Sbs/PBR_Materials/Concrete/concrete_007.sbs
concrete_010,.sbs,Concrete/Plaster,no,yes,Substance_Database_2.1/Substance_Database_2.1_Procedural_Sbs,Substance_Database_2.1/Substance_Database_2.1_Procedural_Sbs/PBR_Materials/Concrete/concrete_010.sbs
concrete_011,.sbs,Concrete/Plaster,no,yes,Substance_Database_2.1/Substance_Database_2.1_Procedural_Sbs,Substance_Database_2.1/Substance_Database_2.1_Procedural_Sbs/PBR_Materials/Concrete/concrete_011.sbs
concrete_012,.sbs,Concrete/Plaster,no,yes,Substance_Database_2.1/Substance_Database_2.1_Procedural_Sbs,Substance_Database_2.1/Substance_Database_2.1_Procedural_Sbs/PBR_Materials/Concrete/concrete_012.sbs
concrete_013,.sbs,Concrete/Plaster,no,yes,Substance_Database_2.1/Substance_Database_2.1_Procedural_Sbs,Substance_Database_2.1/Substance_Database_2.1_Procedural_Sbs/PBR_Materials/Concrete/concrete_013.sbs
concrete_014,.sbs,Concrete/Plaster,no,yes,Substance_Database_2.1/Substance_Database_2.1_Procedural_Sbs,Substance_Database_2.1/Substance_Database_2.1_Procedural_Sbs/PBR_Materials/Concrete/concrete_014.sbs
concrete_016,.sbs,Concrete/Plaster,no,yes,Substance_Database_2.1/Substance_Database_2.1_Procedural_Sbs,Substance_Database_2.1/Substance_Database_2.1_Procedural_Sbs/PBR_Materials/Concrete/concrete_016.sbs
concrete_022,.sbs,Concrete/Plaster,no,yes,Substance_Database_2.1/Substance_Database_2.1_Procedural_Sbs,Substance_Database_2.1/Substance_Database_2.1_Procedural_Sbs/PBR_Materials/Concrete/concrete_022.sbs
concrete_023,.sbs,Concrete/Plaster,no,yes,Substance_Database_2.1/Substance_Database_2.1_Procedural_Sbs,Substance_Database_2.1/Substance_Database_2.1_Procedural_Sbs/PBR_Materials/Concrete/concrete_023.sbs
concrete_026,.sbs,Concrete/Plaster,no,yes,Substance_Database_2.1/Substance_Database_2.1_Procedural_Sbs,Substance_Database_2.1/Substance_Database_2.1_Procedural_Sbs/PBR_Materials/Concrete/concrete_026.sbs
concrete_030,.sbs,Concrete/Plaster,no,yes,Substance_Database_2.1/Substance_Database_2.1_Procedural_Sbs,Substance_Database_2.1/Substance_Database_2.1_Procedural_Sbs/PBR_Materials/Concrete/concrete_030.sbs
concrete_031,.sbs,Concrete/Plaster,no,yes,Substance_Database_2.1/Substance_Database_2.1_Procedural_Sbs,Substance_Database_2.1/Substance_Database_2.1_Procedural_Sbs/PBR_Materials/Concrete/concrete_031.sbs
concrete_044,.sbs,Concrete/Plaster,no,yes,Substance_Database_2.1/Substance_Database_2.1_Procedural_Sbs,Substance_Database_2.1/Substance_Database_2.1_Procedural_Sbs/PBR_Materials/Concrete/concrete_044.sbs
concrete_045,.sbs,Concrete/Plaster,no,yes,Substance_Database_2.1/Substance_Database_2.1_Procedural_Sbs,Substance_Database_2.1/Substance_Database_2.1_Procedural_Sbs/PBR_Materials/Concrete/concrete_045.sbs
concrete_047,.sbs,Concrete/Plaster,no,yes,Substance_Database_2.1/Substance_Database_2.1_Procedural_Sbs,Substance_Database_2.1/Substance_Database_2.1_Procedural_Sbs/PBR_Materials/Concrete/concrete_047.sbs
concrete_049,.sbs,Concrete/Plaster,no,yes,Substance_Database_2.1/Substance_Database_2.1_Procedural_Sbs,Substance_Database_2.1/Substance_Database_2.1_Procedural_Sbs/PBR_Materials/Concrete/concrete_049.sbs
concrete_056,.sbs,Concrete/Plaster,no,yes,Substance_Database_2.1/Substance_Database_2.1_Procedural_Sbs,Substance_Database_2.1/Substance_Database_2.1_Procedural_Sbs/PBR_Materials/Concrete/concrete_056.sbs
concrete_069,.sbs,Concrete/Plaster,no,yes,Substance_Database_2.1/Substance_Database_2.1_Procedural_Sbs,Substance_Database_2.1/Substance_Database_2.1_Procedural_Sbs/PBR_Materials/Concrete/concrete_069.sbs
concrete_070,.sbs,Concrete/Plaster,no,yes,Substance_Database_2.1/Substance_Database_2.1_Procedural_Sbs,Substance_Database_2.1/Substance_Database_2.1_Procedural_Sbs/PBR_Materials/Concrete/concrete_070.sbs
concrete_073,.sbs,Concrete/Plaster,no,yes,Substance_Database_2.1/Substance_Database_2.1_Procedural_Sbs,Substance_Database_2.1/Substance_Database_2.1_Procedural_Sbs/PBR_Materials/Concrete/concrete_073.sbs
concrete_079,.sbs,Concrete/Plaster,no,yes,Substance_Database_2.1/Substance_Database_2.1_Procedural_Sbs,Substance_Database_2.1/Substance_Database_2.1_Procedural_Sbs/PBR_Materials/Concrete/concrete_079.sbs
concrete_081,.sbs,Concrete/Plaster,no,yes,Substance_Database_2.1/Substance_Database_2.1_Procedural_Sbs,Substance_Database_2.1/Substance_Database_2.1_Procedural_Sbs/PBR_Materials/Concrete/concrete_081.sbs
concrete_083,.sbs,Concrete/Plaster,no,yes,Substance_Database_2.1/Substance_Database_2.1_Procedural_Sbs,Substance_Database_2.1/Substance_Database_2.1_Procedural_Sbs/PBR_Materials/Concrete/concrete_083.sbs
concrete_084,.sbs,Concrete/Plaster,no,yes,Substance_Database_2.1/Substance_Database_2.1_Procedural_Sbs,Substance_Database_2.1/Substance_Database_2.1_Procedural_Sbs/PBR_Materials/Concrete/concrete_084.sbs
concrete_085,.sbs,Concrete/Plaster,no,yes,Substance_Database_2.1/Substance_Database_2.1_Procedural_Sbs,Substance_Database_2.1/Substance_Database_2.1_Procedural_Sbs/PBR_Materials/Concrete/concrete_085.sbs
modern_concrete_001,.sbs,Concrete/Plaster,no,yes,Substance_Database_2.1/Substance_Database_2.1_Procedural_Sbs,Substance_Database_2.1/Substance_Database_2.1_Procedural_Sbs/PBR_Materials/Concrete/modern_concrete_001.sbs
painted_concrete,.sbs,Concrete/Plaster,no,yes,Substance_Database_2.1/Substance_Database_2.1_Procedural_Sbs,Substance_Database_2.1/Substance_Database_2.1_Procedural_Sbs/PBR_Materials/Concrete/painted_concrete.sbs
poured_concrete,.sbs,Concrete/Plaster,no,yes,Substance_Database_2.1/Substance_Database_2.1_Procedural_Sbs,Substance_Database_2.1/Substance_Database_2.1_Procedural_Sbs/PBR_Materials/Concrete/poured_concrete.sbs
rough_concrete_with_lines,.sbs,Concrete/Plaster,no,yes,Substance_Database_2.1/Substance_Database_2.1_Procedural_Sbs,Substance_Database_2.1/Substance_Database_2.1_Procedural_Sbs/PBR_Materials/Concrete/rough_concrete_with_lines.sbs
scratched_concrete,.sbs,Concrete/Plaster,no,yes,Substance_Database_2.1/Substance_Database_2.1_Procedural_Sbs,Substance_Database_2.1/Substance_Database_2.1_Procedural_Sbs/PBR_Materials/Concrete/scratched_concrete.sbs
stripes_001,.sbs,Concrete/Plaster,no,yes,Substance_Database_2.1/Substance_Database_2.1_Procedural_Sbs,Substance_Database_2.1/Substance_Database_2.1_Procedural_Sbs/PBR_Materials/Concrete/stripes_001.sbs
camouflage_001,.sbs,Fabric/Leather,no,yes,Substance_Database_2.1/Substance_Database_2.1_Procedural_Sbs,Substance_Database_2.1/Substance_Database_2.1_Procedural_Sbs/PBR_Materials/Fabric/camouflage_001.sbs
carpet_001,.sbs,Fabric/Leather,no,yes,Substance_Database_2.1/Substance_Database_2.1_Procedural_Sbs,Substance_Database_2.1/Substance_Database_2.1_Procedural_Sbs/PBR_Materials/Fabric/carpet_001.sbs
fabric_002,.sbs,Fabric/Leather,no,yes,Substance_Database_2.1/Substance_Database_2.1_Procedural_Sbs,Substance_Database_2.1/Substance_Database_2.1_Procedural_Sbs/PBR_Materials/Fabric/fabric_002.sbs
fabric_005,.sbs,Fabric/Leather,no,yes,Substance_Database_2.1/Substance_Database_2.1_Procedural_Sbs,Substance_Database_2.1/Substance_Database_2.1_Procedural_Sbs/PBR_Materials/Fabric/fabric_005.sbs
fabric_009,.sbs,Fabric/Leather,no,yes,Substance_Database_2.1/Substance_Database_2.1_Procedural_Sbs,Substance_Database_2.1/Substance_Database_2.1_Procedural_Sbs/PBR_Materials/Fabric/fabric_009.sbs
fabric_013,.sbs,Fabric/Leather,no,yes,Substance_Database_2.1/Substance_Database_2.1_Procedural_Sbs,Substance_Database_2.1/Substance_Database_2.1_Procedural_Sbs/PBR_Materials/Fabric/fabric_013.sbs
fabric_017,.sbs,Fabric/Leather,no,yes,Substance_Database_2.1/Substance_Database_2.1_Procedural_Sbs,Substance_Database_2.1/Substance_Database_2.1_Procedural_Sbs/PBR_Materials/Fabric/fabric_017.sbs
fabric_018,.sbs,Fabric/Leather,no,yes,Substance_Database_2.1/Substance_Database_2.1_Procedural_Sbs,Substance_Database_2.1/Substance_Database_2.1_Procedural_Sbs/PBR_Materials/Fabric/fabric_018.sbs
fabric_020,.sbs,Fabric/Leather,no,yes,Substance_Database_2.1/Substance_Database_2.1_Procedural_Sbs,Substance_Database_2.1/Substance_Database_2.1_Procedural_Sbs/PBR_Materials/Fabric/fabric_020.sbs
fabric_022,.sbs,Fabric/Leather,no,yes,Substance_Database_2.1/Substance_Database_2.1_Procedural_Sbs,Substance_Database_2.1/Substance_Database_2.1_Procedural_Sbs/PBR_Materials/Fabric/fabric_022.sbs
fabric_025,.sbs,Fabric/Leather,no,yes,Substance_Database_2.1/Substance_Database_2.1_Procedural_Sbs,Substance_Database_2.1/Substance_Database_2.1_Procedural_Sbs/PBR_Materials/Fabric/fabric_025.sbs
fabric_026,.sbs,Fabric/Leather,no,yes,Substance_Database_2.1/Substance_Database_2.1_Procedural_Sbs,Substance_Database_2.1/Substance_Database_2.1_Procedural_Sbs/PBR_Materials/Fabric/fabric_026.sbs
fabric_027,.sbs,Fabric/Leather,no,yes,Substance_Database_2.1/Substance_Database_2.1_Procedural_Sbs,Substance_Database_2.1/Substance_Database_2.1_Procedural_Sbs/PBR_Materials/Fabric/fabric_027.sbs
fabric_029,.sbs,Fabric/Leather,no,yes,Substance_Database_2.1/Substance_Database_2.1_Procedural_Sbs,Substance_Database_2.1/Substance_Database_2.1_Procedural_Sbs/PBR_Materials/Fabric/fabric_029.sbs
fabric_036,.sbs,Fabric/Leather,no,yes,Substance_Database_2.1/Substance_Database_2.1_Procedural_Sbs,Substance_Database_2.1/Substance_Database_2.1_Procedural_Sbs/PBR_Materials/Fabric/fabric_036.sbs
fabric_cotton,.sbs,Fabric/Leather,no,yes,Substance_Database_2.1/Substance_Database_2.1_Procedural_Sbs,Substance_Database_2.1/Substance_Database_2.1_Procedural_Sbs/PBR_Materials/Fabric/fabric_cotton.sbs
fabric_gingham,.sbs,Fabric/Leather,no,yes,Substance_Database_2.1/Substance_Database_2.1_Procedural_Sbs,Substance_Database_2.1/Substance_Database_2.1_Procedural_Sbs/PBR_Materials/Fabric/fabric_gingham.sbs
fabric_knitted_wool,.sbs,Fabric/Leather,no,yes,Substance_Database_2.1/Substance_Database_2.1_Procedural_Sbs,Substance_Database_2.1/Substance_Database_2.1_Procedural_Sbs/PBR_Materials/Fabric/fabric_knitted_wool.sbs
fabric_polo_002,.sbs,Fabric/Leather,no,yes,Substance_Database_2.1/Substance_Database_2.1_Procedural_Sbs,Substance_Database_2.1/Substance_Database_2.1_Procedural_Sbs/PBR_Materials/Fabric/fabric_polo_002.sbs
fabric_silk,.sbs,Fabric/Leather,no,yes,Substance_Database_2.1/Substance_Database_2.1_Procedural_Sbs,Substance_Database_2.1/Substance_Database_2.1_Procedural_Sbs/PBR_Materials/Fabric/fabric_silk.sbs
fabric_square_pattern,.sbs,Fabric/Leather,no,yes,Substance_Database_2.1/Substance_Database_2.1_Procedural_Sbs,Substance_Database_2.1/Substance_Database_2.1_Procedural_Sbs/PBR_Materials/Fabric/fabric_square_pattern.sbs
fabric_wool_fluffy,.sbs,Fabric/Leather,no,yes,Substance_Database_2.1/Substance_Database_2.1_Procedural_Sbs,Substance_Database_2.1/Substance_Database_2.1_Procedural_Sbs/PBR_Materials/Fabric/fabric_wool_fluffy.sbs
leather_001,.sbs,Fabric/Leather,no,yes,Substance_Database_2.1/Substance_Database_2.1_Procedural_Sbs,Substance_Database_2.1/Substance_Database_2.1_Procedural_Sbs/PBR_Materials/Fabric/leather_001.sbs
leather_classic,.sbs,Fabric/Leather,no,yes,Substance_Database_2.1/Substance_Database_2.1_Procedural_Sbs,Substance_Database_2.1/Substance_Database_2.1_Procedural_Sbs/PBR_Materials/Fabric/leather_classic.sbs
rug_001,.sbs,Fabric/Leather,no,yes,Substance_Database_2.1/Substance_Database_2.1_Procedural_Sbs,Substance_Database_2.1/Substance_Database_2.1_Procedural_Sbs/PBR_Materials/Fabric/rug_001.sbs
shoes_leather,.sbs,Fabric/Leather,no,yes,Substance_Database_2.1/Substance_Database_2.1_Procedural_Sbs,Substance_Database_2.1/Substance_Database_2.1_Procedural_Sbs/PBR_Materials/Fabric/shoes_leather.sbs
shoes_turned_leather,.sbs,Fabric/Leather,no,yes,Substance_Database_2.1/Substance_Database_2.1_Procedural_Sbs,Substance_Database_2.1/Substance_Database_2.1_Procedural_Sbs/PBR_Materials/Fabric/shoes_turned_leather.sbs
toasted_bread,.sbs,Other,no,yes,Substance_Database_2.1/Substance_Database_2.1_Procedural_Sbs,Substance_Database_2.1/Substance_Database_2.1_Procedural_Sbs/PBR_Materials/Food/toasted_bread.sbs
circle_pavement,.sbs,Pavement/Tiles/Floor,no,yes,Substance_Database_2.1/Substance_Database_2.1_Procedural_Sbs,Substance_Database_2.1/Substance_Database_2.1_Procedural_Sbs/PBR_Materials/Ground/circle_pavement.sbs
dry_ground_002,.sbs,Ground/Soil/Sand/Gravel,no,yes,Substance_Database_2.1/Substance_Database_2.1_Procedural_Sbs,Substance_Database_2.1/Substance_Database_2.1_Procedural_Sbs/PBR_Materials/Ground/dry_ground_002.sbs
gravel,.sbs,Ground/Soil/Sand/Gravel,no,yes,Substance_Database_2.1/Substance_Database_2.1_Procedural_Sbs,Substance_Database_2.1/Substance_Database_2.1_Procedural_Sbs/PBR_Materials/Ground/gravel.sbs
ground_002,.sbs,Ground/Soil/Sand/Gravel,no,yes,Substance_Database_2.1/Substance_Database_2.1_Procedural_Sbs,Substance_Database_2.1/Substance_Database_2.1_Procedural_Sbs/PBR_Materials/Ground/ground_002.sbs
ground_003,.sbs,Ground/Soil/Sand/Gravel,no,yes,Substance_Database_2.1/Substance_Database_2.1_Procedural_Sbs,Substance_Database_2.1/Substance_Database_2.1_Procedural_Sbs/PBR_Materials/Ground/ground_003.sbs
ground_004,.sbs,Ground/Soil/Sand/Gravel,no,yes,Substance_Database_2.1/Substance_Database_2.1_Procedural_Sbs,Substance_Database_2.1/Substance_Database_2.1_Procedural_Sbs/PBR_Materials/Ground/ground_004.sbs
ground_005,.sbs,Ground/Soil/Sand/Gravel,no,yes,Substance_Database_2.1/Substance_Database_2.1_Procedural_Sbs,Substance_Database_2.1/Substance_Database_2.1_Procedural_Sbs/PBR_Materials/Ground/ground_005.sbs
ground_006,.sbs,Ground/Soil/Sand/Gravel,no,yes,Substance_Database_2.1/Substance_Database_2.1_Procedural_Sbs,Substance_Database_2.1/Substance_Database_2.1_Procedural_Sbs/PBR_Materials/Ground/ground_006.sbs
ground_007,.sbs,Ground/Soil/Sand/Gravel,no,yes,Substance_Database_2.1/Substance_Database_2.1_Procedural_Sbs,Substance_Database_2.1/Substance_Database_2.1_Procedural_Sbs/PBR_Materials/Ground/ground_007.sbs
ground_008,.sbs,Ground/Soil/Sand/Gravel,no,yes,Substance_Database_2.1/Substance_Database_2.1_Procedural_Sbs,Substance_Database_2.1/Substance_Database_2.1_Procedural_Sbs/PBR_Materials/Ground/ground_008.sbs
ground_010,.sbs,Ground/Soil/Sand/Gravel,no,yes,Substance_Database_2.1/Substance_Database_2.1_Procedural_Sbs,Substance_Database_2.1/Substance_Database_2.1_Procedural_Sbs/PBR_Materials/Ground/ground_010.sbs
ground_011,.sbs,Ground/Soil/Sand/Gravel,no,yes,Substance_Database_2.1/Substance_Database_2.1_Procedural_Sbs,Substance_Database_2.1/Substance_Database_2.1_Procedural_Sbs/PBR_Materials/Ground/ground_011.sbs
ground_012,.sbs,Ground/Soil/Sand/Gravel,no,yes,Substance_Database_2.1/Substance_Database_2.1_Procedural_Sbs,Substance_Database_2.1/Substance_Database_2.1_Procedural_Sbs/PBR_Materials/Ground/ground_012.sbs
ground_014,.sbs,Ground/Soil/Sand/Gravel,no,yes,Substance_Database_2.1/Substance_Database_2.1_Procedural_Sbs,Substance_Database_2.1/Substance_Database_2.1_Procedural_Sbs/PBR_Materials/Ground/ground_014.sbs
ground_015,.sbs,Ground/Soil/Sand/Gravel,no,yes,Substance_Database_2.1/Substance_Database_2.1_Procedural_Sbs,Substance_Database_2.1/Substance_Database_2.1_Procedural_Sbs/PBR_Materials/Ground/ground_015.sbs
ground_018,.sbs,Ground/Soil/Sand/Gravel,no,yes,Substance_Database_2.1/Substance_Database_2.1_Procedural_Sbs,Substance_Database_2.1/Substance_Database_2.1_Procedural_Sbs/PBR_Materials/Ground/ground_018.sbs
ground_021,.sbs,Ground/Soil/Sand/Gravel,no,yes,Substance_Database_2.1/Substance_Database_2.1_Procedural_Sbs,Substance_Database_2.1/Substance_Database_2.1_Procedural_Sbs/PBR_Materials/Ground/ground_021.sbs
ground_022,.sbs,Ground/Soil/Sand/Gravel,no,yes,Substance_Database_2.1/Substance_Database_2.1_Procedural_Sbs,Substance_Database_2.1/Substance_Database_2.1_Procedural_Sbs/PBR_Materials/Ground/ground_022.sbs
ground_gravel_asphalt,.sbs,Pavement/Tiles/Floor,no,yes,Substance_Database_2.1/Substance_Database_2.1_Procedural_Sbs,Substance_Database_2.1/Substance_Database_2.1_Procedural_Sbs/PBR_Materials/Ground/ground_gravel_asphalt.sbs
lawn_001,.sbs,Organic/Nature,no,yes,Substance_Database_2.1/Substance_Database_2.1_Procedural_Sbs,Substance_Database_2.1/Substance_Database_2.1_Procedural_Sbs/PBR_Materials/Ground/lawn_001.sbs
mud_001,.sbs,Ground/Soil/Sand/Gravel,no,yes,Substance_Database_2.1/Substance_Database_2.1_Procedural_Sbs,Substance_Database_2.1/Substance_Database_2.1_Procedural_Sbs/PBR_Materials/Ground/mud_001.sbs
pebbles_002,.sbs,Rock/Stone/Cliff,no,yes,Substance_Database_2.1/Substance_Database_2.1_Procedural_Sbs,Substance_Database_2.1/Substance_Database_2.1_Procedural_Sbs/PBR_Materials/Ground/pebbles_002.sbs
rough_ground,.sbs,Ground/Soil/Sand/Gravel,no,yes,Substance_Database_2.1/Substance_Database_2.1_Procedural_Sbs,Substance_Database_2.1/Substance_Database_2.1_Procedural_Sbs/PBR_Materials/Ground/rough_ground.sbs
sand_001,.sbs,Ground/Soil/Sand/Gravel,no,yes,Substance_Database_2.1/Substance_Database_2.1_Procedural_Sbs,Substance_Database_2.1/Substance_Database_2.1_Procedural_Sbs/PBR_Materials/Ground/sand_001.sbs
cane,.sbs,Other,no,yes,Substance_Database_2.1/Substance_Database_2.1_Procedural_Sbs,Substance_Database_2.1/Substance_Database_2.1_Procedural_Sbs/PBR_Materials/Manmade/cane.sbs
chainmail_antique,.sbs,Metal,no,yes,Substance_Database_2.1/Substance_Database_2.1_Procedural_Sbs,Substance_Database_2.1/Substance_Database_2.1_Procedural_Sbs/PBR_Materials/Manmade/chainmail_antique.sbs
glass,.sbs,Other,no,yes,Substance_Database_2.1/Substance_Database_2.1_Procedural_Sbs,Substance_Database_2.1/Substance_Database_2.1_Procedural_Sbs/PBR_Materials/Manmade/glass.sbs
leather_plate_armor,.sbs,Fabric/Leather,no,yes,Substance_Database_2.1/Substance_Database_2.1_Procedural_Sbs,Substance_Database_2.1/Substance_Database_2.1_Procedural_Sbs/PBR_Materials/Manmade/leather_plate_armor.sbs
metal_plate_armor,.sbs,Metal,no,yes,Substance_Database_2.1/Substance_Database_2.1_Procedural_Sbs,Substance_Database_2.1/Substance_Database_2.1_Procedural_Sbs/PBR_Materials/Manmade/metal_plate_armor.sbs
metal_scale_armor,.sbs,Organic/Nature,no,yes,Substance_Database_2.1/Substance_Database_2.1_Procedural_Sbs,Substance_Database_2.1/Substance_Database_2.1_Procedural_Sbs/PBR_Materials/Manmade/metal_scale_armor.sbs
plastic_base,.sbs,Other,no,yes,Substance_Database_2.1/Substance_Database_2.1_Procedural_Sbs,Substance_Database_2.1/Substance_Database_2.1_Procedural_Sbs/PBR_Materials/Manmade/plastic_base.sbs
shutter_001,.sbs,Other,no,yes,Substance_Database_2.1/Substance_Database_2.1_Procedural_Sbs,Substance_Database_2.1/Substance_Database_2.1_Procedural_Sbs/PBR_Materials/Manmade/shutter_001.sbs
sponge,.sbs,Organic/Nature,no,yes,Substance_Database_2.1/Substance_Database_2.1_Procedural_Sbs,Substance_Database_2.1/Substance_Database_2.1_Procedural_Sbs/PBR_Materials/Manmade/sponge.sbs
tire_001,.sbs,Other,no,yes,Substance_Database_2.1/Substance_Database_2.1_Procedural_Sbs,Substance_Database_2.1/Substance_Database_2.1_Procedural_Sbs/PBR_Materials/Manmade/tire_001.sbs
wicker_001,.sbs,Fabric/Leather,no,yes,Substance_Database_2.1/Substance_Database_2.1_Procedural_Sbs,Substance_Database_2.1/Substance_Database_2.1_Procedural_Sbs/PBR_Materials/Manmade/wicker_001.sbs
galvanized_001,.sbs,Metal,no,yes,Substance_Database_2.1/Substance_Database_2.1_Procedural_Sbs,Substance_Database_2.1/Substance_Database_2.1_Procedural_Sbs/PBR_Materials/Metal/galvanized_001.sbs
metal_002,.sbs,Metal,no,yes,Substance_Database_2.1/Substance_Database_2.1_Procedural_Sbs,Substance_Database_2.1/Substance_Database_2.1_Procedural_Sbs/PBR_Materials/Metal/metal_002.sbs
metal_003,.sbs,Metal,no,yes,Substance_Database_2.1/Substance_Database_2.1_Procedural_Sbs,Substance_Database_2.1/Substance_Database_2.1_Procedural_Sbs/PBR_Materials/Metal/metal_003.sbs
metal_006,.sbs,Metal,no,yes,Substance_Database_2.1/Substance_Database_2.1_Procedural_Sbs,Substance_Database_2.1/Substance_Database_2.1_Procedural_Sbs/PBR_Materials/Metal/metal_006.sbs
metal_aluminium,.sbs,Metal,no,yes,Substance_Database_2.1/Substance_Database_2.1_Procedural_Sbs,Substance_Database_2.1/Substance_Database_2.1_Procedural_Sbs/PBR_Materials/Metal/metal_aluminium.sbs
metal_aluminium_brushed,.sbs,Metal,no,yes,Substance_Database_2.1/Substance_Database_2.1_Procedural_Sbs,Substance_Database_2.1/Substance_Database_2.1_Procedural_Sbs/PBR_Materials/Metal/metal_aluminium_brushed.sbs
metal_brass,.sbs,Metal,no,yes,Substance_Database_2.1/Substance_Database_2.1_Procedural_Sbs,Substance_Database_2.1/Substance_Database_2.1_Procedural_Sbs/PBR_Materials/Metal/metal_brass.sbs
metal_car_paint,.sbs,Metal,no,yes,Substance_Database_2.1/Substance_Database_2.1_Procedural_Sbs,Substance_Database_2.1/Substance_Database_2.1_Procedural_Sbs/PBR_Materials/Metal/metal_car_paint.sbs
metal_copper,.sbs,Metal,no,yes,Substance_Database_2.1/Substance_Database_2.1_Procedural_Sbs,Substance_Database_2.1/Substance_Database_2.1_Procedural_Sbs/PBR_Materials/Metal/metal_copper.sbs
metal_corrugated_002,.sbs,Metal,no,yes,Substance_Database_2.1/Substance_Database_2.1_Procedural_Sbs,Substance_Database_2.1/Substance_Database_2.1_Procedural_Sbs/PBR_Materials/Metal/metal_corrugated_002.sbs
metal_floor_002,.sbs,Pavement/Tiles/Floor,no,yes,Substance_Database_2.1/Substance_Database_2.1_Procedural_Sbs,Substance_Database_2.1/Substance_Database_2.1_Procedural_Sbs/PBR_Materials/Metal/metal_floor_002.sbs
metal_floor_004,.sbs,Pavement/Tiles/Floor,no,yes,Substance_Database_2.1/Substance_Database_2.1_Procedural_Sbs,Substance_Database_2.1/Substance_Database_2.1_Procedural_Sbs/PBR_Materials/Metal/metal_floor_004.sbs
metal_floor_006,.sbs,Pavement/Tiles/Floor,no,yes,Substance_Database_2.1/Substance_Database_2.1_Procedural_Sbs,Substance_Database_2.1/Substance_Database_2.1_Procedural_Sbs/PBR_Materials/Metal/metal_floor_006.sbs
metal_gold,.sbs,Metal,no,yes,Substance_Database_2.1/Substance_Database_2.1_Procedural_Sbs,Substance_Database_2.1/Substance_Database_2.1_Procedural_Sbs/PBR_Materials/Metal/metal_gold.sbs
metal_nickel,.sbs,Metal,no,yes,Substance_Database_2.1/Substance_Database_2.1_Procedural_Sbs,Substance_Database_2.1/Substance_Database_2.1_Procedural_Sbs/PBR_Materials/Metal/metal_nickel.sbs
metal_painted_steel,.sbs,Metal,no,yes,Substance_Database_2.1/Substance_Database_2.1_Procedural_Sbs,Substance_Database_2.1/Substance_Database_2.1_Procedural_Sbs/PBR_Materials/Metal/metal_painted_steel.sbs
metal_panels_001,.sbs,Metal,no,yes,Substance_Database_2.1/Substance_Database_2.1_Procedural_Sbs,Substance_Database_2.1/Substance_Database_2.1_Procedural_Sbs/PBR_Materials/Metal/metal_panels_001.sbs
metal_panels_002,.sbs,Metal,no,yes,Substance_Database_2.1/Substance_Database_2.1_Procedural_Sbs,Substance_Database_2.1/Substance_Database_2.1_Procedural_Sbs/PBR_Materials/Metal/metal_panels_002.sbs
metal_plate_001,.sbs,Metal,no,yes,Substance_Database_2.1/Substance_Database_2.1_Procedural_Sbs,Substance_Database_2.1/Substance_Database_2.1_Procedural_Sbs/PBR_Materials/Metal/metal_plate_001.sbs
metal_plate_004,.sbs,Metal,no,yes,Substance_Database_2.1/Substance_Database_2.1_Procedural_Sbs,Substance_Database_2.1/Substance_Database_2.1_Procedural_Sbs/PBR_Materials/Metal/metal_plate_004.sbs
metal_plate_011,.sbs,Metal,no,yes,Substance_Database_2.1/Substance_Database_2.1_Procedural_Sbs,Substance_Database_2.1/Substance_Database_2.1_Procedural_Sbs/PBR_Materials/Metal/metal_plate_011.sbs
metal_platinum,.sbs,Metal,no,yes,Substance_Database_2.1/Substance_Database_2.1_Procedural_Sbs,Substance_Database_2.1/Substance_Database_2.1_Procedural_Sbs/PBR_Materials/Metal/metal_platinum.sbs
metal_roll_up,.sbs,Metal,no,yes,Substance_Database_2.1/Substance_Database_2.1_Procedural_Sbs,Substance_Database_2.1/Substance_Database_2.1_Procedural_Sbs/PBR_Materials/Metal/metal_roll_up.sbs
metal_silver,.sbs,Metal,no,yes,Substance_Database_2.1/Substance_Database_2.1_Procedural_Sbs,Substance_Database_2.1/Substance_Database_2.1_Procedural_Sbs/PBR_Materials/Metal/metal_silver.sbs
metal_steel,.sbs,Metal,no,yes,Substance_Database_2.1/Substance_Database_2.1_Procedural_Sbs,Substance_Database_2.1/Substance_Database_2.1_Procedural_Sbs/PBR_Materials/Metal/metal_steel.sbs
metal_steel_brushed,.sbs,Metal,no,yes,Substance_Database_2.1/Substance_Database_2.1_Procedural_Sbs,Substance_Database_2.1/Substance_Database_2.1_Procedural_Sbs/PBR_Materials/Metal/metal_steel_brushed.sbs
metal_steel_bumped,.sbs,Metal,no,yes,Substance_Database_2.1/Substance_Database_2.1_Procedural_Sbs,Substance_Database_2.1/Substance_Database_2.1_Procedural_Sbs/PBR_Materials/Metal/metal_steel_bumped.sbs
metal_steel_parkerized,.sbs,Metal,no,yes,Substance_Database_2.1/Substance_Database_2.1_Procedural_Sbs,Substance_Database_2.1/Substance_Database_2.1_Procedural_Sbs/PBR_Materials/Metal/metal_steel_parkerized.sbs
metal_titanium,.sbs,Metal,no,yes,Substance_Database_2.1/Substance_Database_2.1_Procedural_Sbs,Substance_Database_2.1/Substance_Database_2.1_Procedural_Sbs/PBR_Materials/Metal/metal_titanium.sbs
metal_used,.sbs,Metal,no,yes,Substance_Database_2.1/Substance_Database_2.1_Procedural_Sbs,Substance_Database_2.1/Substance_Database_2.1_Procedural_Sbs/PBR_Materials/Metal/metal_used.sbs
metal_weapon,.sbs,Metal,no,yes,Substance_Database_2.1/Substance_Database_2.1_Procedural_Sbs,Substance_Database_2.1/Substance_Database_2.1_Procedural_Sbs/PBR_Materials/Metal/metal_weapon.sbs
metal_woven,.sbs,Fabric/Leather,no,yes,Substance_Database_2.1/Substance_Database_2.1_Procedural_Sbs,Substance_Database_2.1/Substance_Database_2.1_Procedural_Sbs/PBR_Materials/Metal/metal_woven.sbs
bark_003,.sbs,Organic/Nature,no,yes,Substance_Database_2.1/Substance_Database_2.1_Procedural_Sbs,Substance_Database_2.1/Substance_Database_2.1_Procedural_Sbs/PBR_Materials/Nature/bark_003.sbs
bark_004,.sbs,Organic/Nature,no,yes,Substance_Database_2.1/Substance_Database_2.1_Procedural_Sbs,Substance_Database_2.1/Substance_Database_2.1_Procedural_Sbs/PBR_Materials/Nature/bark_004.sbs
flower_grass,.sbs,Organic/Nature,no,yes,Substance_Database_2.1/Substance_Database_2.1_Procedural_Sbs,Substance_Database_2.1/Substance_Database_2.1_Procedural_Sbs/PBR_Materials/Nature/flower_grass.sbs
forest_ground_001,.sbs,Organic/Nature,no,yes,Substance_Database_2.1/Substance_Database_2.1_Procedural_Sbs,Substance_Database_2.1/Substance_Database_2.1_Procedural_Sbs/PBR_Materials/Nature/forest_ground_001.sbs
crocodile_skin,.sbs,Organic/Nature,no,yes,Substance_Database_2.1/Substance_Database_2.1_Procedural_Sbs,Substance_Database_2.1/Substance_Database_2.1_Procedural_Sbs/PBR_Materials/Organic/crocodile_skin.sbs
eye,.sbs,Organic/Nature,no,yes,Substance_Database_2.1/Substance_Database_2.1_Procedural_Sbs,Substance_Database_2.1/Substance_Database_2.1_Procedural_Sbs/PBR_Materials/Organic/eye.sbs
hair_001,.sbs,Organic/Nature,no,yes,Substance_Database_2.1/Substance_Database_2.1_Procedural_Sbs,Substance_Database_2.1/Substance_Database_2.1_Procedural_Sbs/PBR_Materials/Organic/hair_001.sbs
hair_002,.sbs,Organic/Nature,no,yes,Substance_Database_2.1/Substance_Database_2.1_Procedural_Sbs,Substance_Database_2.1/Substance_Database_2.1_Procedural_Sbs/PBR_Materials/Organic/hair_002.sbs
hair_003,.sbs,Organic/Nature,no,yes,Substance_Database_2.1/Substance_Database_2.1_Procedural_Sbs,Substance_Database_2.1/Substance_Database_2.1_Procedural_Sbs/PBR_Materials/Organic/hair_003.sbs
lips,.sbs,Organic/Nature,no,yes,Substance_Database_2.1/Substance_Database_2.1_Procedural_Sbs,Substance_Database_2.1/Substance_Database_2.1_Procedural_Sbs/PBR_Materials/Organic/lips.sbs
zebra_skin,.sbs,Organic/Nature,no,yes,Substance_Database_2.1/Substance_Database_2.1_Procedural_Sbs,Substance_Database_2.1/Substance_Database_2.1_Procedural_Sbs/PBR_Materials/Organic/zebra_skin.sbs
cardboard_001,.sbs,Other,no,yes,Substance_Database_2.1/Substance_Database_2.1_Procedural_Sbs,Substance_Database_2.1/Substance_Database_2.1_Procedural_Sbs/PBR_Materials/Paper/cardboard_001.sbs
drawing_paper_001,.sbs,Other,no,yes,Substance_Database_2.1/Substance_Database_2.1_Procedural_Sbs,Substance_Database_2.1/Substance_Database_2.1_Procedural_Sbs/PBR_Materials/Paper/drawing_paper_001.sbs
enveloppe_001,.sbs,Other,no,yes,Substance_Database_2.1/Substance_Database_2.1_Procedural_Sbs,Substance_Database_2.1/Substance_Database_2.1_Procedural_Sbs/PBR_Materials/Paper/enveloppe_001.sbs
gold_paper,.sbs,Metal,no,yes,Substance_Database_2.1/Substance_Database_2.1_Procedural_Sbs,Substance_Database_2.1/Substance_Database_2.1_Procedural_Sbs/PBR_Materials/Paper/gold_paper.sbs
paper_001,.sbs,Other,no,yes,Substance_Database_2.1/Substance_Database_2.1_Procedural_Sbs,Substance_Database_2.1/Substance_Database_2.1_Procedural_Sbs/PBR_Materials/Paper/paper_001.sbs
paper_005,.sbs,Other,no,yes,Substance_Database_2.1/Substance_Database_2.1_Procedural_Sbs,Substance_Database_2.1/Substance_Database_2.1_Procedural_Sbs/PBR_Materials/Paper/paper_005.sbs
paper_006,.sbs,Other,no,yes,Substance_Database_2.1/Substance_Database_2.1_Procedural_Sbs,Substance_Database_2.1/Substance_Database_2.1_Procedural_Sbs/PBR_Materials/Paper/paper_006.sbs
school_paper,.sbs,Other,no,yes,Substance_Database_2.1/Substance_Database_2.1_Procedural_Sbs,Substance_Database_2.1/Substance_Database_2.1_Procedural_Sbs/PBR_Materials/Paper/school_paper.sbs
concrete_pavement,.sbs,Concrete/Plaster,no,yes,Substance_Database_2.1/Substance_Database_2.1_Procedural_Sbs,Substance_Database_2.1/Substance_Database_2.1_Procedural_Sbs/PBR_Materials/Pavement/concrete_pavement.sbs
pavement_001,.sbs,Pavement/Tiles/Floor,no,yes,Substance_Database_2.1/Substance_Database_2.1_Procedural_Sbs,Substance_Database_2.1/Substance_Database_2.1_Procedural_Sbs/PBR_Materials/Pavement/pavement_001.sbs
pavement_002,.sbs,Pavement/Tiles/Floor,no,yes,Substance_Database_2.1/Substance_Database_2.1_Procedural_Sbs,Substance_Database_2.1/Substance_Database_2.1_Procedural_Sbs/PBR_Materials/Pavement/pavement_002.sbs
pavement_003,.sbs,Pavement/Tiles/Floor,no,yes,Substance_Database_2.1/Substance_Database_2.1_Procedural_Sbs,Substance_Database_2.1/Substance_Database_2.1_Procedural_Sbs/PBR_Materials/Pavement/pavement_003.sbs
pavement_004,.sbs,Pavement/Tiles/Floor,no,yes,Substance_Database_2.1/Substance_Database_2.1_Procedural_Sbs,Substance_Database_2.1/Substance_Database_2.1_Procedural_Sbs/PBR_Materials/Pavement/pavement_004.sbs
pavement_005,.sbs,Pavement/Tiles/Floor,no,yes,Substance_Database_2.1/Substance_Database_2.1_Procedural_Sbs,Substance_Database_2.1/Substance_Database_2.1_Procedural_Sbs/PBR_Materials/Pavement/pavement_005.sbs
pavement_path,.sbs,Pavement/Tiles/Floor,no,yes,Substance_Database_2.1/Substance_Database_2.1_Procedural_Sbs,Substance_Database_2.1/Substance_Database_2.1_Procedural_Sbs/PBR_Materials/Pavement/pavement_path.sbs
stucco_001,.sbs,Concrete/Plaster,no,yes,Substance_Database_2.1/Substance_Database_2.1_Procedural_Sbs,Substance_Database_2.1/Substance_Database_2.1_Procedural_Sbs/PBR_Materials/Plaster/stucco_001.sbs
road_001,.sbs,Pavement/Tiles/Floor,no,yes,Substance_Database_2.1/Substance_Database_2.1_Procedural_Sbs,Substance_Database_2.1/Substance_Database_2.1_Procedural_Sbs/PBR_Materials/Roads/road_001.sbs
road_tarmac_001,.sbs,Pavement/Tiles/Floor,no,yes,Substance_Database_2.1/Substance_Database_2.1_Procedural_Sbs,Substance_Database_2.1/Substance_Database_2.1_Procedural_Sbs/PBR_Materials/Roads/road_tarmac_001.sbs
roofing_002,.sbs,Pavement/Tiles/Floor,no,yes,Substance_Database_2.1/Substance_Database_2.1_Procedural_Sbs,Substance_Database_2.1/Substance_Database_2.1_Procedural_Sbs/PBR_Materials/Roofing/roofing_002.sbs
roofing_004,.sbs,Pavement/Tiles/Floor,no,yes,Substance_Database_2.1/Substance_Database_2.1_Procedural_Sbs,Substance_Database_2.1/Substance_Database_2.1_Procedural_Sbs/PBR_Materials/Roofing/roofing_004.sbs
roofing_005,.sbs,Pavement/Tiles/Floor,no,yes,Substance_Database_2.1/Substance_Database_2.1_Procedural_Sbs,Substance_Database_2.1/Substance_Database_2.1_Procedural_Sbs/PBR_Materials/Roofing/roofing_005.sbs
roofing_009,.sbs,Pavement/Tiles/Floor,no,yes,Substance_Database_2.1/Substance_Database_2.1_Procedural_Sbs,Substance_Database_2.1/Substance_Database_2.1_Procedural_Sbs/PBR_Materials/Roofing/roofing_009.sbs
sci_fi_001,.sbs,Sci-fi/Tech,no,yes,Substance_Database_2.1/Substance_Database_2.1_Procedural_Sbs,Substance_Database_2.1/Substance_Database_2.1_Procedural_Sbs/PBR_Materials/Sci-Fi/sci_fi_001.sbs
sci_fi_002,.sbs,Sci-fi/Tech,no,yes,Substance_Database_2.1/Substance_Database_2.1_Procedural_Sbs,Substance_Database_2.1/Substance_Database_2.1_Procedural_Sbs/PBR_Materials/Sci-Fi/sci_fi_002.sbs
sci_fi_003,.sbs,Sci-fi/Tech,no,yes,Substance_Database_2.1/Substance_Database_2.1_Procedural_Sbs,Substance_Database_2.1/Substance_Database_2.1_Procedural_Sbs/PBR_Materials/Sci-Fi/sci_fi_003.sbs
sci_fi_004,.sbs,Sci-fi/Tech,no,yes,Substance_Database_2.1/Substance_Database_2.1_Procedural_Sbs,Substance_Database_2.1/Substance_Database_2.1_Procedural_Sbs/PBR_Materials/Sci-Fi/sci_fi_004.sbs
sci_fi_005,.sbs,Sci-fi/Tech,no,yes,Substance_Database_2.1/Substance_Database_2.1_Procedural_Sbs,Substance_Database_2.1/Substance_Database_2.1_Procedural_Sbs/PBR_Materials/Sci-Fi/sci_fi_005.sbs
sci_fi_006,.sbs,Sci-fi/Tech,no,yes,Substance_Database_2.1/Substance_Database_2.1_Procedural_Sbs,Substance_Database_2.1/Substance_Database_2.1_Procedural_Sbs/PBR_Materials/Sci-Fi/sci_fi_006.sbs
sci_fi_007,.sbs,Sci-fi/Tech,no,yes,Substance_Database_2.1/Substance_Database_2.1_Procedural_Sbs,Substance_Database_2.1/Substance_Database_2.1_Procedural_Sbs/PBR_Materials/Sci-Fi/sci_fi_007.sbs
damaged_marble,.sbs,Rock/Stone/Cliff,no,yes,Substance_Database_2.1/Substance_Database_2.1_Procedural_Sbs,Substance_Database_2.1/Substance_Database_2.1_Procedural_Sbs/PBR_Materials/Stone/damaged_marble.sbs
granite_001,.sbs,Rock/Stone/Cliff,no,yes,Substance_Database_2.1/Substance_Database_2.1_Procedural_Sbs,Substance_Database_2.1/Substance_Database_2.1_Procedural_Sbs/PBR_Materials/Stone/granite_001.sbs
marble_001,.sbs,Rock/Stone/Cliff,no,yes,Substance_Database_2.1/Substance_Database_2.1_Procedural_Sbs,Substance_Database_2.1/Substance_Database_2.1_Procedural_Sbs/PBR_Materials/Stone/marble_001.sbs
marble_002,.sbs,Rock/Stone/Cliff,no,yes,Substance_Database_2.1/Substance_Database_2.1_Procedural_Sbs,Substance_Database_2.1/Substance_Database_2.1_Procedural_Sbs/PBR_Materials/Stone/marble_002.sbs
marble_004,.sbs,Rock/Stone/Cliff,no,yes,Substance_Database_2.1/Substance_Database_2.1_Procedural_Sbs,Substance_Database_2.1/Substance_Database_2.1_Procedural_Sbs/PBR_Materials/Stone/marble_004.sbs
moss_rock,.sbs,Organic/Nature,no,yes,Substance_Database_2.1/Substance_Database_2.1_Procedural_Sbs,Substance_Database_2.1/Substance_Database_2.1_Procedural_Sbs/PBR_Materials/Stone/moss_rock.sbs
rock_001,.sbs,Rock/Stone/Cliff,no,yes,Substance_Database_2.1/Substance_Database_2.1_Procedural_Sbs,Substance_Database_2.1/Substance_Database_2.1_Procedural_Sbs/PBR_Materials/Stone/rock_001.sbs
stone_tiles_001,.sbs,Pavement/Tiles/Floor,no,yes,Substance_Database_2.1/Substance_Database_2.1_Procedural_Sbs,Substance_Database_2.1/Substance_Database_2.1_Procedural_Sbs/PBR_Materials/Stone/stone_tiles_001.sbs
stones_001,.sbs,Rock/Stone/Cliff,no,yes,Substance_Database_2.1/Substance_Database_2.1_Procedural_Sbs,Substance_Database_2.1/Substance_Database_2.1_Procedural_Sbs/PBR_Materials/Stone/stones_001.sbs
stones_005,.sbs,Rock/Stone/Cliff,no,yes,Substance_Database_2.1/Substance_Database_2.1_Procedural_Sbs,Substance_Database_2.1/Substance_Database_2.1_Procedural_Sbs/PBR_Materials/Stone/stones_005.sbs
stones_007,.sbs,Rock/Stone/Cliff,no,yes,Substance_Database_2.1/Substance_Database_2.1_Procedural_Sbs,Substance_Database_2.1/Substance_Database_2.1_Procedural_Sbs/PBR_Materials/Stone/stones_007.sbs
stones_015,.sbs,Rock/Stone/Cliff,no,yes,Substance_Database_2.1/Substance_Database_2.1_Procedural_Sbs,Substance_Database_2.1/Substance_Database_2.1_Procedural_Sbs/PBR_Materials/Stone/stones_015.sbs
stonework_001,.sbs,Brick/Masonry/Wall,no,yes,Substance_Database_2.1/Substance_Database_2.1_Procedural_Sbs,Substance_Database_2.1/Substance_Database_2.1_Procedural_Sbs/PBR_Materials/Stone/stonework_001.sbs
stonework_002,.sbs,Brick/Masonry/Wall,no,yes,Substance_Database_2.1/Substance_Database_2.1_Procedural_Sbs,Substance_Database_2.1/Substance_Database_2.1_Procedural_Sbs/PBR_Materials/Stone/stonework_002.sbs
stonework_003,.sbs,Brick/Masonry/Wall,no,yes,Substance_Database_2.1/Substance_Database_2.1_Procedural_Sbs,Substance_Database_2.1/Substance_Database_2.1_Procedural_Sbs/PBR_Materials/Stone/stonework_003.sbs
stonework_005,.sbs,Brick/Masonry/Wall,no,yes,Substance_Database_2.1/Substance_Database_2.1_Procedural_Sbs,Substance_Database_2.1/Substance_Database_2.1_Procedural_Sbs/PBR_Materials/Stone/stonework_005.sbs
stonework_006,.sbs,Brick/Masonry/Wall,no,yes,Substance_Database_2.1/Substance_Database_2.1_Procedural_Sbs,Substance_Database_2.1/Substance_Database_2.1_Procedural_Sbs/PBR_Materials/Stone/stonework_006.sbs
bronze_copper_tiles,.sbs,Pavement/Tiles/Floor,no,yes,Substance_Database_2.1/Substance_Database_2.1_Procedural_Sbs,Substance_Database_2.1/Substance_Database_2.1_Procedural_Sbs/PBR_Materials/Tiles/bronze_copper_tiles.sbs
ceramic_001,.sbs,Pavement/Tiles/Floor,no,yes,Substance_Database_2.1/Substance_Database_2.1_Procedural_Sbs,Substance_Database_2.1/Substance_Database_2.1_Procedural_Sbs/PBR_Materials/Tiles/ceramic_001.sbs
ceramic_002,.sbs,Pavement/Tiles/Floor,no,yes,Substance_Database_2.1/Substance_Database_2.1_Procedural_Sbs,Substance_Database_2.1/Substance_Database_2.1_Procedural_Sbs/PBR_Materials/Tiles/ceramic_002.sbs
ceramic_003,.sbs,Pavement/Tiles/Floor,no,yes,Substance_Database_2.1/Substance_Database_2.1_Procedural_Sbs,Substance_Database_2.1/Substance_Database_2.1_Procedural_Sbs/PBR_Materials/Tiles/ceramic_003.sbs
ceramic_004,.sbs,Pavement/Tiles/Floor,no,yes,Substance_Database_2.1/Substance_Database_2.1_Procedural_Sbs,Substance_Database_2.1/Substance_Database_2.1_Procedural_Sbs/PBR_Materials/Tiles/ceramic_004.sbs
concrete_tiles,.sbs,Concrete/Plaster,no,yes,Substance_Database_2.1/Substance_Database_2.1_Procedural_Sbs,Substance_Database_2.1/Substance_Database_2.1_Procedural_Sbs/PBR_Materials/Tiles/concrete_tiles.sbs
mosaic_001,.sbs,Pavement/Tiles/Floor,no,yes,Substance_Database_2.1/Substance_Database_2.1_Procedural_Sbs,Substance_Database_2.1/Substance_Database_2.1_Procedural_Sbs/PBR_Materials/Tiles/mosaic_001.sbs
tiles_002,.sbs,Pavement/Tiles/Floor,no,yes,Substance_Database_2.1/Substance_Database_2.1_Procedural_Sbs,Substance_Database_2.1/Substance_Database_2.1_Procedural_Sbs/PBR_Materials/Tiles/tiles_002.sbs
tiles_003,.sbs,Pavement/Tiles/Floor,no,yes,Substance_Database_2.1/Substance_Database_2.1_Procedural_Sbs,Substance_Database_2.1/Substance_Database_2.1_Procedural_Sbs/PBR_Materials/Tiles/tiles_003.sbs
tiles_005,.sbs,Pavement/Tiles/Floor,no,yes,Substance_Database_2.1/Substance_Database_2.1_Procedural_Sbs,Substance_Database_2.1/Substance_Database_2.1_Procedural_Sbs/PBR_Materials/Tiles/tiles_005.sbs
tiles_007,.sbs,Pavement/Tiles/Floor,no,yes,Substance_Database_2.1/Substance_Database_2.1_Procedural_Sbs,Substance_Database_2.1/Substance_Database_2.1_Procedural_Sbs/PBR_Materials/Tiles/tiles_007.sbs
tiles_008,.sbs,Pavement/Tiles/Floor,no,yes,Substance_Database_2.1/Substance_Database_2.1_Procedural_Sbs,Substance_Database_2.1/Substance_Database_2.1_Procedural_Sbs/PBR_Materials/Tiles/tiles_008.sbs
tiles_011,.sbs,Pavement/Tiles/Floor,no,yes,Substance_Database_2.1/Substance_Database_2.1_Procedural_Sbs,Substance_Database_2.1/Substance_Database_2.1_Procedural_Sbs/PBR_Materials/Tiles/tiles_011.sbs
tiles_020,.sbs,Pavement/Tiles/Floor,no,yes,Substance_Database_2.1/Substance_Database_2.1_Procedural_Sbs,Substance_Database_2.1/Substance_Database_2.1_Procedural_Sbs/PBR_Materials/Tiles/tiles_020.sbs
tiles_025,.sbs,Pavement/Tiles/Floor,no,yes,Substance_Database_2.1/Substance_Database_2.1_Procedural_Sbs,Substance_Database_2.1/Substance_Database_2.1_Procedural_Sbs/PBR_Materials/Tiles/tiles_025.sbs
tiles_031,.sbs,Pavement/Tiles/Floor,no,yes,Substance_Database_2.1/Substance_Database_2.1_Procedural_Sbs,Substance_Database_2.1/Substance_Database_2.1_Procedural_Sbs/PBR_Materials/Tiles/tiles_031.sbs
vintage_ceramic_tiles,.sbs,Pavement/Tiles/Floor,no,yes,Substance_Database_2.1/Substance_Database_2.1_Procedural_Sbs,Substance_Database_2.1/Substance_Database_2.1_Procedural_Sbs/PBR_Materials/Tiles/vintage_ceramic_tiles.sbs
old_painted_planks,.sbs,Wood,no,yes,Substance_Database_2.1/Substance_Database_2.1_Procedural_Sbs,Substance_Database_2.1/Substance_Database_2.1_Procedural_Sbs/PBR_Materials/Wood/old_painted_planks.sbs
painted_fence,.sbs,Wood,no,yes,Substance_Database_2.1/Substance_Database_2.1_Procedural_Sbs,Substance_Database_2.1/Substance_Database_2.1_Procedural_Sbs/PBR_Materials/Wood/painted_fence.sbs
particle_board,.sbs,Wood,no,yes,Substance_Database_2.1/Substance_Database_2.1_Procedural_Sbs,Substance_Database_2.1/Substance_Database_2.1_Procedural_Sbs/PBR_Materials/Wood/particle_board.sbs
varnished_wood,.sbs,Wood,no,yes,Substance_Database_2.1/Substance_Database_2.1_Procedural_Sbs,Substance_Database_2.1/Substance_Database_2.1_Procedural_Sbs/PBR_Materials/Wood/varnished_wood.sbs
wood_000_acajou,.sbs,Wood,no,yes,Substance_Database_2.1/Substance_Database_2.1_Procedural_Sbs,Substance_Database_2.1/Substance_Database_2.1_Procedural_Sbs/PBR_Materials/Wood/wood_000_acajou.sbs
wood_008_bosse,.sbs,Wood,no,yes,Substance_Database_2.1/Substance_Database_2.1_Procedural_Sbs,Substance_Database_2.1/Substance_Database_2.1_Procedural_Sbs/PBR_Materials/Wood/wood_008_bosse.sbs
wood_009_acajou,.sbs,Wood,no,yes,Substance_Database_2.1/Substance_Database_2.1_Procedural_Sbs,Substance_Database_2.1/Substance_Database_2.1_Procedural_Sbs/PBR_Materials/Wood/wood_009_acajou.sbs
wood_010_Bubinga,.sbs,Wood,no,yes,Substance_Database_2.1/Substance_Database_2.1_Procedural_Sbs,Substance_Database_2.1/Substance_Database_2.1_Procedural_Sbs/PBR_Materials/Wood/wood_010_Bubinga.sbs
wood_011_Cedar,.sbs,Wood,no,yes,Substance_Database_2.1/Substance_Database_2.1_Procedural_Sbs,Substance_Database_2.1/Substance_Database_2.1_Procedural_Sbs/PBR_Materials/Wood/wood_011_Cedar.sbs
wood_015_ash,.sbs,Wood,no,yes,Substance_Database_2.1/Substance_Database_2.1_Procedural_Sbs,Substance_Database_2.1/Substance_Database_2.1_Procedural_Sbs/PBR_Materials/Wood/wood_015_ash.sbs
wood_017_hemlock,.sbs,Wood,no,yes,Substance_Database_2.1/Substance_Database_2.1_Procedural_Sbs,Substance_Database_2.1/Substance_Database_2.1_Procedural_Sbs/PBR_Materials/Wood/wood_017_hemlock.sbs
wood_019_makore,.sbs,Wood,no,yes,Substance_Database_2.1/Substance_Database_2.1_Procedural_Sbs,Substance_Database_2.1/Substance_Database_2.1_Procedural_Sbs/PBR_Materials/Wood/wood_019_makore.sbs
wood_024_Walnut,.sbs,Wood,no,yes,Substance_Database_2.1/Substance_Database_2.1_Procedural_Sbs,Substance_Database_2.1/Substance_Database_2.1_Procedural_Sbs/PBR_Materials/Wood/wood_024_Walnut.sbs
wood_027_okoume,.sbs,Wood,no,yes,Substance_Database_2.1/Substance_Database_2.1_Procedural_Sbs,Substance_Database_2.1/Substance_Database_2.1_Procedural_Sbs/PBR_Materials/Wood/wood_027_okoume.sbs
wood_029_elm,.sbs,Wood,no,yes,Substance_Database_2.1/Substance_Database_2.1_Procedural_Sbs,Substance_Database_2.1/Substance_Database_2.1_Procedural_Sbs/PBR_Materials/Wood/wood_029_elm.sbs
wood_030_japanese_elm,.sbs,Wood,no,yes,Substance_Database_2.1/Substance_Database_2.1_Procedural_Sbs,Substance_Database_2.1/Substance_Database_2.1_Procedural_Sbs/PBR_Materials/Wood/wood_030_japanese_elm.sbs
wood_031_american_elm,.sbs,Wood,no,yes,Substance_Database_2.1/Substance_Database_2.1_Procedural_Sbs,Substance_Database_2.1/Substance_Database_2.1_Procedural_Sbs/PBR_Materials/Wood/wood_031_american_elm.sbs
wood_032_brazilian_palisander,.sbs,Wood,no,yes,Substance_Database_2.1/Substance_Database_2.1_Procedural_Sbs,Substance_Database_2.1/Substance_Database_2.1_Procedural_Sbs/PBR_Materials/Wood/wood_032_brazilian_palisander.sbs
wood_033_Paldao,.sbs,Wood,no,yes,Substance_Database_2.1/Substance_Database_2.1_Procedural_Sbs,Substance_Database_2.1/Substance_Database_2.1_Procedural_Sbs/PBR_Materials/Wood/wood_033_Paldao.sbs
wood_035_palisander,.sbs,Wood,no,yes,Substance_Database_2.1/Substance_Database_2.1_Procedural_Sbs,Substance_Database_2.1/Substance_Database_2.1_Procedural_Sbs/PBR_Materials/Wood/wood_035_palisander.sbs
wood_040_monterey_pine,.sbs,Wood,no,yes,Substance_Database_2.1/Substance_Database_2.1_Procedural_Sbs,Substance_Database_2.1/Substance_Database_2.1_Procedural_Sbs/PBR_Materials/Wood/wood_040_monterey_pine.sbs
wood_044_red_cedar,.sbs,Wood,no,yes,Substance_Database_2.1/Substance_Database_2.1_Procedural_Sbs,Substance_Database_2.1/Substance_Database_2.1_Procedural_Sbs/PBR_Materials/Wood/wood_044_red_cedar.sbs
wood_045_teak,.sbs,Wood,no,yes,Substance_Database_2.1/Substance_Database_2.1_Procedural_Sbs,Substance_Database_2.1/Substance_Database_2.1_Procedural_Sbs/PBR_Materials/Wood/wood_045_teak.sbs
wood_048_old,.sbs,Wood,no,yes,Substance_Database_2.1/Substance_Database_2.1_Procedural_Sbs,Substance_Database_2.1/Substance_Database_2.1_Procedural_Sbs/PBR_Materials/Wood/wood_048_old.sbs
wood_american_cherry,.sbs,Wood,no,yes,Substance_Database_2.1/Substance_Database_2.1_Procedural_Sbs,Substance_Database_2.1/Substance_Database_2.1_Procedural_Sbs/PBR_Materials/Wood/wood_american_cherry.sbs
wood_beech_chocolate_brown,.sbs,Wood,no,yes,Substance_Database_2.1/Substance_Database_2.1_Procedural_Sbs,Substance_Database_2.1/Substance_Database_2.1_Procedural_Sbs/PBR_Materials/Wood/wood_beech_chocolate_brown.sbs
wood_beech_honey,.sbs,Wood,no,yes,Substance_Database_2.1/Substance_Database_2.1_Procedural_Sbs,Substance_Database_2.1/Substance_Database_2.1_Procedural_Sbs/PBR_Materials/Wood/wood_beech_honey.sbs
wood_beech_mid_brown,.sbs,Wood,no,yes,Substance_Database_2.1/Substance_Database_2.1_Procedural_Sbs,Substance_Database_2.1/Substance_Database_2.1_Procedural_Sbs/PBR_Materials/Wood/wood_beech_mid_brown.sbs
wood_beech_toast_brown,.sbs,Wood,no,yes,Substance_Database_2.1/Substance_Database_2.1_Procedural_Sbs,Substance_Database_2.1/Substance_Database_2.1_Procedural_Sbs/PBR_Materials/Wood/wood_beech_toast_brown.sbs
wood_rhododendron,.sbs,Wood,no,yes,Substance_Database_2.1/Substance_Database_2.1_Procedural_Sbs,Substance_Database_2.1/Substance_Database_2.1_Procedural_Sbs/PBR_Materials/Wood/wood_rhododendron.sbs
wood_white_cedar,.sbs,Wood,no,yes,Substance_Database_2.1/Substance_Database_2.1_Procedural_Sbs,Substance_Database_2.1/Substance_Database_2.1_Procedural_Sbs/PBR_Materials/Wood/wood_white_cedar.sbs
Cubes,.sbsar,Other,no,yes,Substance_Database_2.1/Substance_Database_2.1_Procedural_Sbsar,Substance_Database_2.1/Substance_Database_2.1_Procedural_Sbsar/Classic_Materials/Abstract/Cubes.sbsar
Defocused_Light,.sbsar,Other,no,yes,Substance_Database_2.1/Substance_Database_2.1_Procedural_Sbsar,Substance_Database_2.1/Substance_Database_2.1_Procedural_Sbsar/Classic_Materials/Abstract/Defocused_Light.sbsar
Electric_Liquid,.sbsar,Ice/Snow/Water,no,yes,Substance_Database_2.1/Substance_Database_2.1_Procedural_Sbsar,Substance_Database_2.1/Substance_Database_2.1_Procedural_Sbsar/Classic_Materials/Abstract/Electric_Liquid.sbsar
Energy_Liquid,.sbsar,Ice/Snow/Water,no,yes,Substance_Database_2.1/Substance_Database_2.1_Procedural_Sbsar,Substance_Database_2.1/Substance_Database_2.1_Procedural_Sbsar/Classic_Materials/Abstract/Energy_Liquid.sbsar
Energy_Waves,.sbsar,Ice/Snow/Water,no,yes,Substance_Database_2.1/Substance_Database_2.1_Procedural_Sbsar,Substance_Database_2.1/Substance_Database_2.1_Procedural_Sbsar/Classic_Materials/Abstract/Energy_Waves.sbsar
Fire,.sbsar,Other,no,yes,Substance_Database_2.1/Substance_Database_2.1_Procedural_Sbsar,Substance_Database_2.1/Substance_Database_2.1_Procedural_Sbsar/Classic_Materials/Abstract/Fire.sbsar
Triangles,.sbsar,Other,no,yes,Substance_Database_2.1/Substance_Database_2.1_Procedural_Sbsar,Substance_Database_2.1/Substance_Database_2.1_Procedural_Sbsar/Classic_Materials/Abstract/Triangles.sbsar
bricks_001,.sbsar,Brick/Masonry/Wall,no,yes,Substance_Database_2.1/Substance_Database_2.1_Procedural_Sbsar,Substance_Database_2.1/Substance_Database_2.1_Procedural_Sbsar/Classic_Materials/Bricks/bricks_001.sbsar
bricks_002,.sbsar,Brick/Masonry/Wall,no,yes,Substance_Database_2.1/Substance_Database_2.1_Procedural_Sbsar,Substance_Database_2.1/Substance_Database_2.1_Procedural_Sbsar/Classic_Materials/Bricks/bricks_002.sbsar
bricks_003,.sbsar,Brick/Masonry/Wall,no,yes,Substance_Database_2.1/Substance_Database_2.1_Procedural_Sbsar,Substance_Database_2.1/Substance_Database_2.1_Procedural_Sbsar/Classic_Materials/Bricks/bricks_003.sbsar
bricks_004,.sbsar,Brick/Masonry/Wall,no,yes,Substance_Database_2.1/Substance_Database_2.1_Procedural_Sbsar,Substance_Database_2.1/Substance_Database_2.1_Procedural_Sbsar/Classic_Materials/Bricks/bricks_004.sbsar
bricks_005,.sbsar,Brick/Masonry/Wall,no,yes,Substance_Database_2.1/Substance_Database_2.1_Procedural_Sbsar,Substance_Database_2.1/Substance_Database_2.1_Procedural_Sbsar/Classic_Materials/Bricks/bricks_005.sbsar
bricks_006,.sbsar,Brick/Masonry/Wall,no,yes,Substance_Database_2.1/Substance_Database_2.1_Procedural_Sbsar,Substance_Database_2.1/Substance_Database_2.1_Procedural_Sbsar/Classic_Materials/Bricks/bricks_006.sbsar
bricks_007,.sbsar,Brick/Masonry/Wall,no,yes,Substance_Database_2.1/Substance_Database_2.1_Procedural_Sbsar,Substance_Database_2.1/Substance_Database_2.1_Procedural_Sbsar/Classic_Materials/Bricks/bricks_007.sbsar
bricks_008,.sbsar,Brick/Masonry/Wall,no,yes,Substance_Database_2.1/Substance_Database_2.1_Procedural_Sbsar,Substance_Database_2.1/Substance_Database_2.1_Procedural_Sbsar/Classic_Materials/Bricks/bricks_008.sbsar
bricks_009,.sbsar,Brick/Masonry/Wall,no,yes,Substance_Database_2.1/Substance_Database_2.1_Procedural_Sbsar,Substance_Database_2.1/Substance_Database_2.1_Procedural_Sbsar/Classic_Materials/Bricks/bricks_009.sbsar
bricks_010,.sbsar,Brick/Masonry/Wall,no,yes,Substance_Database_2.1/Substance_Database_2.1_Procedural_Sbsar,Substance_Database_2.1/Substance_Database_2.1_Procedural_Sbsar/Classic_Materials/Bricks/bricks_010.sbsar
bricks_011,.sbsar,Brick/Masonry/Wall,no,yes,Substance_Database_2.1/Substance_Database_2.1_Procedural_Sbsar,Substance_Database_2.1/Substance_Database_2.1_Procedural_Sbsar/Classic_Materials/Bricks/bricks_011.sbsar
bricks_012,.sbsar,Brick/Masonry/Wall,no,yes,Substance_Database_2.1/Substance_Database_2.1_Procedural_Sbsar,Substance_Database_2.1/Substance_Database_2.1_Procedural_Sbsar/Classic_Materials/Bricks/bricks_012.sbsar
bricks_013,.sbsar,Brick/Masonry/Wall,no,yes,Substance_Database_2.1/Substance_Database_2.1_Procedural_Sbsar,Substance_Database_2.1/Substance_Database_2.1_Procedural_Sbsar/Classic_Materials/Bricks/bricks_013.sbsar
bricks_014,.sbsar,Brick/Masonry/Wall,no,yes,Substance_Database_2.1/Substance_Database_2.1_Procedural_Sbsar,Substance_Database_2.1/Substance_Database_2.1_Procedural_Sbsar/Classic_Materials/Bricks/bricks_014.sbsar
bricks_015,.sbsar,Brick/Masonry/Wall,no,yes,Substance_Database_2.1/Substance_Database_2.1_Procedural_Sbsar,Substance_Database_2.1/Substance_Database_2.1_Procedural_Sbsar/Classic_Materials/Bricks/bricks_015.sbsar
bricks_016,.sbsar,Brick/Masonry/Wall,no,yes,Substance_Database_2.1/Substance_Database_2.1_Procedural_Sbsar,Substance_Database_2.1/Substance_Database_2.1_Procedural_Sbsar/Classic_Materials/Bricks/bricks_016.sbsar
bricks_017,.sbsar,Brick/Masonry/Wall,no,yes,Substance_Database_2.1/Substance_Database_2.1_Procedural_Sbsar,Substance_Database_2.1/Substance_Database_2.1_Procedural_Sbsar/Classic_Materials/Bricks/bricks_017.sbsar
bricks_018,.sbsar,Brick/Masonry/Wall,no,yes,Substance_Database_2.1/Substance_Database_2.1_Procedural_Sbsar,Substance_Database_2.1/Substance_Database_2.1_Procedural_Sbsar/Classic_Materials/Bricks/bricks_018.sbsar
bricks_019,.sbsar,Brick/Masonry/Wall,no,yes,Substance_Database_2.1/Substance_Database_2.1_Procedural_Sbsar,Substance_Database_2.1/Substance_Database_2.1_Procedural_Sbsar/Classic_Materials/Bricks/bricks_019.sbsar
bricks_020,.sbsar,Brick/Masonry/Wall,no,yes,Substance_Database_2.1/Substance_Database_2.1_Procedural_Sbsar,Substance_Database_2.1/Substance_Database_2.1_Procedural_Sbsar/Classic_Materials/Bricks/bricks_020.sbsar
bricks_021,.sbsar,Brick/Masonry/Wall,no,yes,Substance_Database_2.1/Substance_Database_2.1_Procedural_Sbsar,Substance_Database_2.1/Substance_Database_2.1_Procedural_Sbsar/Classic_Materials/Bricks/bricks_021.sbsar
bricks_022,.sbsar,Brick/Masonry/Wall,no,yes,Substance_Database_2.1/Substance_Database_2.1_Procedural_Sbsar,Substance_Database_2.1/Substance_Database_2.1_Procedural_Sbsar/Classic_Materials/Bricks/bricks_022.sbsar
bricks_023,.sbsar,Brick/Masonry/Wall,no,yes,Substance_Database_2.1/Substance_Database_2.1_Procedural_Sbsar,Substance_Database_2.1/Substance_Database_2.1_Procedural_Sbsar/Classic_Materials/Bricks/bricks_023.sbsar
bricks_024,.sbsar,Brick/Masonry/Wall,no,yes,Substance_Database_2.1/Substance_Database_2.1_Procedural_Sbsar,Substance_Database_2.1/Substance_Database_2.1_Procedural_Sbsar/Classic_Materials/Bricks/bricks_024.sbsar
bricks_025,.sbsar,Brick/Masonry/Wall,no,yes,Substance_Database_2.1/Substance_Database_2.1_Procedural_Sbsar,Substance_Database_2.1/Substance_Database_2.1_Procedural_Sbsar/Classic_Materials/Bricks/bricks_025.sbsar
bricks_026,.sbsar,Brick/Masonry/Wall,no,yes,Substance_Database_2.1/Substance_Database_2.1_Procedural_Sbsar,Substance_Database_2.1/Substance_Database_2.1_Procedural_Sbsar/Classic_Materials/Bricks/bricks_026.sbsar
bricks_027,.sbsar,Brick/Masonry/Wall,no,yes,Substance_Database_2.1/Substance_Database_2.1_Procedural_Sbsar,Substance_Database_2.1/Substance_Database_2.1_Procedural_Sbsar/Classic_Materials/Bricks/bricks_027.sbsar
bricks_028,.sbsar,Brick/Masonry/Wall,no,yes,Substance_Database_2.1/Substance_Database_2.1_Procedural_Sbsar,Substance_Database_2.1/Substance_Database_2.1_Procedural_Sbsar/Classic_Materials/Bricks/bricks_028.sbsar
bricks_029,.sbsar,Brick/Masonry/Wall,no,yes,Substance_Database_2.1/Substance_Database_2.1_Procedural_Sbsar,Substance_Database_2.1/Substance_Database_2.1_Procedural_Sbsar/Classic_Materials/Bricks/bricks_029.sbsar
bricks_030,.sbsar,Brick/Masonry/Wall,no,yes,Substance_Database_2.1/Substance_Database_2.1_Procedural_Sbsar,Substance_Database_2.1/Substance_Database_2.1_Procedural_Sbsar/Classic_Materials/Bricks/bricks_030.sbsar
bricks_031,.sbsar,Brick/Masonry/Wall,no,yes,Substance_Database_2.1/Substance_Database_2.1_Procedural_Sbsar,Substance_Database_2.1/Substance_Database_2.1_Procedural_Sbsar/Classic_Materials/Bricks/bricks_031.sbsar
bricks_032,.sbsar,Brick/Masonry/Wall,no,yes,Substance_Database_2.1/Substance_Database_2.1_Procedural_Sbsar,Substance_Database_2.1/Substance_Database_2.1_Procedural_Sbsar/Classic_Materials/Bricks/bricks_032.sbsar
bricks_033,.sbsar,Brick/Masonry/Wall,no,yes,Substance_Database_2.1/Substance_Database_2.1_Procedural_Sbsar,Substance_Database_2.1/Substance_Database_2.1_Procedural_Sbsar/Classic_Materials/Bricks/bricks_033.sbsar
bricks_034,.sbsar,Brick/Masonry/Wall,no,yes,Substance_Database_2.1/Substance_Database_2.1_Procedural_Sbsar,Substance_Database_2.1/Substance_Database_2.1_Procedural_Sbsar/Classic_Materials/Bricks/bricks_034.sbsar
Bricks_Dirty,.sbsar,Brick/Masonry/Wall,no,yes,Substance_Database_2.1/Substance_Database_2.1_Procedural_Sbsar,Substance_Database_2.1/Substance_Database_2.1_Procedural_Sbsar/Classic_Materials/Bricks/Bricks_Dirty.sbsar
BrickWall_01,.sbsar,Brick/Masonry/Wall,no,yes,Substance_Database_2.1/Substance_Database_2.1_Procedural_Sbsar,Substance_Database_2.1/Substance_Database_2.1_Procedural_Sbsar/Classic_Materials/Bricks/BrickWall_01.sbsar
BrickWall_02,.sbsar,Brick/Masonry/Wall,no,yes,Substance_Database_2.1/Substance_Database_2.1_Procedural_Sbsar,Substance_Database_2.1/Substance_Database_2.1_Procedural_Sbsar/Classic_Materials/Bricks/BrickWall_02.sbsar
BrickWall_03,.sbsar,Brick/Masonry/Wall,no,yes,Substance_Database_2.1/Substance_Database_2.1_Procedural_Sbsar,Substance_Database_2.1/Substance_Database_2.1_Procedural_Sbsar/Classic_Materials/Bricks/BrickWall_03.sbsar
BrickWall_04,.sbsar,Brick/Masonry/Wall,no,yes,Substance_Database_2.1/Substance_Database_2.1_Procedural_Sbsar,Substance_Database_2.1/Substance_Database_2.1_Procedural_Sbsar/Classic_Materials/Bricks/BrickWall_04.sbsar
BrickWall_05,.sbsar,Brick/Masonry/Wall,no,yes,Substance_Database_2.1/Substance_Database_2.1_Procedural_Sbsar,Substance_Database_2.1/Substance_Database_2.1_Procedural_Sbsar/Classic_Materials/Bricks/BrickWall_05.sbsar
Limestone_Blocks,.sbsar,Rock/Stone/Cliff,no,yes,Substance_Database_2.1/Substance_Database_2.1_Procedural_Sbsar,Substance_Database_2.1/Substance_Database_2.1_Procedural_Sbsar/Classic_Materials/Bricks/Limestone_Blocks.sbsar
Marble_Wall_01,.sbsar,Brick/Masonry/Wall,no,yes,Substance_Database_2.1/Substance_Database_2.1_Procedural_Sbsar,Substance_Database_2.1/Substance_Database_2.1_Procedural_Sbsar/Classic_Materials/Bricks/Marble_Wall_01.sbsar
RockWall_001,.sbsar,Brick/Masonry/Wall,no,yes,Substance_Database_2.1/Substance_Database_2.1_Procedural_Sbsar,Substance_Database_2.1/Substance_Database_2.1_Procedural_Sbsar/Classic_Materials/Bricks/RockWall_001.sbsar
RockWall_002,.sbsar,Brick/Masonry/Wall,no,yes,Substance_Database_2.1/Substance_Database_2.1_Procedural_Sbsar,Substance_Database_2.1/Substance_Database_2.1_Procedural_Sbsar/Classic_Materials/Bricks/RockWall_002.sbsar
RockWall_003,.sbsar,Brick/Masonry/Wall,no,yes,Substance_Database_2.1/Substance_Database_2.1_Procedural_Sbsar,Substance_Database_2.1/Substance_Database_2.1_Procedural_Sbsar/Classic_Materials/Bricks/RockWall_003.sbsar
RockWall_01,.sbsar,Brick/Masonry/Wall,no,yes,Substance_Database_2.1/Substance_Database_2.1_Procedural_Sbsar,Substance_Database_2.1/Substance_Database_2.1_Procedural_Sbsar/Classic_Materials/Bricks/RockWall_01.sbsar
RockWall_02,.sbsar,Brick/Masonry/Wall,no,yes,Substance_Database_2.1/Substance_Database_2.1_Procedural_Sbsar,Substance_Database_2.1/Substance_Database_2.1_Procedural_Sbsar/Classic_Materials/Bricks/RockWall_02.sbsar
RockWall_03,.sbsar,Brick/Masonry/Wall,no,yes,Substance_Database_2.1/Substance_Database_2.1_Procedural_Sbsar,Substance_Database_2.1/Substance_Database_2.1_Procedural_Sbsar/Classic_Materials/Bricks/RockWall_03.sbsar
RockWall_04,.sbsar,Brick/Masonry/Wall,no,yes,Substance_Database_2.1/Substance_Database_2.1_Procedural_Sbsar,Substance_Database_2.1/Substance_Database_2.1_Procedural_Sbsar/Classic_Materials/Bricks/RockWall_04.sbsar
door_001,.sbsar,Brick/Masonry/Wall,no,yes,Substance_Database_2.1/Substance_Database_2.1_Procedural_Sbsar,Substance_Database_2.1/Substance_Database_2.1_Procedural_Sbsar/Classic_Materials/Buildings/door_001.sbsar
Glass_Building_01,.sbsar,Brick/Masonry/Wall,no,yes,Substance_Database_2.1/Substance_Database_2.1_Procedural_Sbsar,Substance_Database_2.1/Substance_Database_2.1_Procedural_Sbsar/Classic_Materials/Buildings/Glass_Building_01.sbsar
House_Wall_01,.sbsar,Brick/Masonry/Wall,no,yes,Substance_Database_2.1/Substance_Database_2.1_Procedural_Sbsar,Substance_Database_2.1/Substance_Database_2.1_Procedural_Sbsar/Classic_Materials/Buildings/House_Wall_01.sbsar
window_001,.sbsar,Brick/Masonry/Wall,no,yes,Substance_Database_2.1/Substance_Database_2.1_Procedural_Sbsar,Substance_Database_2.1/Substance_Database_2.1_Procedural_Sbsar/Classic_Materials/Buildings/window_001.sbsar
window_002,.sbsar,Brick/Masonry/Wall,no,yes,Substance_Database_2.1/Substance_Database_2.1_Procedural_Sbsar,Substance_Database_2.1/Substance_Database_2.1_Procedural_Sbsar/Classic_Materials/Buildings/window_002.sbsar
Window_01,.sbsar,Brick/Masonry/Wall,no,yes,Substance_Database_2.1/Substance_Database_2.1_Procedural_Sbsar,Substance_Database_2.1/Substance_Database_2.1_Procedural_Sbsar/Classic_Materials/Buildings/Window_01.sbsar
Column,.sbsar,Concrete/Plaster,no,yes,Substance_Database_2.1/Substance_Database_2.1_Procedural_Sbsar,Substance_Database_2.1/Substance_Database_2.1_Procedural_Sbsar/Classic_Materials/Concrete/Column.sbsar
concrete_001,.sbsar,Concrete/Plaster,no,yes,Substance_Database_2.1/Substance_Database_2.1_Procedural_Sbsar,Substance_Database_2.1/Substance_Database_2.1_Procedural_Sbsar/Classic_Materials/Concrete/concrete_001.sbsar
concrete_002,.sbsar,Concrete/Plaster,no,yes,Substance_Database_2.1/Substance_Database_2.1_Procedural_Sbsar,Substance_Database_2.1/Substance_Database_2.1_Procedural_Sbsar/Classic_Materials/Concrete/concrete_002.sbsar
concrete_003,.sbsar,Concrete/Plaster,no,yes,Substance_Database_2.1/Substance_Database_2.1_Procedural_Sbsar,Substance_Database_2.1/Substance_Database_2.1_Procedural_Sbsar/Classic_Materials/Concrete/concrete_003.sbsar
concrete_004,.sbsar,Concrete/Plaster,no,yes,Substance_Database_2.1/Substance_Database_2.1_Procedural_Sbsar,Substance_Database_2.1/Substance_Database_2.1_Procedural_Sbsar/Classic_Materials/Concrete/concrete_004.sbsar
concrete_005,.sbsar,Concrete/Plaster,no,yes,Substance_Database_2.1/Substance_Database_2.1_Procedural_Sbsar,Substance_Database_2.1/Substance_Database_2.1_Procedural_Sbsar/Classic_Materials/Concrete/concrete_005.sbsar
concrete_006,.sbsar,Concrete/Plaster,no,yes,Substance_Database_2.1/Substance_Database_2.1_Procedural_Sbsar,Substance_Database_2.1/Substance_Database_2.1_Procedural_Sbsar/Classic_Materials/Concrete/concrete_006.sbsar
concrete_007,.sbsar,Concrete/Plaster,no,yes,Substance_Database_2.1/Substance_Database_2.1_Procedural_Sbsar,Substance_Database_2.1/Substance_Database_2.1_Procedural_Sbsar/Classic_Materials/Concrete/concrete_007.sbsar
concrete_008,.sbsar,Concrete/Plaster,no,yes,Substance_Database_2.1/Substance_Database_2.1_Procedural_Sbsar,Substance_Database_2.1/Substance_Database_2.1_Procedural_Sbsar/Classic_Materials/Concrete/concrete_008.sbsar
concrete_009,.sbsar,Concrete/Plaster,no,yes,Substance_Database_2.1/Substance_Database_2.1_Procedural_Sbsar,Substance_Database_2.1/Substance_Database_2.1_Procedural_Sbsar/Classic_Materials/Concrete/concrete_009.sbsar
Concrete_01,.sbsar,Concrete/Plaster,no,yes,Substance_Database_2.1/Substance_Database_2.1_Procedural_Sbsar,Substance_Database_2.1/Substance_Database_2.1_Procedural_Sbsar/Classic_Materials/Concrete/Concrete_01.sbsar
concrete_010,.sbsar,Concrete/Plaster,no,yes,Substance_Database_2.1/Substance_Database_2.1_Procedural_Sbsar,Substance_Database_2.1/Substance_Database_2.1_Procedural_Sbsar/Classic_Materials/Concrete/concrete_010.sbsar
concrete_011,.sbsar,Concrete/Plaster,no,yes,Substance_Database_2.1/Substance_Database_2.1_Procedural_Sbsar,Substance_Database_2.1/Substance_Database_2.1_Procedural_Sbsar/Classic_Materials/Concrete/concrete_011.sbsar
concrete_012,.sbsar,Concrete/Plaster,no,yes,Substance_Database_2.1/Substance_Database_2.1_Procedural_Sbsar,Substance_Database_2.1/Substance_Database_2.1_Procedural_Sbsar/Classic_Materials/Concrete/concrete_012.sbsar
concrete_013,.sbsar,Concrete/Plaster,no,yes,Substance_Database_2.1/Substance_Database_2.1_Procedural_Sbsar,Substance_Database_2.1/Substance_Database_2.1_Procedural_Sbsar/Classic_Materials/Concrete/concrete_013.sbsar
concrete_014,.sbsar,Concrete/Plaster,no,yes,Substance_Database_2.1/Substance_Database_2.1_Procedural_Sbsar,Substance_Database_2.1/Substance_Database_2.1_Procedural_Sbsar/Classic_Materials/Concrete/concrete_014.sbsar
concrete_015,.sbsar,Concrete/Plaster,no,yes,Substance_Database_2.1/Substance_Database_2.1_Procedural_Sbsar,Substance_Database_2.1/Substance_Database_2.1_Procedural_Sbsar/Classic_Materials/Concrete/concrete_015.sbsar
concrete_016,.sbsar,Concrete/Plaster,no,yes,Substance_Database_2.1/Substance_Database_2.1_Procedural_Sbsar,Substance_Database_2.1/Substance_Database_2.1_Procedural_Sbsar/Classic_Materials/Concrete/concrete_016.sbsar
concrete_017,.sbsar,Concrete/Plaster,no,yes,Substance_Database_2.1/Substance_Database_2.1_Procedural_Sbsar,Substance_Database_2.1/Substance_Database_2.1_Procedural_Sbsar/Classic_Materials/Concrete/concrete_017.sbsar
concrete_018,.sbsar,Concrete/Plaster,no,yes,Substance_Database_2.1/Substance_Database_2.1_Procedural_Sbsar,Substance_Database_2.1/Substance_Database_2.1_Procedural_Sbsar/Classic_Materials/Concrete/concrete_018.sbsar
concrete_019,.sbsar,Concrete/Plaster,no,yes,Substance_Database_2.1/Substance_Database_2.1_Procedural_Sbsar,Substance_Database_2.1/Substance_Database_2.1_Procedural_Sbsar/Classic_Materials/Concrete/concrete_019.sbsar
Concrete_02,.sbsar,Concrete/Plaster,no,yes,Substance_Database_2.1/Substance_Database_2.1_Procedural_Sbsar,Substance_Database_2.1/Substance_Database_2.1_Procedural_Sbsar/Classic_Materials/Concrete/Concrete_02.sbsar
concrete_020,.sbsar,Concrete/Plaster,no,yes,Substance_Database_2.1/Substance_Database_2.1_Procedural_Sbsar,Substance_Database_2.1/Substance_Database_2.1_Procedural_Sbsar/Classic_Materials/Concrete/concrete_020.sbsar
concrete_021,.sbsar,Concrete/Plaster,no,yes,Substance_Database_2.1/Substance_Database_2.1_Procedural_Sbsar,Substance_Database_2.1/Substance_Database_2.1_Procedural_Sbsar/Classic_Materials/Concrete/concrete_021.sbsar
concrete_022,.sbsar,Concrete/Plaster,no,yes,Substance_Database_2.1/Substance_Database_2.1_Procedural_Sbsar,Substance_Database_2.1/Substance_Database_2.1_Procedural_Sbsar/Classic_Materials/Concrete/concrete_022.sbsar
concrete_023,.sbsar,Concrete/Plaster,no,yes,Substance_Database_2.1/Substance_Database_2.1_Procedural_Sbsar,Substance_Database_2.1/Substance_Database_2.1_Procedural_Sbsar/Classic_Materials/Concrete/concrete_023.sbsar
concrete_024,.sbsar,Concrete/Plaster,no,yes,Substance_Database_2.1/Substance_Database_2.1_Procedural_Sbsar,Substance_Database_2.1/Substance_Database_2.1_Procedural_Sbsar/Classic_Materials/Concrete/concrete_024.sbsar
concrete_025,.sbsar,Concrete/Plaster,no,yes,Substance_Database_2.1/Substance_Database_2.1_Procedural_Sbsar,Substance_Database_2.1/Substance_Database_2.1_Procedural_Sbsar/Classic_Materials/Concrete/concrete_025.sbsar
concrete_026,.sbsar,Concrete/Plaster,no,yes,Substance_Database_2.1/Substance_Database_2.1_Procedural_Sbsar,Substance_Database_2.1/Substance_Database_2.1_Procedural_Sbsar/Classic_Materials/Concrete/concrete_026.sbsar
concrete_027,.sbsar,Concrete/Plaster,no,yes,Substance_Database_2.1/Substance_Database_2.1_Procedural_Sbsar,Substance_Database_2.1/Substance_Database_2.1_Procedural_Sbsar/Classic_Materials/Concrete/concrete_027.sbsar
concrete_028,.sbsar,Concrete/Plaster,no,yes,Substance_Database_2.1/Substance_Database_2.1_Procedural_Sbsar,Substance_Database_2.1/Substance_Database_2.1_Procedural_Sbsar/Classic_Materials/Concrete/concrete_028.sbsar
concrete_029,.sbsar,Concrete/Plaster,no,yes,Substance_Database_2.1/Substance_Database_2.1_Procedural_Sbsar,Substance_Database_2.1/Substance_Database_2.1_Procedural_Sbsar/Classic_Materials/Concrete/concrete_029.sbsar
Concrete_03,.sbsar,Concrete/Plaster,no,yes,Substance_Database_2.1/Substance_Database_2.1_Procedural_Sbsar,Substance_Database_2.1/Substance_Database_2.1_Procedural_Sbsar/Classic_Materials/Concrete/Concrete_03.sbsar
concrete_030,.sbsar,Concrete/Plaster,no,yes,Substance_Database_2.1/Substance_Database_2.1_Procedural_Sbsar,Substance_Database_2.1/Substance_Database_2.1_Procedural_Sbsar/Classic_Materials/Concrete/concrete_030.sbsar
concrete_031,.sbsar,Concrete/Plaster,no,yes,Substance_Database_2.1/Substance_Database_2.1_Procedural_Sbsar,Substance_Database_2.1/Substance_Database_2.1_Procedural_Sbsar/Classic_Materials/Concrete/concrete_031.sbsar
concrete_032,.sbsar,Concrete/Plaster,no,yes,Substance_Database_2.1/Substance_Database_2.1_Procedural_Sbsar,Substance_Database_2.1/Substance_Database_2.1_Procedural_Sbsar/Classic_Materials/Concrete/concrete_032.sbsar
concrete_033,.sbsar,Concrete/Plaster,no,yes,Substance_Database_2.1/Substance_Database_2.1_Procedural_Sbsar,Substance_Database_2.1/Substance_Database_2.1_Procedural_Sbsar/Classic_Materials/Concrete/concrete_033.sbsar
concrete_034,.sbsar,Concrete/Plaster,no,yes,Substance_Database_2.1/Substance_Database_2.1_Procedural_Sbsar,Substance_Database_2.1/Substance_Database_2.1_Procedural_Sbsar/Classic_Materials/Concrete/concrete_034.sbsar
concrete_035,.sbsar,Concrete/Plaster,no,yes,Substance_Database_2.1/Substance_Database_2.1_Procedural_Sbsar,Substance_Database_2.1/Substance_Database_2.1_Procedural_Sbsar/Classic_Materials/Concrete/concrete_035.sbsar
concrete_036,.sbsar,Concrete/Plaster,no,yes,Substance_Database_2.1/Substance_Database_2.1_Procedural_Sbsar,Substance_Database_2.1/Substance_Database_2.1_Procedural_Sbsar/Classic_Materials/Concrete/concrete_036.sbsar
concrete_037,.sbsar,Concrete/Plaster,no,yes,Substance_Database_2.1/Substance_Database_2.1_Procedural_Sbsar,Substance_Database_2.1/Substance_Database_2.1_Procedural_Sbsar/Classic_Materials/Concrete/concrete_037.sbsar
concrete_038,.sbsar,Concrete/Plaster,no,yes,Substance_Database_2.1/Substance_Database_2.1_Procedural_Sbsar,Substance_Database_2.1/Substance_Database_2.1_Procedural_Sbsar/Classic_Materials/Concrete/concrete_038.sbsar
concrete_039,.sbsar,Concrete/Plaster,no,yes,Substance_Database_2.1/Substance_Database_2.1_Procedural_Sbsar,Substance_Database_2.1/Substance_Database_2.1_Procedural_Sbsar/Classic_Materials/Concrete/concrete_039.sbsar
Concrete_04,.sbsar,Concrete/Plaster,no,yes,Substance_Database_2.1/Substance_Database_2.1_Procedural_Sbsar,Substance_Database_2.1/Substance_Database_2.1_Procedural_Sbsar/Classic_Materials/Concrete/Concrete_04.sbsar
concrete_040,.sbsar,Concrete/Plaster,no,yes,Substance_Database_2.1/Substance_Database_2.1_Procedural_Sbsar,Substance_Database_2.1/Substance_Database_2.1_Procedural_Sbsar/Classic_Materials/Concrete/concrete_040.sbsar
concrete_041,.sbsar,Concrete/Plaster,no,yes,Substance_Database_2.1/Substance_Database_2.1_Procedural_Sbsar,Substance_Database_2.1/Substance_Database_2.1_Procedural_Sbsar/Classic_Materials/Concrete/concrete_041.sbsar
concrete_042,.sbsar,Concrete/Plaster,no,yes,Substance_Database_2.1/Substance_Database_2.1_Procedural_Sbsar,Substance_Database_2.1/Substance_Database_2.1_Procedural_Sbsar/Classic_Materials/Concrete/concrete_042.sbsar
concrete_043,.sbsar,Concrete/Plaster,no,yes,Substance_Database_2.1/Substance_Database_2.1_Procedural_Sbsar,Substance_Database_2.1/Substance_Database_2.1_Procedural_Sbsar/Classic_Materials/Concrete/concrete_043.sbsar
concrete_044,.sbsar,Concrete/Plaster,no,yes,Substance_Database_2.1/Substance_Database_2.1_Procedural_Sbsar,Substance_Database_2.1/Substance_Database_2.1_Procedural_Sbsar/Classic_Materials/Concrete/concrete_044.sbsar
concrete_045,.sbsar,Concrete/Plaster,no,yes,Substance_Database_2.1/Substance_Database_2.1_Procedural_Sbsar,Substance_Database_2.1/Substance_Database_2.1_Procedural_Sbsar/Classic_Materials/Concrete/concrete_045.sbsar
concrete_046,.sbsar,Concrete/Plaster,no,yes,Substance_Database_2.1/Substance_Database_2.1_Procedural_Sbsar,Substance_Database_2.1/Substance_Database_2.1_Procedural_Sbsar/Classic_Materials/Concrete/concrete_046.sbsar
concrete_047,.sbsar,Concrete/Plaster,no,yes,Substance_Database_2.1/Substance_Database_2.1_Procedural_Sbsar,Substance_Database_2.1/Substance_Database_2.1_Procedural_Sbsar/Classic_Materials/Concrete/concrete_047.sbsar
concrete_048,.sbsar,Concrete/Plaster,no,yes,Substance_Database_2.1/Substance_Database_2.1_Procedural_Sbsar,Substance_Database_2.1/Substance_Database_2.1_Procedural_Sbsar/Classic_Materials/Concrete/concrete_048.sbsar
concrete_049,.sbsar,Concrete/Plaster,no,yes,Substance_Database_2.1/Substance_Database_2.1_Procedural_Sbsar,Substance_Database_2.1/Substance_Database_2.1_Procedural_Sbsar/Classic_Materials/Concrete/concrete_049.sbsar
Concrete_05,.sbsar,Concrete/Plaster,no,yes,Substance_Database_2.1/Substance_Database_2.1_Procedural_Sbsar,Substance_Database_2.1/Substance_Database_2.1_Procedural_Sbsar/Classic_Materials/Concrete/Concrete_05.sbsar
concrete_050,.sbsar,Concrete/Plaster,no,yes,Substance_Database_2.1/Substance_Database_2.1_Procedural_Sbsar,Substance_Database_2.1/Substance_Database_2.1_Procedural_Sbsar/Classic_Materials/Concrete/concrete_050.sbsar
concrete_051,.sbsar,Concrete/Plaster,no,yes,Substance_Database_2.1/Substance_Database_2.1_Procedural_Sbsar,Substance_Database_2.1/Substance_Database_2.1_Procedural_Sbsar/Classic_Materials/Concrete/concrete_051.sbsar
concrete_052,.sbsar,Concrete/Plaster,no,yes,Substance_Database_2.1/Substance_Database_2.1_Procedural_Sbsar,Substance_Database_2.1/Substance_Database_2.1_Procedural_Sbsar/Classic_Materials/Concrete/concrete_052.sbsar
concrete_053,.sbsar,Concrete/Plaster,no,yes,Substance_Database_2.1/Substance_Database_2.1_Procedural_Sbsar,Substance_Database_2.1/Substance_Database_2.1_Procedural_Sbsar/Classic_Materials/Concrete/concrete_053.sbsar
concrete_054,.sbsar,Concrete/Plaster,no,yes,Substance_Database_2.1/Substance_Database_2.1_Procedural_Sbsar,Substance_Database_2.1/Substance_Database_2.1_Procedural_Sbsar/Classic_Materials/Concrete/concrete_054.sbsar
concrete_055,.sbsar,Concrete/Plaster,no,yes,Substance_Database_2.1/Substance_Database_2.1_Procedural_Sbsar,Substance_Database_2.1/Substance_Database_2.1_Procedural_Sbsar/Classic_Materials/Concrete/concrete_055.sbsar
concrete_056,.sbsar,Concrete/Plaster,no,yes,Substance_Database_2.1/Substance_Database_2.1_Procedural_Sbsar,Substance_Database_2.1/Substance_Database_2.1_Procedural_Sbsar/Classic_Materials/Concrete/concrete_056.sbsar
concrete_057,.sbsar,Concrete/Plaster,no,yes,Substance_Database_2.1/Substance_Database_2.1_Procedural_Sbsar,Substance_Database_2.1/Substance_Database_2.1_Procedural_Sbsar/Classic_Materials/Concrete/concrete_057.sbsar
concrete_058,.sbsar,Concrete/Plaster,no,yes,Substance_Database_2.1/Substance_Database_2.1_Procedural_Sbsar,Substance_Database_2.1/Substance_Database_2.1_Procedural_Sbsar/Classic_Materials/Concrete/concrete_058.sbsar
concrete_059,.sbsar,Concrete/Plaster,no,yes,Substance_Database_2.1/Substance_Database_2.1_Procedural_Sbsar,Substance_Database_2.1/Substance_Database_2.1_Procedural_Sbsar/Classic_Materials/Concrete/concrete_059.sbsar
Concrete_06,.sbsar,Concrete/Plaster,no,yes,Substance_Database_2.1/Substance_Database_2.1_Procedural_Sbsar,Substance_Database_2.1/Substance_Database_2.1_Procedural_Sbsar/Classic_Materials/Concrete/Concrete_06.sbsar
concrete_060,.sbsar,Concrete/Plaster,no,yes,Substance_Database_2.1/Substance_Database_2.1_Procedural_Sbsar,Substance_Database_2.1/Substance_Database_2.1_Procedural_Sbsar/Classic_Materials/Concrete/concrete_060.sbsar
concrete_061,.sbsar,Concrete/Plaster,no,yes,Substance_Database_2.1/Substance_Database_2.1_Procedural_Sbsar,Substance_Database_2.1/Substance_Database_2.1_Procedural_Sbsar/Classic_Materials/Concrete/concrete_061.sbsar
concrete_062,.sbsar,Concrete/Plaster,no,yes,Substance_Database_2.1/Substance_Database_2.1_Procedural_Sbsar,Substance_Database_2.1/Substance_Database_2.1_Procedural_Sbsar/Classic_Materials/Concrete/concrete_062.sbsar
Concrete_07,.sbsar,Concrete/Plaster,no,yes,Substance_Database_2.1/Substance_Database_2.1_Procedural_Sbsar,Substance_Database_2.1/Substance_Database_2.1_Procedural_Sbsar/Classic_Materials/Concrete/Concrete_07.sbsar
Concrete_08,.sbsar,Concrete/Plaster,no,yes,Substance_Database_2.1/Substance_Database_2.1_Procedural_Sbsar,Substance_Database_2.1/Substance_Database_2.1_Procedural_Sbsar/Classic_Materials/Concrete/Concrete_08.sbsar
Concrete_09,.sbsar,Concrete/Plaster,no,yes,Substance_Database_2.1/Substance_Database_2.1_Procedural_Sbsar,Substance_Database_2.1/Substance_Database_2.1_Procedural_Sbsar/Classic_Materials/Concrete/Concrete_09.sbsar
grunge_001,.sbsar,Generators/Utility,no,yes,Substance_Database_2.1/Substance_Database_2.1_Procedural_Sbsar,Substance_Database_2.1/Substance_Database_2.1_Procedural_Sbsar/Classic_Materials/Concrete/grunge_001.sbsar
Modern_Concrete_01,.sbsar,Concrete/Plaster,no,yes,Substance_Database_2.1/Substance_Database_2.1_Procedural_Sbsar,Substance_Database_2.1/Substance_Database_2.1_Procedural_Sbsar/Classic_Materials/Concrete/Modern_Concrete_01.sbsar
Modern_Concrete_02,.sbsar,Concrete/Plaster,no,yes,Substance_Database_2.1/Substance_Database_2.1_Procedural_Sbsar,Substance_Database_2.1/Substance_Database_2.1_Procedural_Sbsar/Classic_Materials/Concrete/Modern_Concrete_02.sbsar
Poured_Concrete,.sbsar,Concrete/Plaster,no,yes,Substance_Database_2.1/Substance_Database_2.1_Procedural_Sbsar,Substance_Database_2.1/Substance_Database_2.1_Procedural_Sbsar/Classic_Materials/Concrete/Poured_Concrete.sbsar
Rusty_Paint,.sbsar,Metal,no,yes,Substance_Database_2.1/Substance_Database_2.1_Procedural_Sbsar,Substance_Database_2.1/Substance_Database_2.1_Procedural_Sbsar/Classic_Materials/Concrete/Rusty_Paint.sbsar
Scratched_Concrete,.sbsar,Concrete/Plaster,no,yes,Substance_Database_2.1/Substance_Database_2.1_Procedural_Sbsar,Substance_Database_2.1/Substance_Database_2.1_Procedural_Sbsar/Classic_Materials/Concrete/Scratched_Concrete.sbsar
Stripes_01,.sbsar,Concrete/Plaster,no,yes,Substance_Database_2.1/Substance_Database_2.1_Procedural_Sbsar,Substance_Database_2.1/Substance_Database_2.1_Procedural_Sbsar/Classic_Materials/Concrete/Stripes_01.sbsar
Camouflage_01,.sbsar,Fabric/Leather,no,yes,Substance_Database_2.1/Substance_Database_2.1_Procedural_Sbsar,Substance_Database_2.1/Substance_Database_2.1_Procedural_Sbsar/Classic_Materials/Fabric/Camouflage_01.sbsar
Camouflage_02,.sbsar,Fabric/Leather,no,yes,Substance_Database_2.1/Substance_Database_2.1_Procedural_Sbsar,Substance_Database_2.1/Substance_Database_2.1_Procedural_Sbsar/Classic_Materials/Fabric/Camouflage_02.sbsar
carpet_001,.sbsar,Fabric/Leather,no,yes,Substance_Database_2.1/Substance_Database_2.1_Procedural_Sbsar,Substance_Database_2.1/Substance_Database_2.1_Procedural_Sbsar/Classic_Materials/Fabric/carpet_001.sbsar
carpet_002,.sbsar,Fabric/Leather,no,yes,Substance_Database_2.1/Substance_Database_2.1_Procedural_Sbsar,Substance_Database_2.1/Substance_Database_2.1_Procedural_Sbsar/Classic_Materials/Fabric/carpet_002.sbsar
carpet_003,.sbsar,Fabric/Leather,no,yes,Substance_Database_2.1/Substance_Database_2.1_Procedural_Sbsar,Substance_Database_2.1/Substance_Database_2.1_Procedural_Sbsar/Classic_Materials/Fabric/carpet_003.sbsar
denim_001,.sbsar,Fabric/Leather,no,yes,Substance_Database_2.1/Substance_Database_2.1_Procedural_Sbsar,Substance_Database_2.1/Substance_Database_2.1_Procedural_Sbsar/Classic_Materials/Fabric/denim_001.sbsar
fabric_001,.sbsar,Fabric/Leather,no,yes,Substance_Database_2.1/Substance_Database_2.1_Procedural_Sbsar,Substance_Database_2.1/Substance_Database_2.1_Procedural_Sbsar/Classic_Materials/Fabric/fabric_001.sbsar
fabric_002,.sbsar,Fabric/Leather,no,yes,Substance_Database_2.1/Substance_Database_2.1_Procedural_Sbsar,Substance_Database_2.1/Substance_Database_2.1_Procedural_Sbsar/Classic_Materials/Fabric/fabric_002.sbsar
fabric_003,.sbsar,Fabric/Leather,no,yes,Substance_Database_2.1/Substance_Database_2.1_Procedural_Sbsar,Substance_Database_2.1/Substance_Database_2.1_Procedural_Sbsar/Classic_Materials/Fabric/fabric_003.sbsar
fabric_004,.sbsar,Fabric/Leather,no,yes,Substance_Database_2.1/Substance_Database_2.1_Procedural_Sbsar,Substance_Database_2.1/Substance_Database_2.1_Procedural_Sbsar/Classic_Materials/Fabric/fabric_004.sbsar
fabric_005,.sbsar,Fabric/Leather,no,yes,Substance_Database_2.1/Substance_Database_2.1_Procedural_Sbsar,Substance_Database_2.1/Substance_Database_2.1_Procedural_Sbsar/Classic_Materials/Fabric/fabric_005.sbsar
fabric_006,.sbsar,Fabric/Leather,no,yes,Substance_Database_2.1/Substance_Database_2.1_Procedural_Sbsar,Substance_Database_2.1/Substance_Database_2.1_Procedural_Sbsar/Classic_Materials/Fabric/fabric_006.sbsar
fabric_007,.sbsar,Fabric/Leather,no,yes,Substance_Database_2.1/Substance_Database_2.1_Procedural_Sbsar,Substance_Database_2.1/Substance_Database_2.1_Procedural_Sbsar/Classic_Materials/Fabric/fabric_007.sbsar
fabric_008,.sbsar,Fabric/Leather,no,yes,Substance_Database_2.1/Substance_Database_2.1_Procedural_Sbsar,Substance_Database_2.1/Substance_Database_2.1_Procedural_Sbsar/Classic_Materials/Fabric/fabric_008.sbsar
fabric_009,.sbsar,Fabric/Leather,no,yes,Substance_Database_2.1/Substance_Database_2.1_Procedural_Sbsar,Substance_Database_2.1/Substance_Database_2.1_Procedural_Sbsar/Classic_Materials/Fabric/fabric_009.sbsar
Fabric_01,.sbsar,Fabric/Leather,no,yes,Substance_Database_2.1/Substance_Database_2.1_Procedural_Sbsar,Substance_Database_2.1/Substance_Database_2.1_Procedural_Sbsar/Classic_Materials/Fabric/Fabric_01.sbsar
fabric_010,.sbsar,Fabric/Leather,no,yes,Substance_Database_2.1/Substance_Database_2.1_Procedural_Sbsar,Substance_Database_2.1/Substance_Database_2.1_Procedural_Sbsar/Classic_Materials/Fabric/fabric_010.sbsar
fabric_011,.sbsar,Fabric/Leather,no,yes,Substance_Database_2.1/Substance_Database_2.1_Procedural_Sbsar,Substance_Database_2.1/Substance_Database_2.1_Procedural_Sbsar/Classic_Materials/Fabric/fabric_011.sbsar
fabric_012,.sbsar,Fabric/Leather,no,yes,Substance_Database_2.1/Substance_Database_2.1_Procedural_Sbsar,Substance_Database_2.1/Substance_Database_2.1_Procedural_Sbsar/Classic_Materials/Fabric/fabric_012.sbsar
fabric_013,.sbsar,Fabric/Leather,no,yes,Substance_Database_2.1/Substance_Database_2.1_Procedural_Sbsar,Substance_Database_2.1/Substance_Database_2.1_Procedural_Sbsar/Classic_Materials/Fabric/fabric_013.sbsar
fabric_014,.sbsar,Fabric/Leather,no,yes,Substance_Database_2.1/Substance_Database_2.1_Procedural_Sbsar,Substance_Database_2.1/Substance_Database_2.1_Procedural_Sbsar/Classic_Materials/Fabric/fabric_014.sbsar
fabric_015,.sbsar,Fabric/Leather,no,yes,Substance_Database_2.1/Substance_Database_2.1_Procedural_Sbsar,Substance_Database_2.1/Substance_Database_2.1_Procedural_Sbsar/Classic_Materials/Fabric/fabric_015.sbsar
fabric_016,.sbsar,Fabric/Leather,no,yes,Substance_Database_2.1/Substance_Database_2.1_Procedural_Sbsar,Substance_Database_2.1/Substance_Database_2.1_Procedural_Sbsar/Classic_Materials/Fabric/fabric_016.sbsar
fabric_017,.sbsar,Fabric/Leather,no,yes,Substance_Database_2.1/Substance_Database_2.1_Procedural_Sbsar,Substance_Database_2.1/Substance_Database_2.1_Procedural_Sbsar/Classic_Materials/Fabric/fabric_017.sbsar
fabric_018,.sbsar,Fabric/Leather,no,yes,Substance_Database_2.1/Substance_Database_2.1_Procedural_Sbsar,Substance_Database_2.1/Substance_Database_2.1_Procedural_Sbsar/Classic_Materials/Fabric/fabric_018.sbsar
fabric_019,.sbsar,Fabric/Leather,no,yes,Substance_Database_2.1/Substance_Database_2.1_Procedural_Sbsar,Substance_Database_2.1/Substance_Database_2.1_Procedural_Sbsar/Classic_Materials/Fabric/fabric_019.sbsar
Fabric_02,.sbsar,Fabric/Leather,no,yes,Substance_Database_2.1/Substance_Database_2.1_Procedural_Sbsar,Substance_Database_2.1/Substance_Database_2.1_Procedural_Sbsar/Classic_Materials/Fabric/Fabric_02.sbsar
fabric_020,.sbsar,Fabric/Leather,no,yes,Substance_Database_2.1/Substance_Database_2.1_Procedural_Sbsar,Substance_Database_2.1/Substance_Database_2.1_Procedural_Sbsar/Classic_Materials/Fabric/fabric_020.sbsar
fabric_021,.sbsar,Fabric/Leather,no,yes,Substance_Database_2.1/Substance_Database_2.1_Procedural_Sbsar,Substance_Database_2.1/Substance_Database_2.1_Procedural_Sbsar/Classic_Materials/Fabric/fabric_021.sbsar
fabric_022,.sbsar,Fabric/Leather,no,yes,Substance_Database_2.1/Substance_Database_2.1_Procedural_Sbsar,Substance_Database_2.1/Substance_Database_2.1_Procedural_Sbsar/Classic_Materials/Fabric/fabric_022.sbsar
fabric_023,.sbsar,Fabric/Leather,no,yes,Substance_Database_2.1/Substance_Database_2.1_Procedural_Sbsar,Substance_Database_2.1/Substance_Database_2.1_Procedural_Sbsar/Classic_Materials/Fabric/fabric_023.sbsar
fabric_024,.sbsar,Fabric/Leather,no,yes,Substance_Database_2.1/Substance_Database_2.1_Procedural_Sbsar,Substance_Database_2.1/Substance_Database_2.1_Procedural_Sbsar/Classic_Materials/Fabric/fabric_024.sbsar
imitation_leather_001,.sbsar,Fabric/Leather,no,yes,Substance_Database_2.1/Substance_Database_2.1_Procedural_Sbsar,Substance_Database_2.1/Substance_Database_2.1_Procedural_Sbsar/Classic_Materials/Fabric/imitation_leather_001.sbsar
Jeans_01,.sbsar,Fabric/Leather,no,yes,Substance_Database_2.1/Substance_Database_2.1_Procedural_Sbsar,Substance_Database_2.1/Substance_Database_2.1_Procedural_Sbsar/Classic_Materials/Fabric/Jeans_01.sbsar
Knits,.sbsar,Fabric/Leather,no,yes,Substance_Database_2.1/Substance_Database_2.1_Procedural_Sbsar,Substance_Database_2.1/Substance_Database_2.1_Procedural_Sbsar/Classic_Materials/Fabric/Knits.sbsar
leather_001,.sbsar,Fabric/Leather,no,yes,Substance_Database_2.1/Substance_Database_2.1_Procedural_Sbsar,Substance_Database_2.1/Substance_Database_2.1_Procedural_Sbsar/Classic_Materials/Fabric/leather_001.sbsar
Leather_Classic,.sbsar,Fabric/Leather,no,yes,Substance_Database_2.1/Substance_Database_2.1_Procedural_Sbsar,Substance_Database_2.1/Substance_Database_2.1_Procedural_Sbsar/Classic_Materials/Fabric/Leather_Classic.sbsar
Leather_Dry,.sbsar,Fabric/Leather,no,yes,Substance_Database_2.1/Substance_Database_2.1_Procedural_Sbsar,Substance_Database_2.1/Substance_Database_2.1_Procedural_Sbsar/Classic_Materials/Fabric/Leather_Dry.sbsar
Linen,.sbsar,Fabric/Leather,no,yes,Substance_Database_2.1/Substance_Database_2.1_Procedural_Sbsar,Substance_Database_2.1/Substance_Database_2.1_Procedural_Sbsar/Classic_Materials/Fabric/Linen.sbsar
Old_Fabric,.sbsar,Fabric/Leather,no,yes,Substance_Database_2.1/Substance_Database_2.1_Procedural_Sbsar,Substance_Database_2.1/Substance_Database_2.1_Procedural_Sbsar/Classic_Materials/Fabric/Old_Fabric.sbsar
Rug_01,.sbsar,Fabric/Leather,no,yes,Substance_Database_2.1/Substance_Database_2.1_Procedural_Sbsar,Substance_Database_2.1/Substance_Database_2.1_Procedural_Sbsar/Classic_Materials/Fabric/Rug_01.sbsar
Satin,.sbsar,Fabric/Leather,no,yes,Substance_Database_2.1/Substance_Database_2.1_Procedural_Sbsar,Substance_Database_2.1/Substance_Database_2.1_Procedural_Sbsar/Classic_Materials/Fabric/Satin.sbsar
Sisal_Rug,.sbsar,Fabric/Leather,no,yes,Substance_Database_2.1/Substance_Database_2.1_Procedural_Sbsar,Substance_Database_2.1/Substance_Database_2.1_Procedural_Sbsar/Classic_Materials/Fabric/Sisal_Rug.sbsar
Stage_Curtains,.sbsar,Fabric/Leather,no,yes,Substance_Database_2.1/Substance_Database_2.1_Procedural_Sbsar,Substance_Database_2.1/Substance_Database_2.1_Procedural_Sbsar/Classic_Materials/Fabric/Stage_Curtains.sbsar
Straw_Checker,.sbsar,Generators/Utility,no,yes,Substance_Database_2.1/Substance_Database_2.1_Procedural_Sbsar,Substance_Database_2.1/Substance_Database_2.1_Procedural_Sbsar/Classic_Materials/Fabric/Straw_Checker.sbsar
Towel_01,.sbsar,Fabric/Leather,no,yes,Substance_Database_2.1/Substance_Database_2.1_Procedural_Sbsar,Substance_Database_2.1/Substance_Database_2.1_Procedural_Sbsar/Classic_Materials/Fabric/Towel_01.sbsar
Turned_Leather,.sbsar,Fabric/Leather,no,yes,Substance_Database_2.1/Substance_Database_2.1_Procedural_Sbsar,Substance_Database_2.1/Substance_Database_2.1_Procedural_Sbsar/Classic_Materials/Fabric/Turned_Leather.sbsar
Wool,.sbsar,Fabric/Leather,no,yes,Substance_Database_2.1/Substance_Database_2.1_Procedural_Sbsar,Substance_Database_2.1/Substance_Database_2.1_Procedural_Sbsar/Classic_Materials/Fabric/Wool.sbsar
wool_001,.sbsar,Fabric/Leather,no,yes,Substance_Database_2.1/Substance_Database_2.1_Procedural_Sbsar,Substance_Database_2.1/Substance_Database_2.1_Procedural_Sbsar/Classic_Materials/Fabric/wool_001.sbsar
Woven_Leather,.sbsar,Fabric/Leather,no,yes,Substance_Database_2.1/Substance_Database_2.1_Procedural_Sbsar,Substance_Database_2.1/Substance_Database_2.1_Procedural_Sbsar/Classic_Materials/Fabric/Woven_Leather.sbsar
zebra_001,.sbsar,Fabric/Leather,no,yes,Substance_Database_2.1/Substance_Database_2.1_Procedural_Sbsar,Substance_Database_2.1/Substance_Database_2.1_Procedural_Sbsar/Classic_Materials/Fabric/zebra_001.sbsar
Banana_Skin,.sbsar,Organic/Nature,no,yes,Substance_Database_2.1/Substance_Database_2.1_Procedural_Sbsar,Substance_Database_2.1/Substance_Database_2.1_Procedural_Sbsar/Classic_Materials/Food/Banana_Skin.sbsar
Beer,.sbsar,Other,no,yes,Substance_Database_2.1/Substance_Database_2.1_Procedural_Sbsar,Substance_Database_2.1/Substance_Database_2.1_Procedural_Sbsar/Classic_Materials/Food/Beer.sbsar
Cereals,.sbsar,Other,no,yes,Substance_Database_2.1/Substance_Database_2.1_Procedural_Sbsar,Substance_Database_2.1/Substance_Database_2.1_Procedural_Sbsar/Classic_Materials/Food/Cereals.sbsar
Chocolate,.sbsar,Other,no,yes,Substance_Database_2.1/Substance_Database_2.1_Procedural_Sbsar,Substance_Database_2.1/Substance_Database_2.1_Procedural_Sbsar/Classic_Materials/Food/Chocolate.sbsar
Chocolate_Biscuit,.sbsar,Other,no,yes,Substance_Database_2.1/Substance_Database_2.1_Procedural_Sbsar,Substance_Database_2.1/Substance_Database_2.1_Procedural_Sbsar/Classic_Materials/Food/Chocolate_Biscuit.sbsar
Cookie,.sbsar,Other,no,yes,Substance_Database_2.1/Substance_Database_2.1_Procedural_Sbsar,Substance_Database_2.1/Substance_Database_2.1_Procedural_Sbsar/Classic_Materials/Food/Cookie.sbsar
Egg_Sunny_Side_Up,.sbsar,Other,no,yes,Substance_Database_2.1/Substance_Database_2.1_Procedural_Sbsar,Substance_Database_2.1/Substance_Database_2.1_Procedural_Sbsar/Classic_Materials/Food/Egg_Sunny_Side_Up.sbsar
Pinapple_Skin,.sbsar,Organic/Nature,no,yes,Substance_Database_2.1/Substance_Database_2.1_Procedural_Sbsar,Substance_Database_2.1/Substance_Database_2.1_Procedural_Sbsar/Classic_Materials/Food/Pinapple_Skin.sbsar
Rice,.sbsar,Other,no,yes,Substance_Database_2.1/Substance_Database_2.1_Procedural_Sbsar,Substance_Database_2.1/Substance_Database_2.1_Procedural_Sbsar/Classic_Materials/Food/Rice.sbsar
Strawberry,.sbsar,Other,no,yes,Substance_Database_2.1/Substance_Database_2.1_Procedural_Sbsar,Substance_Database_2.1/Substance_Database_2.1_Procedural_Sbsar/Classic_Materials/Food/Strawberry.sbsar
Swiss_Cheese,.sbsar,Other,no,yes,Substance_Database_2.1/Substance_Database_2.1_Procedural_Sbsar,Substance_Database_2.1/Substance_Database_2.1_Procedural_Sbsar/Classic_Materials/Food/Swiss_Cheese.sbsar
Toasted_Bread,.sbsar,Other,no,yes,Substance_Database_2.1/Substance_Database_2.1_Procedural_Sbsar,Substance_Database_2.1/Substance_Database_2.1_Procedural_Sbsar/Classic_Materials/Food/Toasted_Bread.sbsar
asphalt_001,.sbsar,Pavement/Tiles/Floor,no,yes,Substance_Database_2.1/Substance_Database_2.1_Procedural_Sbsar,Substance_Database_2.1/Substance_Database_2.1_Procedural_Sbsar/Classic_Materials/Ground/asphalt_001.sbsar
Asphalt_02,.sbsar,Pavement/Tiles/Floor,no,yes,Substance_Database_2.1/Substance_Database_2.1_Procedural_Sbsar,Substance_Database_2.1/Substance_Database_2.1_Procedural_Sbsar/Classic_Materials/Ground/Asphalt_02.sbsar
Desert_Sand_01,.sbsar,Ground/Soil/Sand/Gravel,no,yes,Substance_Database_2.1/Substance_Database_2.1_Procedural_Sbsar,Substance_Database_2.1/Substance_Database_2.1_Procedural_Sbsar/Classic_Materials/Ground/Desert_Sand_01.sbsar
Dry_Ground_01,.sbsar,Ground/Soil/Sand/Gravel,no,yes,Substance_Database_2.1/Substance_Database_2.1_Procedural_Sbsar,Substance_Database_2.1/Substance_Database_2.1_Procedural_Sbsar/Classic_Materials/Ground/Dry_Ground_01.sbsar
Dry_Ground_02,.sbsar,Ground/Soil/Sand/Gravel,no,yes,Substance_Database_2.1/Substance_Database_2.1_Procedural_Sbsar,Substance_Database_2.1/Substance_Database_2.1_Procedural_Sbsar/Classic_Materials/Ground/Dry_Ground_02.sbsar
Gravel,.sbsar,Ground/Soil/Sand/Gravel,no,yes,Substance_Database_2.1/Substance_Database_2.1_Procedural_Sbsar,Substance_Database_2.1/Substance_Database_2.1_Procedural_Sbsar/Classic_Materials/Ground/Gravel.sbsar
Grey_Sand,.sbsar,Ground/Soil/Sand/Gravel,no,yes,Substance_Database_2.1/Substance_Database_2.1_Procedural_Sbsar,Substance_Database_2.1/Substance_Database_2.1_Procedural_Sbsar/Classic_Materials/Ground/Grey_Sand.sbsar
ground_001,.sbsar,Ground/Soil/Sand/Gravel,no,yes,Substance_Database_2.1/Substance_Database_2.1_Procedural_Sbsar,Substance_Database_2.1/Substance_Database_2.1_Procedural_Sbsar/Classic_Materials/Ground/ground_001.sbsar
ground_002,.sbsar,Ground/Soil/Sand/Gravel,no,yes,Substance_Database_2.1/Substance_Database_2.1_Procedural_Sbsar,Substance_Database_2.1/Substance_Database_2.1_Procedural_Sbsar/Classic_Materials/Ground/ground_002.sbsar
ground_003,.sbsar,Ground/Soil/Sand/Gravel,no,yes,Substance_Database_2.1/Substance_Database_2.1_Procedural_Sbsar,Substance_Database_2.1/Substance_Database_2.1_Procedural_Sbsar/Classic_Materials/Ground/ground_003.sbsar
ground_004,.sbsar,Ground/Soil/Sand/Gravel,no,yes,Substance_Database_2.1/Substance_Database_2.1_Procedural_Sbsar,Substance_Database_2.1/Substance_Database_2.1_Procedural_Sbsar/Classic_Materials/Ground/ground_004.sbsar
ground_005,.sbsar,Ground/Soil/Sand/Gravel,no,yes,Substance_Database_2.1/Substance_Database_2.1_Procedural_Sbsar,Substance_Database_2.1/Substance_Database_2.1_Procedural_Sbsar/Classic_Materials/Ground/ground_005.sbsar
ground_006,.sbsar,Ground/Soil/Sand/Gravel,no,yes,Substance_Database_2.1/Substance_Database_2.1_Procedural_Sbsar,Substance_Database_2.1/Substance_Database_2.1_Procedural_Sbsar/Classic_Materials/Ground/ground_006.sbsar
ground_007,.sbsar,Ground/Soil/Sand/Gravel,no,yes,Substance_Database_2.1/Substance_Database_2.1_Procedural_Sbsar,Substance_Database_2.1/Substance_Database_2.1_Procedural_Sbsar/Classic_Materials/Ground/ground_007.sbsar
ground_008,.sbsar,Ground/Soil/Sand/Gravel,no,yes,Substance_Database_2.1/Substance_Database_2.1_Procedural_Sbsar,Substance_Database_2.1/Substance_Database_2.1_Procedural_Sbsar/Classic_Materials/Ground/ground_008.sbsar
ground_009,.sbsar,Ground/Soil/Sand/Gravel,no,yes,Substance_Database_2.1/Substance_Database_2.1_Procedural_Sbsar,Substance_Database_2.1/Substance_Database_2.1_Procedural_Sbsar/Classic_Materials/Ground/ground_009.sbsar
ground_010,.sbsar,Ground/Soil/Sand/Gravel,no,yes,Substance_Database_2.1/Substance_Database_2.1_Procedural_Sbsar,Substance_Database_2.1/Substance_Database_2.1_Procedural_Sbsar/Classic_Materials/Ground/ground_010.sbsar
ground_011,.sbsar,Ground/Soil/Sand/Gravel,no,yes,Substance_Database_2.1/Substance_Database_2.1_Procedural_Sbsar,Substance_Database_2.1/Substance_Database_2.1_Procedural_Sbsar/Classic_Materials/Ground/ground_011.sbsar
ground_012,.sbsar,Ground/Soil/Sand/Gravel,no,yes,Substance_Database_2.1/Substance_Database_2.1_Procedural_Sbsar,Substance_Database_2.1/Substance_Database_2.1_Procedural_Sbsar/Classic_Materials/Ground/ground_012.sbsar
ground_013,.sbsar,Ground/Soil/Sand/Gravel,no,yes,Substance_Database_2.1/Substance_Database_2.1_Procedural_Sbsar,Substance_Database_2.1/Substance_Database_2.1_Procedural_Sbsar/Classic_Materials/Ground/ground_013.sbsar
ground_014,.sbsar,Ground/Soil/Sand/Gravel,no,yes,Substance_Database_2.1/Substance_Database_2.1_Procedural_Sbsar,Substance_Database_2.1/Substance_Database_2.1_Procedural_Sbsar/Classic_Materials/Ground/ground_014.sbsar
ground_015,.sbsar,Ground/Soil/Sand/Gravel,no,yes,Substance_Database_2.1/Substance_Database_2.1_Procedural_Sbsar,Substance_Database_2.1/Substance_Database_2.1_Procedural_Sbsar/Classic_Materials/Ground/ground_015.sbsar
ground_016,.sbsar,Ground/Soil/Sand/Gravel,no,yes,Substance_Database_2.1/Substance_Database_2.1_Procedural_Sbsar,Substance_Database_2.1/Substance_Database_2.1_Procedural_Sbsar/Classic_Materials/Ground/ground_016.sbsar
ground_017,.sbsar,Ground/Soil/Sand/Gravel,no,yes,Substance_Database_2.1/Substance_Database_2.1_Procedural_Sbsar,Substance_Database_2.1/Substance_Database_2.1_Procedural_Sbsar/Classic_Materials/Ground/ground_017.sbsar
ground_018,.sbsar,Ground/Soil/Sand/Gravel,no,yes,Substance_Database_2.1/Substance_Database_2.1_Procedural_Sbsar,Substance_Database_2.1/Substance_Database_2.1_Procedural_Sbsar/Classic_Materials/Ground/ground_018.sbsar
ground_019,.sbsar,Ground/Soil/Sand/Gravel,no,yes,Substance_Database_2.1/Substance_Database_2.1_Procedural_Sbsar,Substance_Database_2.1/Substance_Database_2.1_Procedural_Sbsar/Classic_Materials/Ground/ground_019.sbsar
ground_020,.sbsar,Ground/Soil/Sand/Gravel,no,yes,Substance_Database_2.1/Substance_Database_2.1_Procedural_Sbsar,Substance_Database_2.1/Substance_Database_2.1_Procedural_Sbsar/Classic_Materials/Ground/ground_020.sbsar
ground_021,.sbsar,Ground/Soil/Sand/Gravel,no,yes,Substance_Database_2.1/Substance_Database_2.1_Procedural_Sbsar,Substance_Database_2.1/Substance_Database_2.1_Procedural_Sbsar/Classic_Materials/Ground/ground_021.sbsar
Lava_Rocks,.sbsar,Rock/Stone/Cliff,no,yes,Substance_Database_2.1/Substance_Database_2.1_Procedural_Sbsar,Substance_Database_2.1/Substance_Database_2.1_Procedural_Sbsar/Classic_Materials/Ground/Lava_Rocks.sbsar
Lawn,.sbsar,Organic/Nature,no,yes,Substance_Database_2.1/Substance_Database_2.1_Procedural_Sbsar,Substance_Database_2.1/Substance_Database_2.1_Procedural_Sbsar/Classic_Materials/Ground/Lawn.sbsar
magma_ground_001,.sbsar,Ground/Soil/Sand/Gravel,no,yes,Substance_Database_2.1/Substance_Database_2.1_Procedural_Sbsar,Substance_Database_2.1/Substance_Database_2.1_Procedural_Sbsar/Classic_Materials/Ground/magma_ground_001.sbsar
mud_001,.sbsar,Ground/Soil/Sand/Gravel,no,yes,Substance_Database_2.1/Substance_Database_2.1_Procedural_Sbsar,Substance_Database_2.1/Substance_Database_2.1_Procedural_Sbsar/Classic_Materials/Ground/mud_001.sbsar
Muddy_Trail,.sbsar,Ground/Soil/Sand/Gravel,no,yes,Substance_Database_2.1/Substance_Database_2.1_Procedural_Sbsar,Substance_Database_2.1/Substance_Database_2.1_Procedural_Sbsar/Classic_Materials/Ground/Muddy_Trail.sbsar
pebbles_001,.sbsar,Rock/Stone/Cliff,no,yes,Substance_Database_2.1/Substance_Database_2.1_Procedural_Sbsar,Substance_Database_2.1/Substance_Database_2.1_Procedural_Sbsar/Classic_Materials/Ground/pebbles_001.sbsar
pebbles_002,.sbsar,Rock/Stone/Cliff,no,yes,Substance_Database_2.1/Substance_Database_2.1_Procedural_Sbsar,Substance_Database_2.1/Substance_Database_2.1_Procedural_Sbsar/Classic_Materials/Ground/pebbles_002.sbsar
pebbles_003,.sbsar,Rock/Stone/Cliff,no,yes,Substance_Database_2.1/Substance_Database_2.1_Procedural_Sbsar,Substance_Database_2.1/Substance_Database_2.1_Procedural_Sbsar/Classic_Materials/Ground/pebbles_003.sbsar
pebbles_004,.sbsar,Rock/Stone/Cliff,no,yes,Substance_Database_2.1/Substance_Database_2.1_Procedural_Sbsar,Substance_Database_2.1/Substance_Database_2.1_Procedural_Sbsar/Classic_Materials/Ground/pebbles_004.sbsar
pebbles_005,.sbsar,Rock/Stone/Cliff,no,yes,Substance_Database_2.1/Substance_Database_2.1_Procedural_Sbsar,Substance_Database_2.1/Substance_Database_2.1_Procedural_Sbsar/Classic_Materials/Ground/pebbles_005.sbsar
pebbles_007,.sbsar,Rock/Stone/Cliff,no,yes,Substance_Database_2.1/Substance_Database_2.1_Procedural_Sbsar,Substance_Database_2.1/Substance_Database_2.1_Procedural_Sbsar/Classic_Materials/Ground/pebbles_007.sbsar
Rough_Ground,.sbsar,Ground/Soil/Sand/Gravel,no,yes,Substance_Database_2.1/Substance_Database_2.1_Procedural_Sbsar,Substance_Database_2.1/Substance_Database_2.1_Procedural_Sbsar/Classic_Materials/Ground/Rough_Ground.sbsar
sand_001,.sbsar,Ground/Soil/Sand/Gravel,no,yes,Substance_Database_2.1/Substance_Database_2.1_Procedural_Sbsar,Substance_Database_2.1/Substance_Database_2.1_Procedural_Sbsar/Classic_Materials/Ground/sand_001.sbsar
Sand_01,.sbsar,Ground/Soil/Sand/Gravel,no,yes,Substance_Database_2.1/Substance_Database_2.1_Procedural_Sbsar,Substance_Database_2.1/Substance_Database_2.1_Procedural_Sbsar/Classic_Materials/Ground/Sand_01.sbsar
Sand_02,.sbsar,Ground/Soil/Sand/Gravel,no,yes,Substance_Database_2.1/Substance_Database_2.1_Procedural_Sbsar,Substance_Database_2.1/Substance_Database_2.1_Procedural_Sbsar/Classic_Materials/Ground/Sand_02.sbsar
Small_Stones,.sbsar,Rock/Stone/Cliff,no,yes,Substance_Database_2.1/Substance_Database_2.1_Procedural_Sbsar,Substance_Database_2.1/Substance_Database_2.1_Procedural_Sbsar/Classic_Materials/Ground/Small_Stones.sbsar
snow_001,.sbsar,Ice/Snow/Water,no,yes,Substance_Database_2.1/Substance_Database_2.1_Procedural_Sbsar,Substance_Database_2.1/Substance_Database_2.1_Procedural_Sbsar/Classic_Materials/Ground/snow_001.sbsar
snow_002,.sbsar,Ice/Snow/Water,no,yes,Substance_Database_2.1/Substance_Database_2.1_Procedural_Sbsar,Substance_Database_2.1/Substance_Database_2.1_Procedural_Sbsar/Classic_Materials/Ground/snow_002.sbsar
Stadium_Lawn,.sbsar,Organic/Nature,no,yes,Substance_Database_2.1/Substance_Database_2.1_Procedural_Sbsar,Substance_Database_2.1/Substance_Database_2.1_Procedural_Sbsar/Classic_Materials/Ground/Stadium_Lawn.sbsar
Paint_Cracks,.sbsar,Generators/Utility,no,yes,Substance_Database_2.1/Substance_Database_2.1_Procedural_Sbsar,Substance_Database_2.1/Substance_Database_2.1_Procedural_Sbsar/Classic_Materials/Grunge/Paint_Cracks.sbsar
CorkBoard,.sbsar,Wood,no,yes,Substance_Database_2.1/Substance_Database_2.1_Procedural_Sbsar,Substance_Database_2.1/Substance_Database_2.1_Procedural_Sbsar/Classic_Materials/Manmade/CorkBoard.sbsar
Doormat,.sbsar,Fabric/Leather,no,yes,Substance_Database_2.1/Substance_Database_2.1_Procedural_Sbsar,Substance_Database_2.1/Substance_Database_2.1_Procedural_Sbsar/Classic_Materials/Manmade/Doormat.sbsar
Printed_Circuit,.sbsar,Sci-fi/Tech,no,yes,Substance_Database_2.1/Substance_Database_2.1_Procedural_Sbsar,Substance_Database_2.1/Substance_Database_2.1_Procedural_Sbsar/Classic_Materials/Manmade/Printed_Circuit.sbsar
Shutter_01,.sbsar,Other,no,yes,Substance_Database_2.1/Substance_Database_2.1_Procedural_Sbsar,Substance_Database_2.1/Substance_Database_2.1_Procedural_Sbsar/Classic_Materials/Manmade/Shutter_01.sbsar
Sponge,.sbsar,Organic/Nature,no,yes,Substance_Database_2.1/Substance_Database_2.1_Procedural_Sbsar,Substance_Database_2.1/Substance_Database_2.1_Procedural_Sbsar/Classic_Materials/Manmade/Sponge.sbsar
Tire_01,.sbsar,Other,no,yes,Substance_Database_2.1/Substance_Database_2.1_Procedural_Sbsar,Substance_Database_2.1/Substance_Database_2.1_Procedural_Sbsar/Classic_Materials/Manmade/Tire_01.sbsar
Wheel,.sbsar,Generators/Utility,no,yes,Substance_Database_2.1/Substance_Database_2.1_Procedural_Sbsar,Substance_Database_2.1/Substance_Database_2.1_Procedural_Sbsar/Classic_Materials/Manmade/Wheel.sbsar
Aircraft_Metal,.sbsar,Metal,no,yes,Substance_Database_2.1/Substance_Database_2.1_Procedural_Sbsar,Substance_Database_2.1/Substance_Database_2.1_Procedural_Sbsar/Classic_Materials/Metal/Aircraft_Metal.sbsar
Barbwire,.sbsar,Metal,no,yes,Substance_Database_2.1/Substance_Database_2.1_Procedural_Sbsar,Substance_Database_2.1/Substance_Database_2.1_Procedural_Sbsar/Classic_Materials/Metal/Barbwire.sbsar
Bronze_Copper,.sbsar,Metal,no,yes,Substance_Database_2.1/Substance_Database_2.1_Procedural_Sbsar,Substance_Database_2.1/Substance_Database_2.1_Procedural_Sbsar/Classic_Materials/Metal/Bronze_Copper.sbsar
Brushed_Aluminum,.sbsar,Metal,no,yes,Substance_Database_2.1/Substance_Database_2.1_Procedural_Sbsar,Substance_Database_2.1/Substance_Database_2.1_Procedural_Sbsar/Classic_Materials/Metal/Brushed_Aluminum.sbsar
Brushed_Metal,.sbsar,Metal,no,yes,Substance_Database_2.1/Substance_Database_2.1_Procedural_Sbsar,Substance_Database_2.1/Substance_Database_2.1_Procedural_Sbsar/Classic_Materials/Metal/Brushed_Metal.sbsar
Corrugated_Metal,.sbsar,Metal,no,yes,Substance_Database_2.1/Substance_Database_2.1_Procedural_Sbsar,Substance_Database_2.1/Substance_Database_2.1_Procedural_Sbsar/Classic_Materials/Metal/Corrugated_Metal.sbsar
Corrugated_Tin_Plates,.sbsar,Metal,no,yes,Substance_Database_2.1/Substance_Database_2.1_Procedural_Sbsar,Substance_Database_2.1/Substance_Database_2.1_Procedural_Sbsar/Classic_Materials/Metal/Corrugated_Tin_Plates.sbsar
Diamond_Plate,.sbsar,Metal,no,yes,Substance_Database_2.1/Substance_Database_2.1_Procedural_Sbsar,Substance_Database_2.1/Substance_Database_2.1_Procedural_Sbsar/Classic_Materials/Metal/Diamond_Plate.sbsar
Fencing,.sbsar,Metal,no,yes,Substance_Database_2.1/Substance_Database_2.1_Procedural_Sbsar,Substance_Database_2.1/Substance_Database_2.1_Procedural_Sbsar/Classic_Materials/Metal/Fencing.sbsar
Galvanized,.sbsar,Metal,no,yes,Substance_Database_2.1/Substance_Database_2.1_Procedural_Sbsar,Substance_Database_2.1/Substance_Database_2.1_Procedural_Sbsar/Classic_Materials/Metal/Galvanized.sbsar
metal_001,.sbsar,Metal,no,yes,Substance_Database_2.1/Substance_Database_2.1_Procedural_Sbsar,Substance_Database_2.1/Substance_Database_2.1_Procedural_Sbsar/Classic_Materials/Metal/metal_001.sbsar
metal_002,.sbsar,Metal,no,yes,Substance_Database_2.1/Substance_Database_2.1_Procedural_Sbsar,Substance_Database_2.1/Substance_Database_2.1_Procedural_Sbsar/Classic_Materials/Metal/metal_002.sbsar
metal_003,.sbsar,Metal,no,yes,Substance_Database_2.1/Substance_Database_2.1_Procedural_Sbsar,Substance_Database_2.1/Substance_Database_2.1_Procedural_Sbsar/Classic_Materials/Metal/metal_003.sbsar
metal_004,.sbsar,Metal,no,yes,Substance_Database_2.1/Substance_Database_2.1_Procedural_Sbsar,Substance_Database_2.1/Substance_Database_2.1_Procedural_Sbsar/Classic_Materials/Metal/metal_004.sbsar
metal_005,.sbsar,Metal,no,yes,Substance_Database_2.1/Substance_Database_2.1_Procedural_Sbsar,Substance_Database_2.1/Substance_Database_2.1_Procedural_Sbsar/Classic_Materials/Metal/metal_005.sbsar
metal_006,.sbsar,Metal,no,yes,Substance_Database_2.1/Substance_Database_2.1_Procedural_Sbsar,Substance_Database_2.1/Substance_Database_2.1_Procedural_Sbsar/Classic_Materials/Metal/metal_006.sbsar
metal_floor_001,.sbsar,Pavement/Tiles/Floor,no,yes,Substance_Database_2.1/Substance_Database_2.1_Procedural_Sbsar,Substance_Database_2.1/Substance_Database_2.1_Procedural_Sbsar/Classic_Materials/Metal/metal_floor_001.sbsar
metal_floor_002,.sbsar,Pavement/Tiles/Floor,no,yes,Substance_Database_2.1/Substance_Database_2.1_Procedural_Sbsar,Substance_Database_2.1/Substance_Database_2.1_Procedural_Sbsar/Classic_Materials/Metal/metal_floor_002.sbsar
metal_floor_003,.sbsar,Pavement/Tiles/Floor,no,yes,Substance_Database_2.1/Substance_Database_2.1_Procedural_Sbsar,Substance_Database_2.1/Substance_Database_2.1_Procedural_Sbsar/Classic_Materials/Metal/metal_floor_003.sbsar
metal_floor_004,.sbsar,Pavement/Tiles/Floor,no,yes,Substance_Database_2.1/Substance_Database_2.1_Procedural_Sbsar,Substance_Database_2.1/Substance_Database_2.1_Procedural_Sbsar/Classic_Materials/Metal/metal_floor_004.sbsar
metal_floor_005,.sbsar,Pavement/Tiles/Floor,no,yes,Substance_Database_2.1/Substance_Database_2.1_Procedural_Sbsar,Substance_Database_2.1/Substance_Database_2.1_Procedural_Sbsar/Classic_Materials/Metal/metal_floor_005.sbsar
metal_floor_006,.sbsar,Pavement/Tiles/Floor,no,yes,Substance_Database_2.1/Substance_Database_2.1_Procedural_Sbsar,Substance_Database_2.1/Substance_Database_2.1_Procedural_Sbsar/Classic_Materials/Metal/metal_floor_006.sbsar
metal_floor_007,.sbsar,Pavement/Tiles/Floor,no,yes,Substance_Database_2.1/Substance_Database_2.1_Procedural_Sbsar,Substance_Database_2.1/Substance_Database_2.1_Procedural_Sbsar/Classic_Materials/Metal/metal_floor_007.sbsar
metal_floor_008,.sbsar,Pavement/Tiles/Floor,no,yes,Substance_Database_2.1/Substance_Database_2.1_Procedural_Sbsar,Substance_Database_2.1/Substance_Database_2.1_Procedural_Sbsar/Classic_Materials/Metal/metal_floor_008.sbsar
Metal_plate,.sbsar,Metal,no,yes,Substance_Database_2.1/Substance_Database_2.1_Procedural_Sbsar,Substance_Database_2.1/Substance_Database_2.1_Procedural_Sbsar/Classic_Materials/Metal/Metal_plate.sbsar
metal_plate_001,.sbsar,Metal,no,yes,Substance_Database_2.1/Substance_Database_2.1_Procedural_Sbsar,Substance_Database_2.1/Substance_Database_2.1_Procedural_Sbsar/Classic_Materials/Metal/metal_plate_001.sbsar
metal_plate_002,.sbsar,Metal,no,yes,Substance_Database_2.1/Substance_Database_2.1_Procedural_Sbsar,Substance_Database_2.1/Substance_Database_2.1_Procedural_Sbsar/Classic_Materials/Metal/metal_plate_002.sbsar
metal_plate_003,.sbsar,Metal,no,yes,Substance_Database_2.1/Substance_Database_2.1_Procedural_Sbsar,Substance_Database_2.1/Substance_Database_2.1_Procedural_Sbsar/Classic_Materials/Metal/metal_plate_003.sbsar
metal_plate_004,.sbsar,Metal,no,yes,Substance_Database_2.1/Substance_Database_2.1_Procedural_Sbsar,Substance_Database_2.1/Substance_Database_2.1_Procedural_Sbsar/Classic_Materials/Metal/metal_plate_004.sbsar
metal_plate_005,.sbsar,Metal,no,yes,Substance_Database_2.1/Substance_Database_2.1_Procedural_Sbsar,Substance_Database_2.1/Substance_Database_2.1_Procedural_Sbsar/Classic_Materials/Metal/metal_plate_005.sbsar
metal_plate_006,.sbsar,Metal,no,yes,Substance_Database_2.1/Substance_Database_2.1_Procedural_Sbsar,Substance_Database_2.1/Substance_Database_2.1_Procedural_Sbsar/Classic_Materials/Metal/metal_plate_006.sbsar
metal_plate_007,.sbsar,Metal,no,yes,Substance_Database_2.1/Substance_Database_2.1_Procedural_Sbsar,Substance_Database_2.1/Substance_Database_2.1_Procedural_Sbsar/Classic_Materials/Metal/metal_plate_007.sbsar
metal_plate_008,.sbsar,Metal,no,yes,Substance_Database_2.1/Substance_Database_2.1_Procedural_Sbsar,Substance_Database_2.1/Substance_Database_2.1_Procedural_Sbsar/Classic_Materials/Metal/metal_plate_008.sbsar
metal_plate_009,.sbsar,Metal,no,yes,Substance_Database_2.1/Substance_Database_2.1_Procedural_Sbsar,Substance_Database_2.1/Substance_Database_2.1_Procedural_Sbsar/Classic_Materials/Metal/metal_plate_009.sbsar
metal_plate_010,.sbsar,Metal,no,yes,Substance_Database_2.1/Substance_Database_2.1_Procedural_Sbsar,Substance_Database_2.1/Substance_Database_2.1_Procedural_Sbsar/Classic_Materials/Metal/metal_plate_010.sbsar
Painted_Metal_01,.sbsar,Metal,no,yes,Substance_Database_2.1/Substance_Database_2.1_Procedural_Sbsar,Substance_Database_2.1/Substance_Database_2.1_Procedural_Sbsar/Classic_Materials/Metal/Painted_Metal_01.sbsar
Painted_Metal_02,.sbsar,Metal,no,yes,Substance_Database_2.1/Substance_Database_2.1_Procedural_Sbsar,Substance_Database_2.1/Substance_Database_2.1_Procedural_Sbsar/Classic_Materials/Metal/Painted_Metal_02.sbsar
Rusty_Metal,.sbsar,Metal,no,yes,Substance_Database_2.1/Substance_Database_2.1_Procedural_Sbsar,Substance_Database_2.1/Substance_Database_2.1_Procedural_Sbsar/Classic_Materials/Metal/Rusty_Metal.sbsar
Rusty_Metal_Floor,.sbsar,Pavement/Tiles/Floor,no,yes,Substance_Database_2.1/Substance_Database_2.1_Procedural_Sbsar,Substance_Database_2.1/Substance_Database_2.1_Procedural_Sbsar/Classic_Materials/Metal/Rusty_Metal_Floor.sbsar
Steel_Sheet,.sbsar,Metal,no,yes,Substance_Database_2.1/Substance_Database_2.1_Procedural_Sbsar,Substance_Database_2.1/Substance_Database_2.1_Procedural_Sbsar/Classic_Materials/Metal/Steel_Sheet.sbsar
Wall_Steel_Sheet,.sbsar,Brick/Masonry/Wall,no,yes,Substance_Database_2.1/Substance_Database_2.1_Procedural_Sbsar,Substance_Database_2.1/Substance_Database_2.1_Procedural_Sbsar/Classic_Materials/Metal/Wall_Steel_Sheet.sbsar
Woven_Metal,.sbsar,Fabric/Leather,no,yes,Substance_Database_2.1/Substance_Database_2.1_Procedural_Sbsar,Substance_Database_2.1/Substance_Database_2.1_Procedural_Sbsar/Classic_Materials/Metal/Woven_Metal.sbsar
Autumn_Leaves,.sbsar,Organic/Nature,no,yes,Substance_Database_2.1/Substance_Database_2.1_Procedural_Sbsar,Substance_Database_2.1/Substance_Database_2.1_Procedural_Sbsar/Classic_Materials/Nature/Autumn_Leaves.sbsar
bark_001,.sbsar,Organic/Nature,no,yes,Substance_Database_2.1/Substance_Database_2.1_Procedural_Sbsar,Substance_Database_2.1/Substance_Database_2.1_Procedural_Sbsar/Classic_Materials/Nature/bark_001.sbsar
bark_002,.sbsar,Organic/Nature,no,yes,Substance_Database_2.1/Substance_Database_2.1_Procedural_Sbsar,Substance_Database_2.1/Substance_Database_2.1_Procedural_Sbsar/Classic_Materials/Nature/bark_002.sbsar
bark_003,.sbsar,Organic/Nature,no,yes,Substance_Database_2.1/Substance_Database_2.1_Procedural_Sbsar,Substance_Database_2.1/Substance_Database_2.1_Procedural_Sbsar/Classic_Materials/Nature/bark_003.sbsar
bark_004,.sbsar,Organic/Nature,no,yes,Substance_Database_2.1/Substance_Database_2.1_Procedural_Sbsar,Substance_Database_2.1/Substance_Database_2.1_Procedural_Sbsar/Classic_Materials/Nature/bark_004.sbsar
bark_005,.sbsar,Organic/Nature,no,yes,Substance_Database_2.1/Substance_Database_2.1_Procedural_Sbsar,Substance_Database_2.1/Substance_Database_2.1_Procedural_Sbsar/Classic_Materials/Nature/bark_005.sbsar
Flower_Grass,.sbsar,Organic/Nature,no,yes,Substance_Database_2.1/Substance_Database_2.1_Procedural_Sbsar,Substance_Database_2.1/Substance_Database_2.1_Procedural_Sbsar/Classic_Materials/Nature/Flower_Grass.sbsar
foliage_001,.sbsar,Organic/Nature,no,yes,Substance_Database_2.1/Substance_Database_2.1_Procedural_Sbsar,Substance_Database_2.1/Substance_Database_2.1_Procedural_Sbsar/Classic_Materials/Nature/foliage_001.sbsar
Grass_01,.sbsar,Organic/Nature,no,yes,Substance_Database_2.1/Substance_Database_2.1_Procedural_Sbsar,Substance_Database_2.1/Substance_Database_2.1_Procedural_Sbsar/Classic_Materials/Nature/Grass_01.sbsar
Ivy,.sbsar,Organic/Nature,no,yes,Substance_Database_2.1/Substance_Database_2.1_Procedural_Sbsar,Substance_Database_2.1/Substance_Database_2.1_Procedural_Sbsar/Classic_Materials/Nature/Ivy.sbsar
nature_001,.sbsar,Organic/Nature,no,yes,Substance_Database_2.1/Substance_Database_2.1_Procedural_Sbsar,Substance_Database_2.1/Substance_Database_2.1_Procedural_Sbsar/Classic_Materials/Nature/nature_001.sbsar
nature_002,.sbsar,Organic/Nature,no,yes,Substance_Database_2.1/Substance_Database_2.1_Procedural_Sbsar,Substance_Database_2.1/Substance_Database_2.1_Procedural_Sbsar/Classic_Materials/Nature/nature_002.sbsar
Pebble_Grass,.sbsar,Organic/Nature,no,yes,Substance_Database_2.1/Substance_Database_2.1_Procedural_Sbsar,Substance_Database_2.1/Substance_Database_2.1_Procedural_Sbsar/Classic_Materials/Nature/Pebble_Grass.sbsar
Straw,.sbsar,Organic/Nature,no,yes,Substance_Database_2.1/Substance_Database_2.1_Procedural_Sbsar,Substance_Database_2.1/Substance_Database_2.1_Procedural_Sbsar/Classic_Materials/Nature/Straw.sbsar
Cow_Skin,.sbsar,Organic/Nature,no,yes,Substance_Database_2.1/Substance_Database_2.1_Procedural_Sbsar,Substance_Database_2.1/Substance_Database_2.1_Procedural_Sbsar/Classic_Materials/Organic/Cow_Skin.sbsar
Elephant_Skin,.sbsar,Organic/Nature,no,yes,Substance_Database_2.1/Substance_Database_2.1_Procedural_Sbsar,Substance_Database_2.1/Substance_Database_2.1_Procedural_Sbsar/Classic_Materials/Organic/Elephant_Skin.sbsar
Eye,.sbsar,Organic/Nature,no,yes,Substance_Database_2.1/Substance_Database_2.1_Procedural_Sbsar,Substance_Database_2.1/Substance_Database_2.1_Procedural_Sbsar/Classic_Materials/Organic/Eye.sbsar
eye_001,.sbsar,Organic/Nature,no,yes,Substance_Database_2.1/Substance_Database_2.1_Procedural_Sbsar,Substance_Database_2.1/Substance_Database_2.1_Procedural_Sbsar/Classic_Materials/Organic/eye_001.sbsar
Flesh,.sbsar,Organic/Nature,no,yes,Substance_Database_2.1/Substance_Database_2.1_Procedural_Sbsar,Substance_Database_2.1/Substance_Database_2.1_Procedural_Sbsar/Classic_Materials/Organic/Flesh.sbsar
Giraffe_Skin,.sbsar,Organic/Nature,no,yes,Substance_Database_2.1/Substance_Database_2.1_Procedural_Sbsar,Substance_Database_2.1/Substance_Database_2.1_Procedural_Sbsar/Classic_Materials/Organic/Giraffe_Skin.sbsar
Hair,.sbsar,Organic/Nature,no,yes,Substance_Database_2.1/Substance_Database_2.1_Procedural_Sbsar,Substance_Database_2.1/Substance_Database_2.1_Procedural_Sbsar/Classic_Materials/Organic/Hair.sbsar
hair_001,.sbsar,Organic/Nature,no,yes,Substance_Database_2.1/Substance_Database_2.1_Procedural_Sbsar,Substance_Database_2.1/Substance_Database_2.1_Procedural_Sbsar/Classic_Materials/Organic/hair_001.sbsar
human_skin_001,.sbsar,Organic/Nature,no,yes,Substance_Database_2.1/Substance_Database_2.1_Procedural_Sbsar,Substance_Database_2.1/Substance_Database_2.1_Procedural_Sbsar/Classic_Materials/Organic/human_skin_001.sbsar
Leopard_Fur,.sbsar,Organic/Nature,no,yes,Substance_Database_2.1/Substance_Database_2.1_Procedural_Sbsar,Substance_Database_2.1/Substance_Database_2.1_Procedural_Sbsar/Classic_Materials/Organic/Leopard_Fur.sbsar
Plastic_Bumps,.sbsar,Organic/Nature,no,yes,Substance_Database_2.1/Substance_Database_2.1_Procedural_Sbsar,Substance_Database_2.1/Substance_Database_2.1_Procedural_Sbsar/Classic_Materials/Organic/Plastic_Bumps.sbsar
Snake_Skin,.sbsar,Organic/Nature,no,yes,Substance_Database_2.1/Substance_Database_2.1_Procedural_Sbsar,Substance_Database_2.1/Substance_Database_2.1_Procedural_Sbsar/Classic_Materials/Organic/Snake_Skin.sbsar
Snake_Skin_001,.sbsar,Organic/Nature,no,yes,Substance_Database_2.1/Substance_Database_2.1_Procedural_Sbsar,Substance_Database_2.1/Substance_Database_2.1_Procedural_Sbsar/Classic_Materials/Organic/Snake_Skin_001.sbsar
Tiger_Fur,.sbsar,Organic/Nature,no,yes,Substance_Database_2.1/Substance_Database_2.1_Procedural_Sbsar,Substance_Database_2.1/Substance_Database_2.1_Procedural_Sbsar/Classic_Materials/Organic/Tiger_Fur.sbsar
Blotting_Paper,.sbsar,Other,no,yes,Substance_Database_2.1/Substance_Database_2.1_Procedural_Sbsar,Substance_Database_2.1/Substance_Database_2.1_Procedural_Sbsar/Classic_Materials/Paper/Blotting_Paper.sbsar
book_paper001,.sbsar,Other,no,yes,Substance_Database_2.1/Substance_Database_2.1_Procedural_Sbsar,Substance_Database_2.1/Substance_Database_2.1_Procedural_Sbsar/Classic_Materials/Paper/book_paper001.sbsar
book_paper002,.sbsar,Other,no,yes,Substance_Database_2.1/Substance_Database_2.1_Procedural_Sbsar,Substance_Database_2.1/Substance_Database_2.1_Procedural_Sbsar/Classic_Materials/Paper/book_paper002.sbsar
book_paper003,.sbsar,Other,no,yes,Substance_Database_2.1/Substance_Database_2.1_Procedural_Sbsar,Substance_Database_2.1/Substance_Database_2.1_Procedural_Sbsar/Classic_Materials/Paper/book_paper003.sbsar
book_paper004,.sbsar,Other,no,yes,Substance_Database_2.1/Substance_Database_2.1_Procedural_Sbsar,Substance_Database_2.1/Substance_Database_2.1_Procedural_Sbsar/Classic_Materials/Paper/book_paper004.sbsar
book_paper005,.sbsar,Other,no,yes,Substance_Database_2.1/Substance_Database_2.1_Procedural_Sbsar,Substance_Database_2.1/Substance_Database_2.1_Procedural_Sbsar/Classic_Materials/Paper/book_paper005.sbsar
Canvas_01,.sbsar,Fabric/Leather,no,yes,Substance_Database_2.1/Substance_Database_2.1_Procedural_Sbsar,Substance_Database_2.1/Substance_Database_2.1_Procedural_Sbsar/Classic_Materials/Paper/Canvas_01.sbsar
Canvas_02,.sbsar,Fabric/Leather,no,yes,Substance_Database_2.1/Substance_Database_2.1_Procedural_Sbsar,Substance_Database_2.1/Substance_Database_2.1_Procedural_Sbsar/Classic_Materials/Paper/Canvas_02.sbsar
Cardboard,.sbsar,Other,no,yes,Substance_Database_2.1/Substance_Database_2.1_Procedural_Sbsar,Substance_Database_2.1/Substance_Database_2.1_Procedural_Sbsar/Classic_Materials/Paper/Cardboard.sbsar
cardboard_001,.sbsar,Other,no,yes,Substance_Database_2.1/Substance_Database_2.1_Procedural_Sbsar,Substance_Database_2.1/Substance_Database_2.1_Procedural_Sbsar/Classic_Materials/Paper/cardboard_001.sbsar
Crumpled_Paper,.sbsar,Other,no,yes,Substance_Database_2.1/Substance_Database_2.1_Procedural_Sbsar,Substance_Database_2.1/Substance_Database_2.1_Procedural_Sbsar/Classic_Materials/Paper/Crumpled_Paper.sbsar
Drawing_Paper_01,.sbsar,Other,no,yes,Substance_Database_2.1/Substance_Database_2.1_Procedural_Sbsar,Substance_Database_2.1/Substance_Database_2.1_Procedural_Sbsar/Classic_Materials/Paper/Drawing_Paper_01.sbsar
Drawing_Paper_02,.sbsar,Other,no,yes,Substance_Database_2.1/Substance_Database_2.1_Procedural_Sbsar,Substance_Database_2.1/Substance_Database_2.1_Procedural_Sbsar/Classic_Materials/Paper/Drawing_Paper_02.sbsar
enveloppe_001,.sbsar,Other,no,yes,Substance_Database_2.1/Substance_Database_2.1_Procedural_Sbsar,Substance_Database_2.1/Substance_Database_2.1_Procedural_Sbsar/Classic_Materials/Paper/enveloppe_001.sbsar
Gold_Paper,.sbsar,Metal,no,yes,Substance_Database_2.1/Substance_Database_2.1_Procedural_Sbsar,Substance_Database_2.1/Substance_Database_2.1_Procedural_Sbsar/Classic_Materials/Paper/Gold_Paper.sbsar
old_book_001,.sbsar,Other,no,yes,Substance_Database_2.1/Substance_Database_2.1_Procedural_Sbsar,Substance_Database_2.1/Substance_Database_2.1_Procedural_Sbsar/Classic_Materials/Paper/old_book_001.sbsar
paper_001,.sbsar,Other,no,yes,Substance_Database_2.1/Substance_Database_2.1_Procedural_Sbsar,Substance_Database_2.1/Substance_Database_2.1_Procedural_Sbsar/Classic_Materials/Paper/paper_001.sbsar
paper_002-1,.sbsar,Other,no,yes,Substance_Database_2.1/Substance_Database_2.1_Procedural_Sbsar,Substance_Database_2.1/Substance_Database_2.1_Procedural_Sbsar/Classic_Materials/Paper/paper_002-1.sbsar
paper_002,.sbsar,Other,no,yes,Substance_Database_2.1/Substance_Database_2.1_Procedural_Sbsar,Substance_Database_2.1/Substance_Database_2.1_Procedural_Sbsar/Classic_Materials/Paper/paper_002.sbsar
paper_003,.sbsar,Other,no,yes,Substance_Database_2.1/Substance_Database_2.1_Procedural_Sbsar,Substance_Database_2.1/Substance_Database_2.1_Procedural_Sbsar/Classic_Materials/Paper/paper_003.sbsar
paper_004,.sbsar,Other,no,yes,Substance_Database_2.1/Substance_Database_2.1_Procedural_Sbsar,Substance_Database_2.1/Substance_Database_2.1_Procedural_Sbsar/Classic_Materials/Paper/paper_004.sbsar
paper_005,.sbsar,Other,no,yes,Substance_Database_2.1/Substance_Database_2.1_Procedural_Sbsar,Substance_Database_2.1/Substance_Database_2.1_Procedural_Sbsar/Classic_Materials/Paper/paper_005.sbsar
paper_006,.sbsar,Other,no,yes,Substance_Database_2.1/Substance_Database_2.1_Procedural_Sbsar,Substance_Database_2.1/Substance_Database_2.1_Procedural_Sbsar/Classic_Materials/Paper/paper_006.sbsar
Paper_01,.sbsar,Other,no,yes,Substance_Database_2.1/Substance_Database_2.1_Procedural_Sbsar,Substance_Database_2.1/Substance_Database_2.1_Procedural_Sbsar/Classic_Materials/Paper/Paper_01.sbsar
Paper_02,.sbsar,Other,no,yes,Substance_Database_2.1/Substance_Database_2.1_Procedural_Sbsar,Substance_Database_2.1/Substance_Database_2.1_Procedural_Sbsar/Classic_Materials/Paper/Paper_02.sbsar
Concrete_Pavement,.sbsar,Concrete/Plaster,no,yes,Substance_Database_2.1/Substance_Database_2.1_Procedural_Sbsar,Substance_Database_2.1/Substance_Database_2.1_Procedural_Sbsar/Classic_Materials/Pavement/Concrete_Pavement.sbsar
Pavement_01,.sbsar,Pavement/Tiles/Floor,no,yes,Substance_Database_2.1/Substance_Database_2.1_Procedural_Sbsar,Substance_Database_2.1/Substance_Database_2.1_Procedural_Sbsar/Classic_Materials/Pavement/Pavement_01.sbsar
Pavement_02,.sbsar,Pavement/Tiles/Floor,no,yes,Substance_Database_2.1/Substance_Database_2.1_Procedural_Sbsar,Substance_Database_2.1/Substance_Database_2.1_Procedural_Sbsar/Classic_Materials/Pavement/Pavement_02.sbsar
Pavement_03,.sbsar,Pavement/Tiles/Floor,no,yes,Substance_Database_2.1/Substance_Database_2.1_Procedural_Sbsar,Substance_Database_2.1/Substance_Database_2.1_Procedural_Sbsar/Classic_Materials/Pavement/Pavement_03.sbsar
Pavement_04,.sbsar,Pavement/Tiles/Floor,no,yes,Substance_Database_2.1/Substance_Database_2.1_Procedural_Sbsar,Substance_Database_2.1/Substance_Database_2.1_Procedural_Sbsar/Classic_Materials/Pavement/Pavement_04.sbsar
Pavement_05,.sbsar,Pavement/Tiles/Floor,no,yes,Substance_Database_2.1/Substance_Database_2.1_Procedural_Sbsar,Substance_Database_2.1/Substance_Database_2.1_Procedural_Sbsar/Classic_Materials/Pavement/Pavement_05.sbsar
Pavement_06,.sbsar,Pavement/Tiles/Floor,no,yes,Substance_Database_2.1/Substance_Database_2.1_Procedural_Sbsar,Substance_Database_2.1/Substance_Database_2.1_Procedural_Sbsar/Classic_Materials/Pavement/Pavement_06.sbsar
Pavement_07,.sbsar,Pavement/Tiles/Floor,no,yes,Substance_Database_2.1/Substance_Database_2.1_Procedural_Sbsar,Substance_Database_2.1/Substance_Database_2.1_Procedural_Sbsar/Classic_Materials/Pavement/Pavement_07.sbsar
Pavement_Path,.sbsar,Pavement/Tiles/Floor,no,yes,Substance_Database_2.1/Substance_Database_2.1_Procedural_Sbsar,Substance_Database_2.1/Substance_Database_2.1_Procedural_Sbsar/Classic_Materials/Pavement/Pavement_Path.sbsar
rock_pavement_001,.sbsar,Pavement/Tiles/Floor,no,yes,Substance_Database_2.1/Substance_Database_2.1_Procedural_Sbsar,Substance_Database_2.1/Substance_Database_2.1_Procedural_Sbsar/Classic_Materials/Pavement/rock_pavement_001.sbsar
Rock_Pavement_01,.sbsar,Pavement/Tiles/Floor,no,yes,Substance_Database_2.1/Substance_Database_2.1_Procedural_Sbsar,Substance_Database_2.1/Substance_Database_2.1_Procedural_Sbsar/Classic_Materials/Pavement/Rock_Pavement_01.sbsar
Stone_Tiles_03,.sbsar,Pavement/Tiles/Floor,no,yes,Substance_Database_2.1/Substance_Database_2.1_Procedural_Sbsar,Substance_Database_2.1/Substance_Database_2.1_Procedural_Sbsar/Classic_Materials/Pavement/Stone_Tiles_03.sbsar
Cracked_Plaster,.sbsar,Concrete/Plaster,no,yes,Substance_Database_2.1/Substance_Database_2.1_Procedural_Sbsar,Substance_Database_2.1/Substance_Database_2.1_Procedural_Sbsar/Classic_Materials/Plaster/Cracked_Plaster.sbsar
Old_Plaster,.sbsar,Concrete/Plaster,no,yes,Substance_Database_2.1/Substance_Database_2.1_Procedural_Sbsar,Substance_Database_2.1/Substance_Database_2.1_Procedural_Sbsar/Classic_Materials/Plaster/Old_Plaster.sbsar
Painted_Wall,.sbsar,Brick/Masonry/Wall,no,yes,Substance_Database_2.1/Substance_Database_2.1_Procedural_Sbsar,Substance_Database_2.1/Substance_Database_2.1_Procedural_Sbsar/Classic_Materials/Plaster/Painted_Wall.sbsar
Rotten_Wall_01,.sbsar,Brick/Masonry/Wall,no,yes,Substance_Database_2.1/Substance_Database_2.1_Procedural_Sbsar,Substance_Database_2.1/Substance_Database_2.1_Procedural_Sbsar/Classic_Materials/Plaster/Rotten_Wall_01.sbsar
Rotten_Wall_02,.sbsar,Brick/Masonry/Wall,no,yes,Substance_Database_2.1/Substance_Database_2.1_Procedural_Sbsar,Substance_Database_2.1/Substance_Database_2.1_Procedural_Sbsar/Classic_Materials/Plaster/Rotten_Wall_02.sbsar
Stucco_01,.sbsar,Concrete/Plaster,no,yes,Substance_Database_2.1/Substance_Database_2.1_Procedural_Sbsar,Substance_Database_2.1/Substance_Database_2.1_Procedural_Sbsar/Classic_Materials/Plaster/Stucco_01.sbsar
Road_01,.sbsar,Pavement/Tiles/Floor,no,yes,Substance_Database_2.1/Substance_Database_2.1_Procedural_Sbsar,Substance_Database_2.1/Substance_Database_2.1_Procedural_Sbsar/Classic_Materials/Roads/Road_01.sbsar
Road_02,.sbsar,Pavement/Tiles/Floor,no,yes,Substance_Database_2.1/Substance_Database_2.1_Procedural_Sbsar,Substance_Database_2.1/Substance_Database_2.1_Procedural_Sbsar/Classic_Materials/Roads/Road_02.sbsar
Road_Tarmac_01,.sbsar,Pavement/Tiles/Floor,no,yes,Substance_Database_2.1/Substance_Database_2.1_Procedural_Sbsar,Substance_Database_2.1/Substance_Database_2.1_Procedural_Sbsar/Classic_Materials/Roads/Road_Tarmac_01.sbsar
Roof_Ceramic,.sbsar,Pavement/Tiles/Floor,no,yes,Substance_Database_2.1/Substance_Database_2.1_Procedural_Sbsar,Substance_Database_2.1/Substance_Database_2.1_Procedural_Sbsar/Classic_Materials/Roofing/Roof_Ceramic.sbsar
Roof_Quarry_Tile,.sbsar,Pavement/Tiles/Floor,no,yes,Substance_Database_2.1/Substance_Database_2.1_Procedural_Sbsar,Substance_Database_2.1/Substance_Database_2.1_Procedural_Sbsar/Classic_Materials/Roofing/Roof_Quarry_Tile.sbsar
Roof_Tiles,.sbsar,Pavement/Tiles/Floor,no,yes,Substance_Database_2.1/Substance_Database_2.1_Procedural_Sbsar,Substance_Database_2.1/Substance_Database_2.1_Procedural_Sbsar/Classic_Materials/Roofing/Roof_Tiles.sbsar
roofing_001,.sbsar,Pavement/Tiles/Floor,no,yes,Substance_Database_2.1/Substance_Database_2.1_Procedural_Sbsar,Substance_Database_2.1/Substance_Database_2.1_Procedural_Sbsar/Classic_Materials/Roofing/roofing_001.sbsar
roofing_002,.sbsar,Pavement/Tiles/Floor,no,yes,Substance_Database_2.1/Substance_Database_2.1_Procedural_Sbsar,Substance_Database_2.1/Substance_Database_2.1_Procedural_Sbsar/Classic_Materials/Roofing/roofing_002.sbsar
roofing_003,.sbsar,Pavement/Tiles/Floor,no,yes,Substance_Database_2.1/Substance_Database_2.1_Procedural_Sbsar,Substance_Database_2.1/Substance_Database_2.1_Procedural_Sbsar/Classic_Materials/Roofing/roofing_003.sbsar
roofing_004,.sbsar,Pavement/Tiles/Floor,no,yes,Substance_Database_2.1/Substance_Database_2.1_Procedural_Sbsar,Substance_Database_2.1/Substance_Database_2.1_Procedural_Sbsar/Classic_Materials/Roofing/roofing_004.sbsar
roofing_005,.sbsar,Pavement/Tiles/Floor,no,yes,Substance_Database_2.1/Substance_Database_2.1_Procedural_Sbsar,Substance_Database_2.1/Substance_Database_2.1_Procedural_Sbsar/Classic_Materials/Roofing/roofing_005.sbsar
roofing_006,.sbsar,Pavement/Tiles/Floor,no,yes,Substance_Database_2.1/Substance_Database_2.1_Procedural_Sbsar,Substance_Database_2.1/Substance_Database_2.1_Procedural_Sbsar/Classic_Materials/Roofing/roofing_006.sbsar
roofing_007,.sbsar,Pavement/Tiles/Floor,no,yes,Substance_Database_2.1/Substance_Database_2.1_Procedural_Sbsar,Substance_Database_2.1/Substance_Database_2.1_Procedural_Sbsar/Classic_Materials/Roofing/roofing_007.sbsar
roofing_008,.sbsar,Pavement/Tiles/Floor,no,yes,Substance_Database_2.1/Substance_Database_2.1_Procedural_Sbsar,Substance_Database_2.1/Substance_Database_2.1_Procedural_Sbsar/Classic_Materials/Roofing/roofing_008.sbsar
roofing_009,.sbsar,Pavement/Tiles/Floor,no,yes,Substance_Database_2.1/Substance_Database_2.1_Procedural_Sbsar,Substance_Database_2.1/Substance_Database_2.1_Procedural_Sbsar/Classic_Materials/Roofing/roofing_009.sbsar
roofing_010,.sbsar,Pavement/Tiles/Floor,no,yes,Substance_Database_2.1/Substance_Database_2.1_Procedural_Sbsar,Substance_Database_2.1/Substance_Database_2.1_Procedural_Sbsar/Classic_Materials/Roofing/roofing_010.sbsar
roofing_011,.sbsar,Pavement/Tiles/Floor,no,yes,Substance_Database_2.1/Substance_Database_2.1_Procedural_Sbsar,Substance_Database_2.1/Substance_Database_2.1_Procedural_Sbsar/Classic_Materials/Roofing/roofing_011.sbsar
roofing_012,.sbsar,Pavement/Tiles/Floor,no,yes,Substance_Database_2.1/Substance_Database_2.1_Procedural_Sbsar,Substance_Database_2.1/Substance_Database_2.1_Procedural_Sbsar/Classic_Materials/Roofing/roofing_012.sbsar
roofing_013,.sbsar,Pavement/Tiles/Floor,no,yes,Substance_Database_2.1/Substance_Database_2.1_Procedural_Sbsar,Substance_Database_2.1/Substance_Database_2.1_Procedural_Sbsar/Classic_Materials/Roofing/roofing_013.sbsar
roofing_014,.sbsar,Pavement/Tiles/Floor,no,yes,Substance_Database_2.1/Substance_Database_2.1_Procedural_Sbsar,Substance_Database_2.1/Substance_Database_2.1_Procedural_Sbsar/Classic_Materials/Roofing/roofing_014.sbsar
Slate_Tiles,.sbsar,Pavement/Tiles/Floor,no,yes,Substance_Database_2.1/Substance_Database_2.1_Procedural_Sbsar,Substance_Database_2.1/Substance_Database_2.1_Procedural_Sbsar/Classic_Materials/Roofing/Slate_Tiles.sbsar
bricks_035,.sbsar,Brick/Masonry/Wall,no,yes,Substance_Database_2.1/Substance_Database_2.1_Procedural_Sbsar,Substance_Database_2.1/Substance_Database_2.1_Procedural_Sbsar/Classic_Materials/Runtime/bricks_035.sbsar
BrickWall_06,.sbsar,Brick/Masonry/Wall,no,yes,Substance_Database_2.1/Substance_Database_2.1_Procedural_Sbsar,Substance_Database_2.1/Substance_Database_2.1_Procedural_Sbsar/Classic_Materials/Runtime/BrickWall_06.sbsar
BrickWall_07,.sbsar,Brick/Masonry/Wall,no,yes,Substance_Database_2.1/Substance_Database_2.1_Procedural_Sbsar,Substance_Database_2.1/Substance_Database_2.1_Procedural_Sbsar/Classic_Materials/Runtime/BrickWall_07.sbsar
Cartoon_Tile_01,.sbsar,Stylized,yes,yes,Substance_Database_2.1/Substance_Database_2.1_Procedural_Sbsar,Substance_Database_2.1/Substance_Database_2.1_Procedural_Sbsar/Classic_Materials/Runtime/Cartoon_Tile_01.sbsar
Cartoon_tile_02,.sbsar,Stylized,yes,yes,Substance_Database_2.1/Substance_Database_2.1_Procedural_Sbsar,Substance_Database_2.1/Substance_Database_2.1_Procedural_Sbsar/Classic_Materials/Runtime/Cartoon_tile_02.sbsar
Cartoon_tile_03,.sbsar,Stylized,yes,yes,Substance_Database_2.1/Substance_Database_2.1_Procedural_Sbsar,Substance_Database_2.1/Substance_Database_2.1_Procedural_Sbsar/Classic_Materials/Runtime/Cartoon_tile_03.sbsar
Cartoon_tile_04,.sbsar,Stylized,yes,yes,Substance_Database_2.1/Substance_Database_2.1_Procedural_Sbsar,Substance_Database_2.1/Substance_Database_2.1_Procedural_Sbsar/Classic_Materials/Runtime/Cartoon_tile_04.sbsar
concrete_063,.sbsar,Concrete/Plaster,no,yes,Substance_Database_2.1/Substance_Database_2.1_Procedural_Sbsar,Substance_Database_2.1/Substance_Database_2.1_Procedural_Sbsar/Classic_Materials/Runtime/concrete_063.sbsar
concrete_064,.sbsar,Concrete/Plaster,no,yes,Substance_Database_2.1/Substance_Database_2.1_Procedural_Sbsar,Substance_Database_2.1/Substance_Database_2.1_Procedural_Sbsar/Classic_Materials/Runtime/concrete_064.sbsar
concrete_065,.sbsar,Concrete/Plaster,no,yes,Substance_Database_2.1/Substance_Database_2.1_Procedural_Sbsar,Substance_Database_2.1/Substance_Database_2.1_Procedural_Sbsar/Classic_Materials/Runtime/concrete_065.sbsar
concrete_066,.sbsar,Concrete/Plaster,no,yes,Substance_Database_2.1/Substance_Database_2.1_Procedural_Sbsar,Substance_Database_2.1/Substance_Database_2.1_Procedural_Sbsar/Classic_Materials/Runtime/concrete_066.sbsar
concrete_067,.sbsar,Concrete/Plaster,no,yes,Substance_Database_2.1/Substance_Database_2.1_Procedural_Sbsar,Substance_Database_2.1/Substance_Database_2.1_Procedural_Sbsar/Classic_Materials/Runtime/concrete_067.sbsar
concrete_068,.sbsar,Concrete/Plaster,no,yes,Substance_Database_2.1/Substance_Database_2.1_Procedural_Sbsar,Substance_Database_2.1/Substance_Database_2.1_Procedural_Sbsar/Classic_Materials/Runtime/concrete_068.sbsar
concrete_069,.sbsar,Concrete/Plaster,no,yes,Substance_Database_2.1/Substance_Database_2.1_Procedural_Sbsar,Substance_Database_2.1/Substance_Database_2.1_Procedural_Sbsar/Classic_Materials/Runtime/concrete_069.sbsar
concrete_070,.sbsar,Concrete/Plaster,no,yes,Substance_Database_2.1/Substance_Database_2.1_Procedural_Sbsar,Substance_Database_2.1/Substance_Database_2.1_Procedural_Sbsar/Classic_Materials/Runtime/concrete_070.sbsar
concrete_071,.sbsar,Concrete/Plaster,no,yes,Substance_Database_2.1/Substance_Database_2.1_Procedural_Sbsar,Substance_Database_2.1/Substance_Database_2.1_Procedural_Sbsar/Classic_Materials/Runtime/concrete_071.sbsar
concrete_072,.sbsar,Concrete/Plaster,no,yes,Substance_Database_2.1/Substance_Database_2.1_Procedural_Sbsar,Substance_Database_2.1/Substance_Database_2.1_Procedural_Sbsar/Classic_Materials/Runtime/concrete_072.sbsar
concrete_073,.sbsar,Concrete/Plaster,no,yes,Substance_Database_2.1/Substance_Database_2.1_Procedural_Sbsar,Substance_Database_2.1/Substance_Database_2.1_Procedural_Sbsar/Classic_Materials/Runtime/concrete_073.sbsar
concrete_074,.sbsar,Concrete/Plaster,no,yes,Substance_Database_2.1/Substance_Database_2.1_Procedural_Sbsar,Substance_Database_2.1/Substance_Database_2.1_Procedural_Sbsar/Classic_Materials/Runtime/concrete_074.sbsar
concrete_075,.sbsar,Concrete/Plaster,no,yes,Substance_Database_2.1/Substance_Database_2.1_Procedural_Sbsar,Substance_Database_2.1/Substance_Database_2.1_Procedural_Sbsar/Classic_Materials/Runtime/concrete_075.sbsar
concrete_076,.sbsar,Concrete/Plaster,no,yes,Substance_Database_2.1/Substance_Database_2.1_Procedural_Sbsar,Substance_Database_2.1/Substance_Database_2.1_Procedural_Sbsar/Classic_Materials/Runtime/concrete_076.sbsar
concrete_077,.sbsar,Concrete/Plaster,no,yes,Substance_Database_2.1/Substance_Database_2.1_Procedural_Sbsar,Substance_Database_2.1/Substance_Database_2.1_Procedural_Sbsar/Classic_Materials/Runtime/concrete_077.sbsar
concrete_078,.sbsar,Concrete/Plaster,no,yes,Substance_Database_2.1/Substance_Database_2.1_Procedural_Sbsar,Substance_Database_2.1/Substance_Database_2.1_Procedural_Sbsar/Classic_Materials/Runtime/concrete_078.sbsar
concrete_079,.sbsar,Concrete/Plaster,no,yes,Substance_Database_2.1/Substance_Database_2.1_Procedural_Sbsar,Substance_Database_2.1/Substance_Database_2.1_Procedural_Sbsar/Classic_Materials/Runtime/concrete_079.sbsar
concrete_080,.sbsar,Concrete/Plaster,no,yes,Substance_Database_2.1/Substance_Database_2.1_Procedural_Sbsar,Substance_Database_2.1/Substance_Database_2.1_Procedural_Sbsar/Classic_Materials/Runtime/concrete_080.sbsar
concrete_081,.sbsar,Concrete/Plaster,no,yes,Substance_Database_2.1/Substance_Database_2.1_Procedural_Sbsar,Substance_Database_2.1/Substance_Database_2.1_Procedural_Sbsar/Classic_Materials/Runtime/concrete_081.sbsar
concrete_082,.sbsar,Concrete/Plaster,no,yes,Substance_Database_2.1/Substance_Database_2.1_Procedural_Sbsar,Substance_Database_2.1/Substance_Database_2.1_Procedural_Sbsar/Classic_Materials/Runtime/concrete_082.sbsar
Crocodile_Skin,.sbsar,Organic/Nature,no,yes,Substance_Database_2.1/Substance_Database_2.1_Procedural_Sbsar,Substance_Database_2.1/Substance_Database_2.1_Procedural_Sbsar/Classic_Materials/Runtime/Crocodile_Skin.sbsar
denim_002,.sbsar,Fabric/Leather,no,yes,Substance_Database_2.1/Substance_Database_2.1_Procedural_Sbsar,Substance_Database_2.1/Substance_Database_2.1_Procedural_Sbsar/Classic_Materials/Runtime/denim_002.sbsar
denim_003,.sbsar,Fabric/Leather,no,yes,Substance_Database_2.1/Substance_Database_2.1_Procedural_Sbsar,Substance_Database_2.1/Substance_Database_2.1_Procedural_Sbsar/Classic_Materials/Runtime/denim_003.sbsar
Eye,.sbsar,Other,no,yes,Substance_Database_2.1/Substance_Database_2.1_Procedural_Sbsar,Substance_Database_2.1/Substance_Database_2.1_Procedural_Sbsar/Classic_Materials/Runtime/Eye.sbsar
fabric_025,.sbsar,Fabric/Leather,no,yes,Substance_Database_2.1/Substance_Database_2.1_Procedural_Sbsar,Substance_Database_2.1/Substance_Database_2.1_Procedural_Sbsar/Classic_Materials/Runtime/fabric_025.sbsar
fabric_026,.sbsar,Fabric/Leather,no,yes,Substance_Database_2.1/Substance_Database_2.1_Procedural_Sbsar,Substance_Database_2.1/Substance_Database_2.1_Procedural_Sbsar/Classic_Materials/Runtime/fabric_026.sbsar
fabric_027,.sbsar,Fabric/Leather,no,yes,Substance_Database_2.1/Substance_Database_2.1_Procedural_Sbsar,Substance_Database_2.1/Substance_Database_2.1_Procedural_Sbsar/Classic_Materials/Runtime/fabric_027.sbsar
fabric_028,.sbsar,Fabric/Leather,no,yes,Substance_Database_2.1/Substance_Database_2.1_Procedural_Sbsar,Substance_Database_2.1/Substance_Database_2.1_Procedural_Sbsar/Classic_Materials/Runtime/fabric_028.sbsar
fabric_029,.sbsar,Fabric/Leather,no,yes,Substance_Database_2.1/Substance_Database_2.1_Procedural_Sbsar,Substance_Database_2.1/Substance_Database_2.1_Procedural_Sbsar/Classic_Materials/Runtime/fabric_029.sbsar
fabric_030,.sbsar,Fabric/Leather,no,yes,Substance_Database_2.1/Substance_Database_2.1_Procedural_Sbsar,Substance_Database_2.1/Substance_Database_2.1_Procedural_Sbsar/Classic_Materials/Runtime/fabric_030.sbsar
fabric_031,.sbsar,Fabric/Leather,no,yes,Substance_Database_2.1/Substance_Database_2.1_Procedural_Sbsar,Substance_Database_2.1/Substance_Database_2.1_Procedural_Sbsar/Classic_Materials/Runtime/fabric_031.sbsar
fabric_032,.sbsar,Fabric/Leather,no,yes,Substance_Database_2.1/Substance_Database_2.1_Procedural_Sbsar,Substance_Database_2.1/Substance_Database_2.1_Procedural_Sbsar/Classic_Materials/Runtime/fabric_032.sbsar
fabric_033,.sbsar,Fabric/Leather,no,yes,Substance_Database_2.1/Substance_Database_2.1_Procedural_Sbsar,Substance_Database_2.1/Substance_Database_2.1_Procedural_Sbsar/Classic_Materials/Runtime/fabric_033.sbsar
fabric_034,.sbsar,Fabric/Leather,no,yes,Substance_Database_2.1/Substance_Database_2.1_Procedural_Sbsar,Substance_Database_2.1/Substance_Database_2.1_Procedural_Sbsar/Classic_Materials/Runtime/fabric_034.sbsar
fabric_035,.sbsar,Fabric/Leather,no,yes,Substance_Database_2.1/Substance_Database_2.1_Procedural_Sbsar,Substance_Database_2.1/Substance_Database_2.1_Procedural_Sbsar/Classic_Materials/Runtime/fabric_035.sbsar
fabric_036,.sbsar,Fabric/Leather,no,yes,Substance_Database_2.1/Substance_Database_2.1_Procedural_Sbsar,Substance_Database_2.1/Substance_Database_2.1_Procedural_Sbsar/Classic_Materials/Runtime/fabric_036.sbsar
fabric_037,.sbsar,Fabric/Leather,no,yes,Substance_Database_2.1/Substance_Database_2.1_Procedural_Sbsar,Substance_Database_2.1/Substance_Database_2.1_Procedural_Sbsar/Classic_Materials/Runtime/fabric_037.sbsar
fabric_038,.sbsar,Fabric/Leather,no,yes,Substance_Database_2.1/Substance_Database_2.1_Procedural_Sbsar,Substance_Database_2.1/Substance_Database_2.1_Procedural_Sbsar/Classic_Materials/Runtime/fabric_038.sbsar
fabric_039,.sbsar,Fabric/Leather,no,yes,Substance_Database_2.1/Substance_Database_2.1_Procedural_Sbsar,Substance_Database_2.1/Substance_Database_2.1_Procedural_Sbsar/Classic_Materials/Runtime/fabric_039.sbsar
Fabric_Canvas,.sbsar,Fabric/Leather,no,yes,Substance_Database_2.1/Substance_Database_2.1_Procedural_Sbsar,Substance_Database_2.1/Substance_Database_2.1_Procedural_Sbsar/Classic_Materials/Runtime/Fabric_Canvas.sbsar
Fabric_Denim,.sbsar,Fabric/Leather,no,yes,Substance_Database_2.1/Substance_Database_2.1_Procedural_Sbsar,Substance_Database_2.1/Substance_Database_2.1_Procedural_Sbsar/Classic_Materials/Runtime/Fabric_Denim.sbsar
Fabric_Knitted,.sbsar,Fabric/Leather,no,yes,Substance_Database_2.1/Substance_Database_2.1_Procedural_Sbsar,Substance_Database_2.1/Substance_Database_2.1_Procedural_Sbsar/Classic_Materials/Runtime/Fabric_Knitted.sbsar
Fabric_Knitted_Wool,.sbsar,Fabric/Leather,no,yes,Substance_Database_2.1/Substance_Database_2.1_Procedural_Sbsar,Substance_Database_2.1/Substance_Database_2.1_Procedural_Sbsar/Classic_Materials/Runtime/Fabric_Knitted_Wool.sbsar
Fabric_Military,.sbsar,Fabric/Leather,no,yes,Substance_Database_2.1/Substance_Database_2.1_Procedural_Sbsar,Substance_Database_2.1/Substance_Database_2.1_Procedural_Sbsar/Classic_Materials/Runtime/Fabric_Military.sbsar
Fabric_Pants01,.sbsar,Fabric/Leather,no,yes,Substance_Database_2.1/Substance_Database_2.1_Procedural_Sbsar,Substance_Database_2.1/Substance_Database_2.1_Procedural_Sbsar/Classic_Materials/Runtime/Fabric_Pants01.sbsar
Fabric_Polo01,.sbsar,Fabric/Leather,no,yes,Substance_Database_2.1/Substance_Database_2.1_Procedural_Sbsar,Substance_Database_2.1/Substance_Database_2.1_Procedural_Sbsar/Classic_Materials/Runtime/Fabric_Polo01.sbsar
Fabric_Polo02,.sbsar,Fabric/Leather,no,yes,Substance_Database_2.1/Substance_Database_2.1_Procedural_Sbsar,Substance_Database_2.1/Substance_Database_2.1_Procedural_Sbsar/Classic_Materials/Runtime/Fabric_Polo02.sbsar
Fabric_Rugged,.sbsar,Fabric/Leather,no,yes,Substance_Database_2.1/Substance_Database_2.1_Procedural_Sbsar,Substance_Database_2.1/Substance_Database_2.1_Procedural_Sbsar/Classic_Materials/Runtime/Fabric_Rugged.sbsar
Fabric_Shirt01,.sbsar,Fabric/Leather,no,yes,Substance_Database_2.1/Substance_Database_2.1_Procedural_Sbsar,Substance_Database_2.1/Substance_Database_2.1_Procedural_Sbsar/Classic_Materials/Runtime/Fabric_Shirt01.sbsar
Fabric_Shirt02,.sbsar,Fabric/Leather,no,yes,Substance_Database_2.1/Substance_Database_2.1_Procedural_Sbsar,Substance_Database_2.1/Substance_Database_2.1_Procedural_Sbsar/Classic_Materials/Runtime/Fabric_Shirt02.sbsar
Fabric_Shirt03,.sbsar,Fabric/Leather,no,yes,Substance_Database_2.1/Substance_Database_2.1_Procedural_Sbsar,Substance_Database_2.1/Substance_Database_2.1_Procedural_Sbsar/Classic_Materials/Runtime/Fabric_Shirt03.sbsar
Fabric_Shirt04,.sbsar,Fabric/Leather,no,yes,Substance_Database_2.1/Substance_Database_2.1_Procedural_Sbsar,Substance_Database_2.1/Substance_Database_2.1_Procedural_Sbsar/Classic_Materials/Runtime/Fabric_Shirt04.sbsar
Fabric_Shirt05,.sbsar,Fabric/Leather,no,yes,Substance_Database_2.1/Substance_Database_2.1_Procedural_Sbsar,Substance_Database_2.1/Substance_Database_2.1_Procedural_Sbsar/Classic_Materials/Runtime/Fabric_Shirt05.sbsar
Fabric_Shirt_with_Square,.sbsar,Fabric/Leather,no,yes,Substance_Database_2.1/Substance_Database_2.1_Procedural_Sbsar,Substance_Database_2.1/Substance_Database_2.1_Procedural_Sbsar/Classic_Materials/Runtime/Fabric_Shirt_with_Square.sbsar
Fabric_Sweater,.sbsar,Fabric/Leather,no,yes,Substance_Database_2.1/Substance_Database_2.1_Procedural_Sbsar,Substance_Database_2.1/Substance_Database_2.1_Procedural_Sbsar/Classic_Materials/Runtime/Fabric_Sweater.sbsar
Fabric_Tshirt01,.sbsar,Fabric/Leather,no,yes,Substance_Database_2.1/Substance_Database_2.1_Procedural_Sbsar,Substance_Database_2.1/Substance_Database_2.1_Procedural_Sbsar/Classic_Materials/Runtime/Fabric_Tshirt01.sbsar
Fabric_Tshirt02,.sbsar,Fabric/Leather,no,yes,Substance_Database_2.1/Substance_Database_2.1_Procedural_Sbsar,Substance_Database_2.1/Substance_Database_2.1_Procedural_Sbsar/Classic_Materials/Runtime/Fabric_Tshirt02.sbsar
Fabric_Velvet01,.sbsar,Fabric/Leather,no,yes,Substance_Database_2.1/Substance_Database_2.1_Procedural_Sbsar,Substance_Database_2.1/Substance_Database_2.1_Procedural_Sbsar/Classic_Materials/Runtime/Fabric_Velvet01.sbsar
Fabric_Velvet02,.sbsar,Fabric/Leather,no,yes,Substance_Database_2.1/Substance_Database_2.1_Procedural_Sbsar,Substance_Database_2.1/Substance_Database_2.1_Procedural_Sbsar/Classic_Materials/Runtime/Fabric_Velvet02.sbsar
Fabric_Wool_Fabric01,.sbsar,Fabric/Leather,no,yes,Substance_Database_2.1/Substance_Database_2.1_Procedural_Sbsar,Substance_Database_2.1/Substance_Database_2.1_Procedural_Sbsar/Classic_Materials/Runtime/Fabric_Wool_Fabric01.sbsar
Fabric_Wool_Fabric02,.sbsar,Fabric/Leather,no,yes,Substance_Database_2.1/Substance_Database_2.1_Procedural_Sbsar,Substance_Database_2.1/Substance_Database_2.1_Procedural_Sbsar/Classic_Materials/Runtime/Fabric_Wool_Fabric02.sbsar
Galvanized_Metal,.sbsar,Metal,no,yes,Substance_Database_2.1/Substance_Database_2.1_Procedural_Sbsar,Substance_Database_2.1/Substance_Database_2.1_Procedural_Sbsar/Classic_Materials/Runtime/Galvanized_Metal.sbsar
ground_022,.sbsar,Ground/Soil/Sand/Gravel,no,yes,Substance_Database_2.1/Substance_Database_2.1_Procedural_Sbsar,Substance_Database_2.1/Substance_Database_2.1_Procedural_Sbsar/Classic_Materials/Runtime/ground_022.sbsar
ground_023,.sbsar,Ground/Soil/Sand/Gravel,no,yes,Substance_Database_2.1/Substance_Database_2.1_Procedural_Sbsar,Substance_Database_2.1/Substance_Database_2.1_Procedural_Sbsar/Classic_Materials/Runtime/ground_023.sbsar
ground_024,.sbsar,Ground/Soil/Sand/Gravel,no,yes,Substance_Database_2.1/Substance_Database_2.1_Procedural_Sbsar,Substance_Database_2.1/Substance_Database_2.1_Procedural_Sbsar/Classic_Materials/Runtime/ground_024.sbsar
ground_025,.sbsar,Ground/Soil/Sand/Gravel,no,yes,Substance_Database_2.1/Substance_Database_2.1_Procedural_Sbsar,Substance_Database_2.1/Substance_Database_2.1_Procedural_Sbsar/Classic_Materials/Runtime/ground_025.sbsar
ground_026,.sbsar,Ground/Soil/Sand/Gravel,no,yes,Substance_Database_2.1/Substance_Database_2.1_Procedural_Sbsar,Substance_Database_2.1/Substance_Database_2.1_Procedural_Sbsar/Classic_Materials/Runtime/ground_026.sbsar
ground_027,.sbsar,Ground/Soil/Sand/Gravel,no,yes,Substance_Database_2.1/Substance_Database_2.1_Procedural_Sbsar,Substance_Database_2.1/Substance_Database_2.1_Procedural_Sbsar/Classic_Materials/Runtime/ground_027.sbsar
ground_028,.sbsar,Ground/Soil/Sand/Gravel,no,yes,Substance_Database_2.1/Substance_Database_2.1_Procedural_Sbsar,Substance_Database_2.1/Substance_Database_2.1_Procedural_Sbsar/Classic_Materials/Runtime/ground_028.sbsar
ground_029,.sbsar,Ground/Soil/Sand/Gravel,no,yes,Substance_Database_2.1/Substance_Database_2.1_Procedural_Sbsar,Substance_Database_2.1/Substance_Database_2.1_Procedural_Sbsar/Classic_Materials/Runtime/ground_029.sbsar
Hair_001,.sbsar,Organic/Nature,no,yes,Substance_Database_2.1/Substance_Database_2.1_Procedural_Sbsar,Substance_Database_2.1/Substance_Database_2.1_Procedural_Sbsar/Classic_Materials/Runtime/Hair_001.sbsar
Hair_002,.sbsar,Organic/Nature,no,yes,Substance_Database_2.1/Substance_Database_2.1_Procedural_Sbsar,Substance_Database_2.1/Substance_Database_2.1_Procedural_Sbsar/Classic_Materials/Runtime/Hair_002.sbsar
Hair_003,.sbsar,Organic/Nature,no,yes,Substance_Database_2.1/Substance_Database_2.1_Procedural_Sbsar,Substance_Database_2.1/Substance_Database_2.1_Procedural_Sbsar/Classic_Materials/Runtime/Hair_003.sbsar
Leather_001,.sbsar,Fabric/Leather,no,yes,Substance_Database_2.1/Substance_Database_2.1_Procedural_Sbsar,Substance_Database_2.1/Substance_Database_2.1_Procedural_Sbsar/Classic_Materials/Runtime/Leather_001.sbsar
Leather_002,.sbsar,Fabric/Leather,no,yes,Substance_Database_2.1/Substance_Database_2.1_Procedural_Sbsar,Substance_Database_2.1/Substance_Database_2.1_Procedural_Sbsar/Classic_Materials/Runtime/Leather_002.sbsar
Leather_003,.sbsar,Fabric/Leather,no,yes,Substance_Database_2.1/Substance_Database_2.1_Procedural_Sbsar,Substance_Database_2.1/Substance_Database_2.1_Procedural_Sbsar/Classic_Materials/Runtime/Leather_003.sbsar
Leather_004,.sbsar,Fabric/Leather,no,yes,Substance_Database_2.1/Substance_Database_2.1_Procedural_Sbsar,Substance_Database_2.1/Substance_Database_2.1_Procedural_Sbsar/Classic_Materials/Runtime/Leather_004.sbsar
Leather_005,.sbsar,Fabric/Leather,no,yes,Substance_Database_2.1/Substance_Database_2.1_Procedural_Sbsar,Substance_Database_2.1/Substance_Database_2.1_Procedural_Sbsar/Classic_Materials/Runtime/Leather_005.sbsar
Leather_006,.sbsar,Fabric/Leather,no,yes,Substance_Database_2.1/Substance_Database_2.1_Procedural_Sbsar,Substance_Database_2.1/Substance_Database_2.1_Procedural_Sbsar/Classic_Materials/Runtime/Leather_006.sbsar
Leather_Woven_001,.sbsar,Fabric/Leather,no,yes,Substance_Database_2.1/Substance_Database_2.1_Procedural_Sbsar,Substance_Database_2.1/Substance_Database_2.1_Procedural_Sbsar/Classic_Materials/Runtime/Leather_Woven_001.sbsar
Lips,.sbsar,Other,no,yes,Substance_Database_2.1/Substance_Database_2.1_Procedural_Sbsar,Substance_Database_2.1/Substance_Database_2.1_Procedural_Sbsar/Classic_Materials/Runtime/Lips.sbsar
pebbledash_001,.sbsar,Concrete/Plaster,no,yes,Substance_Database_2.1/Substance_Database_2.1_Procedural_Sbsar,Substance_Database_2.1/Substance_Database_2.1_Procedural_Sbsar/Classic_Materials/Runtime/pebbledash_001.sbsar
Road_03,.sbsar,Pavement/Tiles/Floor,no,yes,Substance_Database_2.1/Substance_Database_2.1_Procedural_Sbsar,Substance_Database_2.1/Substance_Database_2.1_Procedural_Sbsar/Classic_Materials/Runtime/Road_03.sbsar
roofing_015,.sbsar,Other,no,yes,Substance_Database_2.1/Substance_Database_2.1_Procedural_Sbsar,Substance_Database_2.1/Substance_Database_2.1_Procedural_Sbsar/Classic_Materials/Runtime/roofing_015.sbsar
Satin_001,.sbsar,Fabric/Leather,no,yes,Substance_Database_2.1/Substance_Database_2.1_Procedural_Sbsar,Substance_Database_2.1/Substance_Database_2.1_Procedural_Sbsar/Classic_Materials/Runtime/Satin_001.sbsar
Shoes_Leather,.sbsar,Fabric/Leather,no,yes,Substance_Database_2.1/Substance_Database_2.1_Procedural_Sbsar,Substance_Database_2.1/Substance_Database_2.1_Procedural_Sbsar/Classic_Materials/Runtime/Shoes_Leather.sbsar
Shoes_Turned_Leather,.sbsar,Fabric/Leather,no,yes,Substance_Database_2.1/Substance_Database_2.1_Procedural_Sbsar,Substance_Database_2.1/Substance_Database_2.1_Procedural_Sbsar/Classic_Materials/Runtime/Shoes_Turned_Leather.sbsar
Skin_001,.sbsar,Organic/Nature,no,yes,Substance_Database_2.1/Substance_Database_2.1_Procedural_Sbsar,Substance_Database_2.1/Substance_Database_2.1_Procedural_Sbsar/Classic_Materials/Runtime/Skin_001.sbsar
Skin_002,.sbsar,Organic/Nature,no,yes,Substance_Database_2.1/Substance_Database_2.1_Procedural_Sbsar,Substance_Database_2.1/Substance_Database_2.1_Procedural_Sbsar/Classic_Materials/Runtime/Skin_002.sbsar
Skin_003,.sbsar,Organic/Nature,no,yes,Substance_Database_2.1/Substance_Database_2.1_Procedural_Sbsar,Substance_Database_2.1/Substance_Database_2.1_Procedural_Sbsar/Classic_Materials/Runtime/Skin_003.sbsar
Skin_004,.sbsar,Organic/Nature,no,yes,Substance_Database_2.1/Substance_Database_2.1_Procedural_Sbsar,Substance_Database_2.1/Substance_Database_2.1_Procedural_Sbsar/Classic_Materials/Runtime/Skin_004.sbsar
Skin_005,.sbsar,Organic/Nature,no,yes,Substance_Database_2.1/Substance_Database_2.1_Procedural_Sbsar,Substance_Database_2.1/Substance_Database_2.1_Procedural_Sbsar/Classic_Materials/Runtime/Skin_005.sbsar
Skin_006,.sbsar,Organic/Nature,no,yes,Substance_Database_2.1/Substance_Database_2.1_Procedural_Sbsar,Substance_Database_2.1/Substance_Database_2.1_Procedural_Sbsar/Classic_Materials/Runtime/Skin_006.sbsar
stones_015,.sbsar,Rock/Stone/Cliff,no,yes,Substance_Database_2.1/Substance_Database_2.1_Procedural_Sbsar,Substance_Database_2.1/Substance_Database_2.1_Procedural_Sbsar/Classic_Materials/Runtime/stones_015.sbsar
tiles_031,.sbsar,Pavement/Tiles/Floor,no,yes,Substance_Database_2.1/Substance_Database_2.1_Procedural_Sbsar,Substance_Database_2.1/Substance_Database_2.1_Procedural_Sbsar/Classic_Materials/Runtime/tiles_031.sbsar
tiles_032,.sbsar,Pavement/Tiles/Floor,no,yes,Substance_Database_2.1/Substance_Database_2.1_Procedural_Sbsar,Substance_Database_2.1/Substance_Database_2.1_Procedural_Sbsar/Classic_Materials/Runtime/tiles_032.sbsar
tiles_033,.sbsar,Pavement/Tiles/Floor,no,yes,Substance_Database_2.1/Substance_Database_2.1_Procedural_Sbsar,Substance_Database_2.1/Substance_Database_2.1_Procedural_Sbsar/Classic_Materials/Runtime/tiles_033.sbsar
tiles_034,.sbsar,Pavement/Tiles/Floor,no,yes,Substance_Database_2.1/Substance_Database_2.1_Procedural_Sbsar,Substance_Database_2.1/Substance_Database_2.1_Procedural_Sbsar/Classic_Materials/Runtime/tiles_034.sbsar
tiles_035,.sbsar,Pavement/Tiles/Floor,no,yes,Substance_Database_2.1/Substance_Database_2.1_Procedural_Sbsar,Substance_Database_2.1/Substance_Database_2.1_Procedural_Sbsar/Classic_Materials/Runtime/tiles_035.sbsar
tiles_036,.sbsar,Pavement/Tiles/Floor,no,yes,Substance_Database_2.1/Substance_Database_2.1_Procedural_Sbsar,Substance_Database_2.1/Substance_Database_2.1_Procedural_Sbsar/Classic_Materials/Runtime/tiles_036.sbsar
Zebra_Skin,.sbsar,Organic/Nature,no,yes,Substance_Database_2.1/Substance_Database_2.1_Procedural_Sbsar,Substance_Database_2.1/Substance_Database_2.1_Procedural_Sbsar/Classic_Materials/Runtime/Zebra_Skin.sbsar
Zombie_Skin_001,.sbsar,Organic/Nature,no,yes,Substance_Database_2.1/Substance_Database_2.1_Procedural_Sbsar,Substance_Database_2.1/Substance_Database_2.1_Procedural_Sbsar/Classic_Materials/Runtime/Zombie_Skin_001.sbsar
Impact_01,.sbsar,Sci-fi/Tech,no,yes,Substance_Database_2.1/Substance_Database_2.1_Procedural_Sbsar,Substance_Database_2.1/Substance_Database_2.1_Procedural_Sbsar/Classic_Materials/Sci-Fi/Impact_01.sbsar
Metal_Floor,.sbsar,Pavement/Tiles/Floor,no,yes,Substance_Database_2.1/Substance_Database_2.1_Procedural_Sbsar,Substance_Database_2.1/Substance_Database_2.1_Procedural_Sbsar/Classic_Materials/Sci-Fi/Metal_Floor.sbsar
sci_fi_001,.sbsar,Sci-fi/Tech,no,yes,Substance_Database_2.1/Substance_Database_2.1_Procedural_Sbsar,Substance_Database_2.1/Substance_Database_2.1_Procedural_Sbsar/Classic_Materials/Sci-Fi/sci_fi_001.sbsar
sci_fi_002,.sbsar,Sci-fi/Tech,no,yes,Substance_Database_2.1/Substance_Database_2.1_Procedural_Sbsar,Substance_Database_2.1/Substance_Database_2.1_Procedural_Sbsar/Classic_Materials/Sci-Fi/sci_fi_002.sbsar
sci_fi_003,.sbsar,Sci-fi/Tech,no,yes,Substance_Database_2.1/Substance_Database_2.1_Procedural_Sbsar,Substance_Database_2.1/Substance_Database_2.1_Procedural_Sbsar/Classic_Materials/Sci-Fi/sci_fi_003.sbsar
sci_fi_004,.sbsar,Sci-fi/Tech,no,yes,Substance_Database_2.1/Substance_Database_2.1_Procedural_Sbsar,Substance_Database_2.1/Substance_Database_2.1_Procedural_Sbsar/Classic_Materials/Sci-Fi/sci_fi_004.sbsar
sci_fi_005,.sbsar,Sci-fi/Tech,no,yes,Substance_Database_2.1/Substance_Database_2.1_Procedural_Sbsar,Substance_Database_2.1/Substance_Database_2.1_Procedural_Sbsar/Classic_Materials/Sci-Fi/sci_fi_005.sbsar
sci_fi_006,.sbsar,Sci-fi/Tech,no,yes,Substance_Database_2.1/Substance_Database_2.1_Procedural_Sbsar,Substance_Database_2.1/Substance_Database_2.1_Procedural_Sbsar/Classic_Materials/Sci-Fi/sci_fi_006.sbsar
Sci_Fi_Tile_01,.sbsar,Sci-fi/Tech,no,yes,Substance_Database_2.1/Substance_Database_2.1_Procedural_Sbsar,Substance_Database_2.1/Substance_Database_2.1_Procedural_Sbsar/Classic_Materials/Sci-Fi/Sci_Fi_Tile_01.sbsar
Space_Ship,.sbsar,Sci-fi/Tech,no,yes,Substance_Database_2.1/Substance_Database_2.1_Procedural_Sbsar,Substance_Database_2.1/Substance_Database_2.1_Procedural_Sbsar/Classic_Materials/Sci-Fi/Space_Ship.sbsar
Screws,.sbsar,Metal,no,yes,Substance_Database_2.1/Substance_Database_2.1_Procedural_Sbsar,Substance_Database_2.1/Substance_Database_2.1_Procedural_Sbsar/Classic_Materials/Scrap/Screws.sbsar
Space_01,.sbsar,Sci-fi/Tech,no,yes,Substance_Database_2.1/Substance_Database_2.1_Procedural_Sbsar,Substance_Database_2.1/Substance_Database_2.1_Procedural_Sbsar/Classic_Materials/Skies/Space_01.sbsar
Space_02,.sbsar,Sci-fi/Tech,no,yes,Substance_Database_2.1/Substance_Database_2.1_Procedural_Sbsar,Substance_Database_2.1/Substance_Database_2.1_Procedural_Sbsar/Classic_Materials/Skies/Space_02.sbsar
Space_03,.sbsar,Sci-fi/Tech,no,yes,Substance_Database_2.1/Substance_Database_2.1_Procedural_Sbsar,Substance_Database_2.1/Substance_Database_2.1_Procedural_Sbsar/Classic_Materials/Skies/Space_03.sbsar
Sunshine,.sbsar,Other,no,yes,Substance_Database_2.1/Substance_Database_2.1_Procedural_Sbsar,Substance_Database_2.1/Substance_Database_2.1_Procedural_Sbsar/Classic_Materials/Skies/Sunshine.sbsar
Basketball_Court,.sbsar,Other,no,yes,Substance_Database_2.1/Substance_Database_2.1_Procedural_Sbsar,Substance_Database_2.1/Substance_Database_2.1_Procedural_Sbsar/Classic_Materials/Sports/Basketball_Court.sbsar
Football_Field,.sbsar,Ground/Soil/Sand/Gravel,no,yes,Substance_Database_2.1/Substance_Database_2.1_Procedural_Sbsar,Substance_Database_2.1/Substance_Database_2.1_Procedural_Sbsar/Classic_Materials/Sports/Football_Field.sbsar
Tennis_Court,.sbsar,Other,no,yes,Substance_Database_2.1/Substance_Database_2.1_Procedural_Sbsar,Substance_Database_2.1/Substance_Database_2.1_Procedural_Sbsar/Classic_Materials/Sports/Tennis_Court.sbsar
Amethyst,.sbsar,Rock/Stone/Cliff,no,yes,Substance_Database_2.1/Substance_Database_2.1_Procedural_Sbsar,Substance_Database_2.1/Substance_Database_2.1_Procedural_Sbsar/Classic_Materials/Stone/Amethyst.sbsar
Cartoon_Stones,.sbsar,Stylized,yes,yes,Substance_Database_2.1/Substance_Database_2.1_Procedural_Sbsar,Substance_Database_2.1/Substance_Database_2.1_Procedural_Sbsar/Classic_Materials/Stone/Cartoon_Stones.sbsar
Coal,.sbsar,Rock/Stone/Cliff,no,yes,Substance_Database_2.1/Substance_Database_2.1_Procedural_Sbsar,Substance_Database_2.1/Substance_Database_2.1_Procedural_Sbsar/Classic_Materials/Stone/Coal.sbsar
Crystal_Pattern,.sbsar,Rock/Stone/Cliff,no,yes,Substance_Database_2.1/Substance_Database_2.1_Procedural_Sbsar,Substance_Database_2.1/Substance_Database_2.1_Procedural_Sbsar/Classic_Materials/Stone/Crystal_Pattern.sbsar
Damaged_Marble,.sbsar,Rock/Stone/Cliff,no,yes,Substance_Database_2.1/Substance_Database_2.1_Procedural_Sbsar,Substance_Database_2.1/Substance_Database_2.1_Procedural_Sbsar/Classic_Materials/Stone/Damaged_Marble.sbsar
Glowing_Rock,.sbsar,Rock/Stone/Cliff,no,yes,Substance_Database_2.1/Substance_Database_2.1_Procedural_Sbsar,Substance_Database_2.1/Substance_Database_2.1_Procedural_Sbsar/Classic_Materials/Stone/Glowing_Rock.sbsar
Granite_01,.sbsar,Rock/Stone/Cliff,no,yes,Substance_Database_2.1/Substance_Database_2.1_Procedural_Sbsar,Substance_Database_2.1/Substance_Database_2.1_Procedural_Sbsar/Classic_Materials/Stone/Granite_01.sbsar
Granite_02,.sbsar,Rock/Stone/Cliff,no,yes,Substance_Database_2.1/Substance_Database_2.1_Procedural_Sbsar,Substance_Database_2.1/Substance_Database_2.1_Procedural_Sbsar/Classic_Materials/Stone/Granite_02.sbsar
Granitoid,.sbsar,Rock/Stone/Cliff,no,yes,Substance_Database_2.1/Substance_Database_2.1_Procedural_Sbsar,Substance_Database_2.1/Substance_Database_2.1_Procedural_Sbsar/Classic_Materials/Stone/Granitoid.sbsar
marble_001,.sbsar,Rock/Stone/Cliff,no,yes,Substance_Database_2.1/Substance_Database_2.1_Procedural_Sbsar,Substance_Database_2.1/Substance_Database_2.1_Procedural_Sbsar/Classic_Materials/Stone/marble_001.sbsar
marble_002,.sbsar,Rock/Stone/Cliff,no,yes,Substance_Database_2.1/Substance_Database_2.1_Procedural_Sbsar,Substance_Database_2.1/Substance_Database_2.1_Procedural_Sbsar/Classic_Materials/Stone/marble_002.sbsar
marble_003,.sbsar,Rock/Stone/Cliff,no,yes,Substance_Database_2.1/Substance_Database_2.1_Procedural_Sbsar,Substance_Database_2.1/Substance_Database_2.1_Procedural_Sbsar/Classic_Materials/Stone/marble_003.sbsar
marble_004,.sbsar,Rock/Stone/Cliff,no,yes,Substance_Database_2.1/Substance_Database_2.1_Procedural_Sbsar,Substance_Database_2.1/Substance_Database_2.1_Procedural_Sbsar/Classic_Materials/Stone/marble_004.sbsar
Marble_01,.sbsar,Rock/Stone/Cliff,no,yes,Substance_Database_2.1/Substance_Database_2.1_Procedural_Sbsar,Substance_Database_2.1/Substance_Database_2.1_Procedural_Sbsar/Classic_Materials/Stone/Marble_01.sbsar
Marble_02,.sbsar,Rock/Stone/Cliff,no,yes,Substance_Database_2.1/Substance_Database_2.1_Procedural_Sbsar,Substance_Database_2.1/Substance_Database_2.1_Procedural_Sbsar/Classic_Materials/Stone/Marble_02.sbsar
Marble_03,.sbsar,Rock/Stone/Cliff,no,yes,Substance_Database_2.1/Substance_Database_2.1_Procedural_Sbsar,Substance_Database_2.1/Substance_Database_2.1_Procedural_Sbsar/Classic_Materials/Stone/Marble_03.sbsar
Meteor,.sbsar,Rock/Stone/Cliff,no,yes,Substance_Database_2.1/Substance_Database_2.1_Procedural_Sbsar,Substance_Database_2.1/Substance_Database_2.1_Procedural_Sbsar/Classic_Materials/Stone/Meteor.sbsar
Moss_Rock,.sbsar,Organic/Nature,no,yes,Substance_Database_2.1/Substance_Database_2.1_Procedural_Sbsar,Substance_Database_2.1/Substance_Database_2.1_Procedural_Sbsar/Classic_Materials/Stone/Moss_Rock.sbsar
Prehistoric_Cave,.sbsar,Rock/Stone/Cliff,no,yes,Substance_Database_2.1/Substance_Database_2.1_Procedural_Sbsar,Substance_Database_2.1/Substance_Database_2.1_Procedural_Sbsar/Classic_Materials/Stone/Prehistoric_Cave.sbsar
rock_001,.sbsar,Rock/Stone/Cliff,no,yes,Substance_Database_2.1/Substance_Database_2.1_Procedural_Sbsar,Substance_Database_2.1/Substance_Database_2.1_Procedural_Sbsar/Classic_Materials/Stone/rock_001.sbsar
rock_002,.sbsar,Rock/Stone/Cliff,no,yes,Substance_Database_2.1/Substance_Database_2.1_Procedural_Sbsar,Substance_Database_2.1/Substance_Database_2.1_Procedural_Sbsar/Classic_Materials/Stone/rock_002.sbsar
rock_003,.sbsar,Rock/Stone/Cliff,no,yes,Substance_Database_2.1/Substance_Database_2.1_Procedural_Sbsar,Substance_Database_2.1/Substance_Database_2.1_Procedural_Sbsar/Classic_Materials/Stone/rock_003.sbsar
rock_004,.sbsar,Rock/Stone/Cliff,no,yes,Substance_Database_2.1/Substance_Database_2.1_Procedural_Sbsar,Substance_Database_2.1/Substance_Database_2.1_Procedural_Sbsar/Classic_Materials/Stone/rock_004.sbsar
rock_006,.sbsar,Rock/Stone/Cliff,no,yes,Substance_Database_2.1/Substance_Database_2.1_Procedural_Sbsar,Substance_Database_2.1/Substance_Database_2.1_Procedural_Sbsar/Classic_Materials/Stone/rock_006.sbsar
rock_007,.sbsar,Rock/Stone/Cliff,no,yes,Substance_Database_2.1/Substance_Database_2.1_Procedural_Sbsar,Substance_Database_2.1/Substance_Database_2.1_Procedural_Sbsar/Classic_Materials/Stone/rock_007.sbsar
Rock_02,.sbsar,Rock/Stone/Cliff,no,yes,Substance_Database_2.1/Substance_Database_2.1_Procedural_Sbsar,Substance_Database_2.1/Substance_Database_2.1_Procedural_Sbsar/Classic_Materials/Stone/Rock_02.sbsar
Stone_Tiles_02,.sbsar,Pavement/Tiles/Floor,no,yes,Substance_Database_2.1/Substance_Database_2.1_Procedural_Sbsar,Substance_Database_2.1/Substance_Database_2.1_Procedural_Sbsar/Classic_Materials/Stone/Stone_Tiles_02.sbsar
stones_001,.sbsar,Rock/Stone/Cliff,no,yes,Substance_Database_2.1/Substance_Database_2.1_Procedural_Sbsar,Substance_Database_2.1/Substance_Database_2.1_Procedural_Sbsar/Classic_Materials/Stone/stones_001.sbsar
stones_002,.sbsar,Rock/Stone/Cliff,no,yes,Substance_Database_2.1/Substance_Database_2.1_Procedural_Sbsar,Substance_Database_2.1/Substance_Database_2.1_Procedural_Sbsar/Classic_Materials/Stone/stones_002.sbsar
stones_003,.sbsar,Rock/Stone/Cliff,no,yes,Substance_Database_2.1/Substance_Database_2.1_Procedural_Sbsar,Substance_Database_2.1/Substance_Database_2.1_Procedural_Sbsar/Classic_Materials/Stone/stones_003.sbsar
stones_004,.sbsar,Rock/Stone/Cliff,no,yes,Substance_Database_2.1/Substance_Database_2.1_Procedural_Sbsar,Substance_Database_2.1/Substance_Database_2.1_Procedural_Sbsar/Classic_Materials/Stone/stones_004.sbsar
stones_005,.sbsar,Rock/Stone/Cliff,no,yes,Substance_Database_2.1/Substance_Database_2.1_Procedural_Sbsar,Substance_Database_2.1/Substance_Database_2.1_Procedural_Sbsar/Classic_Materials/Stone/stones_005.sbsar
stones_006,.sbsar,Rock/Stone/Cliff,no,yes,Substance_Database_2.1/Substance_Database_2.1_Procedural_Sbsar,Substance_Database_2.1/Substance_Database_2.1_Procedural_Sbsar/Classic_Materials/Stone/stones_006.sbsar
stones_007,.sbsar,Rock/Stone/Cliff,no,yes,Substance_Database_2.1/Substance_Database_2.1_Procedural_Sbsar,Substance_Database_2.1/Substance_Database_2.1_Procedural_Sbsar/Classic_Materials/Stone/stones_007.sbsar
stones_008,.sbsar,Rock/Stone/Cliff,no,yes,Substance_Database_2.1/Substance_Database_2.1_Procedural_Sbsar,Substance_Database_2.1/Substance_Database_2.1_Procedural_Sbsar/Classic_Materials/Stone/stones_008.sbsar
stones_009,.sbsar,Rock/Stone/Cliff,no,yes,Substance_Database_2.1/Substance_Database_2.1_Procedural_Sbsar,Substance_Database_2.1/Substance_Database_2.1_Procedural_Sbsar/Classic_Materials/Stone/stones_009.sbsar
Stones_01,.sbsar,Rock/Stone/Cliff,no,yes,Substance_Database_2.1/Substance_Database_2.1_Procedural_Sbsar,Substance_Database_2.1/Substance_Database_2.1_Procedural_Sbsar/Classic_Materials/Stone/Stones_01.sbsar
stones_010,.sbsar,Rock/Stone/Cliff,no,yes,Substance_Database_2.1/Substance_Database_2.1_Procedural_Sbsar,Substance_Database_2.1/Substance_Database_2.1_Procedural_Sbsar/Classic_Materials/Stone/stones_010.sbsar
stones_011,.sbsar,Rock/Stone/Cliff,no,yes,Substance_Database_2.1/Substance_Database_2.1_Procedural_Sbsar,Substance_Database_2.1/Substance_Database_2.1_Procedural_Sbsar/Classic_Materials/Stone/stones_011.sbsar
stones_012,.sbsar,Rock/Stone/Cliff,no,yes,Substance_Database_2.1/Substance_Database_2.1_Procedural_Sbsar,Substance_Database_2.1/Substance_Database_2.1_Procedural_Sbsar/Classic_Materials/Stone/stones_012.sbsar
stones_013,.sbsar,Rock/Stone/Cliff,no,yes,Substance_Database_2.1/Substance_Database_2.1_Procedural_Sbsar,Substance_Database_2.1/Substance_Database_2.1_Procedural_Sbsar/Classic_Materials/Stone/stones_013.sbsar
stones_014,.sbsar,Rock/Stone/Cliff,no,yes,Substance_Database_2.1/Substance_Database_2.1_Procedural_Sbsar,Substance_Database_2.1/Substance_Database_2.1_Procedural_Sbsar/Classic_Materials/Stone/stones_014.sbsar
stonework_001,.sbsar,Brick/Masonry/Wall,no,yes,Substance_Database_2.1/Substance_Database_2.1_Procedural_Sbsar,Substance_Database_2.1/Substance_Database_2.1_Procedural_Sbsar/Classic_Materials/Stone/stonework_001.sbsar
stonework_002,.sbsar,Brick/Masonry/Wall,no,yes,Substance_Database_2.1/Substance_Database_2.1_Procedural_Sbsar,Substance_Database_2.1/Substance_Database_2.1_Procedural_Sbsar/Classic_Materials/Stone/stonework_002.sbsar
stonework_003,.sbsar,Brick/Masonry/Wall,no,yes,Substance_Database_2.1/Substance_Database_2.1_Procedural_Sbsar,Substance_Database_2.1/Substance_Database_2.1_Procedural_Sbsar/Classic_Materials/Stone/stonework_003.sbsar
stonework_004,.sbsar,Brick/Masonry/Wall,no,yes,Substance_Database_2.1/Substance_Database_2.1_Procedural_Sbsar,Substance_Database_2.1/Substance_Database_2.1_Procedural_Sbsar/Classic_Materials/Stone/stonework_004.sbsar
stonework_005,.sbsar,Brick/Masonry/Wall,no,yes,Substance_Database_2.1/Substance_Database_2.1_Procedural_Sbsar,Substance_Database_2.1/Substance_Database_2.1_Procedural_Sbsar/Classic_Materials/Stone/stonework_005.sbsar
stonework_006,.sbsar,Brick/Masonry/Wall,no,yes,Substance_Database_2.1/Substance_Database_2.1_Procedural_Sbsar,Substance_Database_2.1/Substance_Database_2.1_Procedural_Sbsar/Classic_Materials/Stone/stonework_006.sbsar
Volcano_Rock,.sbsar,Rock/Stone/Cliff,no,yes,Substance_Database_2.1/Substance_Database_2.1_Procedural_Sbsar,Substance_Database_2.1/Substance_Database_2.1_Procedural_Sbsar/Classic_Materials/Stone/Volcano_Rock.sbsar
Bubblewrapped,.sbsar,Other,no,yes,Substance_Database_2.1/Substance_Database_2.1_Procedural_Sbsar,Substance_Database_2.1/Substance_Database_2.1_Procedural_Sbsar/Classic_Materials/Synthetic/Bubblewrapped.sbsar
Fiber_Glass,.sbsar,Other,no,yes,Substance_Database_2.1/Substance_Database_2.1_Procedural_Sbsar,Substance_Database_2.1/Substance_Database_2.1_Procedural_Sbsar/Classic_Materials/Synthetic/Fiber_Glass.sbsar
Ceramic_01,.sbsar,Pavement/Tiles/Floor,no,yes,Substance_Database_2.1/Substance_Database_2.1_Procedural_Sbsar,Substance_Database_2.1/Substance_Database_2.1_Procedural_Sbsar/Classic_Materials/Tiles/Ceramic_01.sbsar
Ceramic_02,.sbsar,Pavement/Tiles/Floor,no,yes,Substance_Database_2.1/Substance_Database_2.1_Procedural_Sbsar,Substance_Database_2.1/Substance_Database_2.1_Procedural_Sbsar/Classic_Materials/Tiles/Ceramic_02.sbsar
Ceramic_03,.sbsar,Pavement/Tiles/Floor,no,yes,Substance_Database_2.1/Substance_Database_2.1_Procedural_Sbsar,Substance_Database_2.1/Substance_Database_2.1_Procedural_Sbsar/Classic_Materials/Tiles/Ceramic_03.sbsar
Ceramic_04,.sbsar,Pavement/Tiles/Floor,no,yes,Substance_Database_2.1/Substance_Database_2.1_Procedural_Sbsar,Substance_Database_2.1/Substance_Database_2.1_Procedural_Sbsar/Classic_Materials/Tiles/Ceramic_04.sbsar
Ceramic_Tile_05,.sbsar,Pavement/Tiles/Floor,no,yes,Substance_Database_2.1/Substance_Database_2.1_Procedural_Sbsar,Substance_Database_2.1/Substance_Database_2.1_Procedural_Sbsar/Classic_Materials/Tiles/Ceramic_Tile_05.sbsar
Checker,.sbsar,Generators/Utility,no,yes,Substance_Database_2.1/Substance_Database_2.1_Procedural_Sbsar,Substance_Database_2.1/Substance_Database_2.1_Procedural_Sbsar/Classic_Materials/Tiles/Checker.sbsar
Concrete_Tiles,.sbsar,Concrete/Plaster,no,yes,Substance_Database_2.1/Substance_Database_2.1_Procedural_Sbsar,Substance_Database_2.1/Substance_Database_2.1_Procedural_Sbsar/Classic_Materials/Tiles/Concrete_Tiles.sbsar
Machu_Pichu_Wall,.sbsar,Brick/Masonry/Wall,no,yes,Substance_Database_2.1/Substance_Database_2.1_Procedural_Sbsar,Substance_Database_2.1/Substance_Database_2.1_Procedural_Sbsar/Classic_Materials/Tiles/Machu_Pichu_Wall.sbsar
mosaic_001,.sbsar,Pavement/Tiles/Floor,no,yes,Substance_Database_2.1/Substance_Database_2.1_Procedural_Sbsar,Substance_Database_2.1/Substance_Database_2.1_Procedural_Sbsar/Classic_Materials/Tiles/mosaic_001.sbsar
Tile_01,.sbsar,Pavement/Tiles/Floor,no,yes,Substance_Database_2.1/Substance_Database_2.1_Procedural_Sbsar,Substance_Database_2.1/Substance_Database_2.1_Procedural_Sbsar/Classic_Materials/Tiles/Tile_01.sbsar
tiles_001,.sbsar,Pavement/Tiles/Floor,no,yes,Substance_Database_2.1/Substance_Database_2.1_Procedural_Sbsar,Substance_Database_2.1/Substance_Database_2.1_Procedural_Sbsar/Classic_Materials/Tiles/tiles_001.sbsar
tiles_002,.sbsar,Pavement/Tiles/Floor,no,yes,Substance_Database_2.1/Substance_Database_2.1_Procedural_Sbsar,Substance_Database_2.1/Substance_Database_2.1_Procedural_Sbsar/Classic_Materials/Tiles/tiles_002.sbsar
tiles_003,.sbsar,Pavement/Tiles/Floor,no,yes,Substance_Database_2.1/Substance_Database_2.1_Procedural_Sbsar,Substance_Database_2.1/Substance_Database_2.1_Procedural_Sbsar/Classic_Materials/Tiles/tiles_003.sbsar
tiles_004,.sbsar,Pavement/Tiles/Floor,no,yes,Substance_Database_2.1/Substance_Database_2.1_Procedural_Sbsar,Substance_Database_2.1/Substance_Database_2.1_Procedural_Sbsar/Classic_Materials/Tiles/tiles_004.sbsar
tiles_005,.sbsar,Pavement/Tiles/Floor,no,yes,Substance_Database_2.1/Substance_Database_2.1_Procedural_Sbsar,Substance_Database_2.1/Substance_Database_2.1_Procedural_Sbsar/Classic_Materials/Tiles/tiles_005.sbsar
tiles_006,.sbsar,Pavement/Tiles/Floor,no,yes,Substance_Database_2.1/Substance_Database_2.1_Procedural_Sbsar,Substance_Database_2.1/Substance_Database_2.1_Procedural_Sbsar/Classic_Materials/Tiles/tiles_006.sbsar
tiles_007,.sbsar,Pavement/Tiles/Floor,no,yes,Substance_Database_2.1/Substance_Database_2.1_Procedural_Sbsar,Substance_Database_2.1/Substance_Database_2.1_Procedural_Sbsar/Classic_Materials/Tiles/tiles_007.sbsar
tiles_008,.sbsar,Pavement/Tiles/Floor,no,yes,Substance_Database_2.1/Substance_Database_2.1_Procedural_Sbsar,Substance_Database_2.1/Substance_Database_2.1_Procedural_Sbsar/Classic_Materials/Tiles/tiles_008.sbsar
tiles_009,.sbsar,Pavement/Tiles/Floor,no,yes,Substance_Database_2.1/Substance_Database_2.1_Procedural_Sbsar,Substance_Database_2.1/Substance_Database_2.1_Procedural_Sbsar/Classic_Materials/Tiles/tiles_009.sbsar
tiles_010,.sbsar,Pavement/Tiles/Floor,no,yes,Substance_Database_2.1/Substance_Database_2.1_Procedural_Sbsar,Substance_Database_2.1/Substance_Database_2.1_Procedural_Sbsar/Classic_Materials/Tiles/tiles_010.sbsar
tiles_011,.sbsar,Pavement/Tiles/Floor,no,yes,Substance_Database_2.1/Substance_Database_2.1_Procedural_Sbsar,Substance_Database_2.1/Substance_Database_2.1_Procedural_Sbsar/Classic_Materials/Tiles/tiles_011.sbsar
tiles_012,.sbsar,Pavement/Tiles/Floor,no,yes,Substance_Database_2.1/Substance_Database_2.1_Procedural_Sbsar,Substance_Database_2.1/Substance_Database_2.1_Procedural_Sbsar/Classic_Materials/Tiles/tiles_012.sbsar
tiles_013,.sbsar,Pavement/Tiles/Floor,no,yes,Substance_Database_2.1/Substance_Database_2.1_Procedural_Sbsar,Substance_Database_2.1/Substance_Database_2.1_Procedural_Sbsar/Classic_Materials/Tiles/tiles_013.sbsar
tiles_014,.sbsar,Pavement/Tiles/Floor,no,yes,Substance_Database_2.1/Substance_Database_2.1_Procedural_Sbsar,Substance_Database_2.1/Substance_Database_2.1_Procedural_Sbsar/Classic_Materials/Tiles/tiles_014.sbsar
tiles_015,.sbsar,Pavement/Tiles/Floor,no,yes,Substance_Database_2.1/Substance_Database_2.1_Procedural_Sbsar,Substance_Database_2.1/Substance_Database_2.1_Procedural_Sbsar/Classic_Materials/Tiles/tiles_015.sbsar
tiles_016,.sbsar,Pavement/Tiles/Floor,no,yes,Substance_Database_2.1/Substance_Database_2.1_Procedural_Sbsar,Substance_Database_2.1/Substance_Database_2.1_Procedural_Sbsar/Classic_Materials/Tiles/tiles_016.sbsar
tiles_017,.sbsar,Pavement/Tiles/Floor,no,yes,Substance_Database_2.1/Substance_Database_2.1_Procedural_Sbsar,Substance_Database_2.1/Substance_Database_2.1_Procedural_Sbsar/Classic_Materials/Tiles/tiles_017.sbsar
tiles_018,.sbsar,Pavement/Tiles/Floor,no,yes,Substance_Database_2.1/Substance_Database_2.1_Procedural_Sbsar,Substance_Database_2.1/Substance_Database_2.1_Procedural_Sbsar/Classic_Materials/Tiles/tiles_018.sbsar
tiles_019,.sbsar,Pavement/Tiles/Floor,no,yes,Substance_Database_2.1/Substance_Database_2.1_Procedural_Sbsar,Substance_Database_2.1/Substance_Database_2.1_Procedural_Sbsar/Classic_Materials/Tiles/tiles_019.sbsar
tiles_020,.sbsar,Pavement/Tiles/Floor,no,yes,Substance_Database_2.1/Substance_Database_2.1_Procedural_Sbsar,Substance_Database_2.1/Substance_Database_2.1_Procedural_Sbsar/Classic_Materials/Tiles/tiles_020.sbsar
tiles_021,.sbsar,Pavement/Tiles/Floor,no,yes,Substance_Database_2.1/Substance_Database_2.1_Procedural_Sbsar,Substance_Database_2.1/Substance_Database_2.1_Procedural_Sbsar/Classic_Materials/Tiles/tiles_021.sbsar
tiles_022,.sbsar,Pavement/Tiles/Floor,no,yes,Substance_Database_2.1/Substance_Database_2.1_Procedural_Sbsar,Substance_Database_2.1/Substance_Database_2.1_Procedural_Sbsar/Classic_Materials/Tiles/tiles_022.sbsar
tiles_023,.sbsar,Pavement/Tiles/Floor,no,yes,Substance_Database_2.1/Substance_Database_2.1_Procedural_Sbsar,Substance_Database_2.1/Substance_Database_2.1_Procedural_Sbsar/Classic_Materials/Tiles/tiles_023.sbsar
tiles_024,.sbsar,Pavement/Tiles/Floor,no,yes,Substance_Database_2.1/Substance_Database_2.1_Procedural_Sbsar,Substance_Database_2.1/Substance_Database_2.1_Procedural_Sbsar/Classic_Materials/Tiles/tiles_024.sbsar
tiles_025,.sbsar,Pavement/Tiles/Floor,no,yes,Substance_Database_2.1/Substance_Database_2.1_Procedural_Sbsar,Substance_Database_2.1/Substance_Database_2.1_Procedural_Sbsar/Classic_Materials/Tiles/tiles_025.sbsar
tiles_026,.sbsar,Pavement/Tiles/Floor,no,yes,Substance_Database_2.1/Substance_Database_2.1_Procedural_Sbsar,Substance_Database_2.1/Substance_Database_2.1_Procedural_Sbsar/Classic_Materials/Tiles/tiles_026.sbsar
tiles_027,.sbsar,Pavement/Tiles/Floor,no,yes,Substance_Database_2.1/Substance_Database_2.1_Procedural_Sbsar,Substance_Database_2.1/Substance_Database_2.1_Procedural_Sbsar/Classic_Materials/Tiles/tiles_027.sbsar
tiles_028,.sbsar,Pavement/Tiles/Floor,no,yes,Substance_Database_2.1/Substance_Database_2.1_Procedural_Sbsar,Substance_Database_2.1/Substance_Database_2.1_Procedural_Sbsar/Classic_Materials/Tiles/tiles_028.sbsar
tiles_029,.sbsar,Pavement/Tiles/Floor,no,yes,Substance_Database_2.1/Substance_Database_2.1_Procedural_Sbsar,Substance_Database_2.1/Substance_Database_2.1_Procedural_Sbsar/Classic_Materials/Tiles/tiles_029.sbsar
Wallpaper,.sbsar,Fabric/Leather,no,yes,Substance_Database_2.1/Substance_Database_2.1_Procedural_Sbsar,Substance_Database_2.1/Substance_Database_2.1_Procedural_Sbsar/Classic_Materials/Wallpapers/Wallpaper.sbsar
Calm_Water,.sbsar,Ice/Snow/Water,no,yes,Substance_Database_2.1/Substance_Database_2.1_Procedural_Sbsar,Substance_Database_2.1/Substance_Database_2.1_Procedural_Sbsar/Classic_Materials/Water/Calm_Water.sbsar
Ice_01,.sbsar,Ice/Snow/Water,no,yes,Substance_Database_2.1/Substance_Database_2.1_Procedural_Sbsar,Substance_Database_2.1/Substance_Database_2.1_Procedural_Sbsar/Classic_Materials/Water/Ice_01.sbsar
Ice_02,.sbsar,Ice/Snow/Water,no,yes,Substance_Database_2.1/Substance_Database_2.1_Procedural_Sbsar,Substance_Database_2.1/Substance_Database_2.1_Procedural_Sbsar/Classic_Materials/Water/Ice_02.sbsar
Ocean_01,.sbsar,Ice/Snow/Water,no,yes,Substance_Database_2.1/Substance_Database_2.1_Procedural_Sbsar,Substance_Database_2.1/Substance_Database_2.1_Procedural_Sbsar/Classic_Materials/Water/Ocean_01.sbsar
Waves,.sbsar,Ice/Snow/Water,no,yes,Substance_Database_2.1/Substance_Database_2.1_Procedural_Sbsar,Substance_Database_2.1/Substance_Database_2.1_Procedural_Sbsar/Classic_Materials/Water/Waves.sbsar
Bamboo_Fence,.sbsar,Wood,no,yes,Substance_Database_2.1/Substance_Database_2.1_Procedural_Sbsar,Substance_Database_2.1/Substance_Database_2.1_Procedural_Sbsar/Classic_Materials/Wood/Bamboo_Fence.sbsar
Bark,.sbsar,Organic/Nature,no,yes,Substance_Database_2.1/Substance_Database_2.1_Procedural_Sbsar,Substance_Database_2.1/Substance_Database_2.1_Procedural_Sbsar/Classic_Materials/Wood/Bark.sbsar
bark_006,.sbsar,Organic/Nature,no,yes,Substance_Database_2.1/Substance_Database_2.1_Procedural_Sbsar,Substance_Database_2.1/Substance_Database_2.1_Procedural_Sbsar/Classic_Materials/Wood/bark_006.sbsar
bark_007,.sbsar,Organic/Nature,no,yes,Substance_Database_2.1/Substance_Database_2.1_Procedural_Sbsar,Substance_Database_2.1/Substance_Database_2.1_Procedural_Sbsar/Classic_Materials/Wood/bark_007.sbsar
bark_008,.sbsar,Organic/Nature,no,yes,Substance_Database_2.1/Substance_Database_2.1_Procedural_Sbsar,Substance_Database_2.1/Substance_Database_2.1_Procedural_Sbsar/Classic_Materials/Wood/bark_008.sbsar
bark_009,.sbsar,Organic/Nature,no,yes,Substance_Database_2.1/Substance_Database_2.1_Procedural_Sbsar,Substance_Database_2.1/Substance_Database_2.1_Procedural_Sbsar/Classic_Materials/Wood/bark_009.sbsar
bark_010,.sbsar,Organic/Nature,no,yes,Substance_Database_2.1/Substance_Database_2.1_Procedural_Sbsar,Substance_Database_2.1/Substance_Database_2.1_Procedural_Sbsar/Classic_Materials/Wood/bark_010.sbsar
bark_011,.sbsar,Organic/Nature,no,yes,Substance_Database_2.1/Substance_Database_2.1_Procedural_Sbsar,Substance_Database_2.1/Substance_Database_2.1_Procedural_Sbsar/Classic_Materials/Wood/bark_011.sbsar
bark_012,.sbsar,Organic/Nature,no,yes,Substance_Database_2.1/Substance_Database_2.1_Procedural_Sbsar,Substance_Database_2.1/Substance_Database_2.1_Procedural_Sbsar/Classic_Materials/Wood/bark_012.sbsar
Cane,.sbsar,Wood,no,yes,Substance_Database_2.1/Substance_Database_2.1_Procedural_Sbsar,Substance_Database_2.1/Substance_Database_2.1_Procedural_Sbsar/Classic_Materials/Wood/Cane.sbsar
Light_Wood,.sbsar,Wood,no,yes,Substance_Database_2.1/Substance_Database_2.1_Procedural_Sbsar,Substance_Database_2.1/Substance_Database_2.1_Procedural_Sbsar/Classic_Materials/Wood/Light_Wood.sbsar
Old_Painted_Planks,.sbsar,Wood,no,yes,Substance_Database_2.1/Substance_Database_2.1_Procedural_Sbsar,Substance_Database_2.1/Substance_Database_2.1_Procedural_Sbsar/Classic_Materials/Wood/Old_Painted_Planks.sbsar
Painted_Fence,.sbsar,Wood,no,yes,Substance_Database_2.1/Substance_Database_2.1_Procedural_Sbsar,Substance_Database_2.1/Substance_Database_2.1_Procedural_Sbsar/Classic_Materials/Wood/Painted_Fence.sbsar
Painted_Wood_01,.sbsar,Wood,no,yes,Substance_Database_2.1/Substance_Database_2.1_Procedural_Sbsar,Substance_Database_2.1/Substance_Database_2.1_Procedural_Sbsar/Classic_Materials/Wood/Painted_Wood_01.sbsar
Parquet,.sbsar,Wood,no,yes,Substance_Database_2.1/Substance_Database_2.1_Procedural_Sbsar,Substance_Database_2.1/Substance_Database_2.1_Procedural_Sbsar/Classic_Materials/Wood/Parquet.sbsar
Plane_Tree_Bark,.sbsar,Organic/Nature,no,yes,Substance_Database_2.1/Substance_Database_2.1_Procedural_Sbsar,Substance_Database_2.1/Substance_Database_2.1_Procedural_Sbsar/Classic_Materials/Wood/Plane_Tree_Bark.sbsar
Tree_Bark,.sbsar,Organic/Nature,no,yes,Substance_Database_2.1/Substance_Database_2.1_Procedural_Sbsar,Substance_Database_2.1/Substance_Database_2.1_Procedural_Sbsar/Classic_Materials/Wood/Tree_Bark.sbsar
Tree_Bark_003,.sbsar,Organic/Nature,no,yes,Substance_Database_2.1/Substance_Database_2.1_Procedural_Sbsar,Substance_Database_2.1/Substance_Database_2.1_Procedural_Sbsar/Classic_Materials/Wood/Tree_Bark_003.sbsar
Tree_Bark_02,.sbsar,Organic/Nature,no,yes,Substance_Database_2.1/Substance_Database_2.1_Procedural_Sbsar,Substance_Database_2.1/Substance_Database_2.1_Procedural_Sbsar/Classic_Materials/Wood/Tree_Bark_02.sbsar
Tree_Slice,.sbsar,Organic/Nature,no,yes,Substance_Database_2.1/Substance_Database_2.1_Procedural_Sbsar,Substance_Database_2.1/Substance_Database_2.1_Procedural_Sbsar/Classic_Materials/Wood/Tree_Slice.sbsar
Varnished_Wood,.sbsar,Wood,no,yes,Substance_Database_2.1/Substance_Database_2.1_Procedural_Sbsar,Substance_Database_2.1/Substance_Database_2.1_Procedural_Sbsar/Classic_Materials/Wood/Varnished_Wood.sbsar
wood000_Acajou,.sbsar,Wood,no,yes,Substance_Database_2.1/Substance_Database_2.1_Procedural_Sbsar,Substance_Database_2.1/Substance_Database_2.1_Procedural_Sbsar/Classic_Materials/Wood/wood000_Acajou.sbsar
wood001_Afrormosia,.sbsar,Wood,no,yes,Substance_Database_2.1/Substance_Database_2.1_Procedural_Sbsar,Substance_Database_2.1/Substance_Database_2.1_Procedural_Sbsar/Classic_Materials/Wood/wood001_Afrormosia.sbsar
wood002_Agba,.sbsar,Wood,no,yes,Substance_Database_2.1/Substance_Database_2.1_Procedural_Sbsar,Substance_Database_2.1/Substance_Database_2.1_Procedural_Sbsar/Classic_Materials/Wood/wood002_Agba.sbsar
wood003_Ako,.sbsar,Wood,no,yes,Substance_Database_2.1/Substance_Database_2.1_Procedural_Sbsar,Substance_Database_2.1/Substance_Database_2.1_Procedural_Sbsar/Classic_Materials/Wood/wood003_Ako.sbsar
wood004_Beam-tree,.sbsar,Wood,no,yes,Substance_Database_2.1/Substance_Database_2.1_Procedural_Sbsar,Substance_Database_2.1/Substance_Database_2.1_Procedural_Sbsar/Classic_Materials/Wood/wood004_Beam-tree.sbsar
wood005_Aniegre,.sbsar,Wood,no,yes,Substance_Database_2.1/Substance_Database_2.1_Procedural_Sbsar,Substance_Database_2.1/Substance_Database_2.1_Procedural_Sbsar/Classic_Materials/Wood/wood005_Aniegre.sbsar
wood006_Avodire,.sbsar,Wood,no,yes,Substance_Database_2.1/Substance_Database_2.1_Procedural_Sbsar,Substance_Database_2.1/Substance_Database_2.1_Procedural_Sbsar/Classic_Materials/Wood/wood006_Avodire.sbsar
wood008_Bosse,.sbsar,Wood,no,yes,Substance_Database_2.1/Substance_Database_2.1_Procedural_Sbsar,Substance_Database_2.1/Substance_Database_2.1_Procedural_Sbsar/Classic_Materials/Wood/wood008_Bosse.sbsar
wood009_acajou,.sbsar,Wood,no,yes,Substance_Database_2.1/Substance_Database_2.1_Procedural_Sbsar,Substance_Database_2.1/Substance_Database_2.1_Procedural_Sbsar/Classic_Materials/Wood/wood009_acajou.sbsar
wood010_Bubinga,.sbsar,Wood,no,yes,Substance_Database_2.1/Substance_Database_2.1_Procedural_Sbsar,Substance_Database_2.1/Substance_Database_2.1_Procedural_Sbsar/Classic_Materials/Wood/wood010_Bubinga.sbsar
wood011_Cedar,.sbsar,Wood,no,yes,Substance_Database_2.1/Substance_Database_2.1_Procedural_Sbsar,Substance_Database_2.1/Substance_Database_2.1_Procedural_Sbsar/Classic_Materials/Wood/wood011_Cedar.sbsar
wood012_Chestnut,.sbsar,Wood,no,yes,Substance_Database_2.1/Substance_Database_2.1_Procedural_Sbsar,Substance_Database_2.1/Substance_Database_2.1_Procedural_Sbsar/Classic_Materials/Wood/wood012_Chestnut.sbsar
wood013_Maple,.sbsar,Wood,no,yes,Substance_Database_2.1/Substance_Database_2.1_Procedural_Sbsar,Substance_Database_2.1/Substance_Database_2.1_Procedural_Sbsar/Classic_Materials/Wood/wood013_Maple.sbsar
wood014_Eyong,.sbsar,Wood,no,yes,Substance_Database_2.1/Substance_Database_2.1_Procedural_Sbsar,Substance_Database_2.1/Substance_Database_2.1_Procedural_Sbsar/Classic_Materials/Wood/wood014_Eyong.sbsar
wood015_Ash,.sbsar,Wood,no,yes,Substance_Database_2.1/Substance_Database_2.1_Procedural_Sbsar,Substance_Database_2.1/Substance_Database_2.1_Procedural_Sbsar/Classic_Materials/Wood/wood015_Ash.sbsar
wood016_Oli_Ash,.sbsar,Wood,no,yes,Substance_Database_2.1/Substance_Database_2.1_Procedural_Sbsar,Substance_Database_2.1/Substance_Database_2.1_Procedural_Sbsar/Classic_Materials/Wood/wood016_Oli_Ash.sbsar
wood017_Hemlock,.sbsar,Wood,no,yes,Substance_Database_2.1/Substance_Database_2.1_Procedural_Sbsar,Substance_Database_2.1/Substance_Database_2.1_Procedural_Sbsar/Classic_Materials/Wood/wood017_Hemlock.sbsar
wood018_Kotibe,.sbsar,Wood,no,yes,Substance_Database_2.1/Substance_Database_2.1_Procedural_Sbsar,Substance_Database_2.1/Substance_Database_2.1_Procedural_Sbsar/Classic_Materials/Wood/wood018_Kotibe.sbsar
wood019_Makore,.sbsar,Wood,no,yes,Substance_Database_2.1/Substance_Database_2.1_Procedural_Sbsar,Substance_Database_2.1/Substance_Database_2.1_Procedural_Sbsar/Classic_Materials/Wood/wood019_Makore.sbsar
wood020_Larch,.sbsar,Wood,no,yes,Substance_Database_2.1/Substance_Database_2.1_Procedural_Sbsar,Substance_Database_2.1/Substance_Database_2.1_Procedural_Sbsar/Classic_Materials/Wood/wood020_Larch.sbsar
wood021_Cherry,.sbsar,Wood,no,yes,Substance_Database_2.1/Substance_Database_2.1_Procedural_Sbsar,Substance_Database_2.1/Substance_Database_2.1_Procedural_Sbsar/Classic_Materials/Wood/wood021_Cherry.sbsar
wood022_Cherry,.sbsar,Wood,no,yes,Substance_Database_2.1/Substance_Database_2.1_Procedural_Sbsar,Substance_Database_2.1/Substance_Database_2.1_Procedural_Sbsar/Classic_Materials/Wood/wood022_Cherry.sbsar
wood023_Moabi,.sbsar,Wood,no,yes,Substance_Database_2.1/Substance_Database_2.1_Procedural_Sbsar,Substance_Database_2.1/Substance_Database_2.1_Procedural_Sbsar/Classic_Materials/Wood/wood023_Moabi.sbsar
wood024_Walnut,.sbsar,Wood,no,yes,Substance_Database_2.1/Substance_Database_2.1_Procedural_Sbsar,Substance_Database_2.1/Substance_Database_2.1_Procedural_Sbsar/Classic_Materials/Wood/wood024_Walnut.sbsar
wood025_Moabi,.sbsar,Wood,no,yes,Substance_Database_2.1/Substance_Database_2.1_Procedural_Sbsar,Substance_Database_2.1/Substance_Database_2.1_Procedural_Sbsar/Classic_Materials/Wood/wood025_Moabi.sbsar
wood027_Okoume,.sbsar,Wood,no,yes,Substance_Database_2.1/Substance_Database_2.1_Procedural_Sbsar,Substance_Database_2.1/Substance_Database_2.1_Procedural_Sbsar/Classic_Materials/Wood/wood027_Okoume.sbsar
wood028_Olive_Tree,.sbsar,Wood,no,yes,Substance_Database_2.1/Substance_Database_2.1_Procedural_Sbsar,Substance_Database_2.1/Substance_Database_2.1_Procedural_Sbsar/Classic_Materials/Wood/wood028_Olive_Tree.sbsar
wood029_Elm,.sbsar,Wood,no,yes,Substance_Database_2.1/Substance_Database_2.1_Procedural_Sbsar,Substance_Database_2.1/Substance_Database_2.1_Procedural_Sbsar/Classic_Materials/Wood/wood029_Elm.sbsar
wood030_Japanese_Elm,.sbsar,Wood,no,yes,Substance_Database_2.1/Substance_Database_2.1_Procedural_Sbsar,Substance_Database_2.1/Substance_Database_2.1_Procedural_Sbsar/Classic_Materials/Wood/wood030_Japanese_Elm.sbsar
wood031_American_Elm,.sbsar,Wood,no,yes,Substance_Database_2.1/Substance_Database_2.1_Procedural_Sbsar,Substance_Database_2.1/Substance_Database_2.1_Procedural_Sbsar/Classic_Materials/Wood/wood031_American_Elm.sbsar
wood032_Brazilian_Palisander,.sbsar,Wood,no,yes,Substance_Database_2.1/Substance_Database_2.1_Procedural_Sbsar,Substance_Database_2.1/Substance_Database_2.1_Procedural_Sbsar/Classic_Materials/Wood/wood032_Brazilian_Palisander.sbsar
wood033_Paldao,.sbsar,Wood,no,yes,Substance_Database_2.1/Substance_Database_2.1_Procedural_Sbsar,Substance_Database_2.1/Substance_Database_2.1_Procedural_Sbsar/Classic_Materials/Wood/wood033_Paldao.sbsar
wood034_Indian_Palisander,.sbsar,Wood,no,yes,Substance_Database_2.1/Substance_Database_2.1_Procedural_Sbsar,Substance_Database_2.1/Substance_Database_2.1_Procedural_Sbsar/Classic_Materials/Wood/wood034_Indian_Palisander.sbsar
wood035_Palisander,.sbsar,Wood,no,yes,Substance_Database_2.1/Substance_Database_2.1_Procedural_Sbsar,Substance_Database_2.1/Substance_Database_2.1_Procedural_Sbsar/Classic_Materials/Wood/wood035_Palisander.sbsar
wood036_Rio_Palisander,.sbsar,Wood,no,yes,Substance_Database_2.1/Substance_Database_2.1_Procedural_Sbsar,Substance_Database_2.1/Substance_Database_2.1_Procedural_Sbsar/Classic_Materials/Wood/wood036_Rio_Palisander.sbsar
wood037_Pauamar,.sbsar,Wood,no,yes,Substance_Database_2.1/Substance_Database_2.1_Procedural_Sbsar,Substance_Database_2.1/Substance_Database_2.1_Procedural_Sbsar/Classic_Materials/Wood/wood037_Pauamar.sbsar
wood039_Oregon_Pine,.sbsar,Wood,no,yes,Substance_Database_2.1/Substance_Database_2.1_Procedural_Sbsar,Substance_Database_2.1/Substance_Database_2.1_Procedural_Sbsar/Classic_Materials/Wood/wood039_Oregon_Pine.sbsar
wood040_Monterey_Pine,.sbsar,Wood,no,yes,Substance_Database_2.1/Substance_Database_2.1_Procedural_Sbsar,Substance_Database_2.1/Substance_Database_2.1_Procedural_Sbsar/Classic_Materials/Wood/wood040_Monterey_Pine.sbsar
wood041_Pink_Pine,.sbsar,Wood,no,yes,Substance_Database_2.1/Substance_Database_2.1_Procedural_Sbsar,Substance_Database_2.1/Substance_Database_2.1_Procedural_Sbsar/Classic_Materials/Wood/wood041_Pink_Pine.sbsar
wood042_Pine,.sbsar,Wood,no,yes,Substance_Database_2.1/Substance_Database_2.1_Procedural_Sbsar,Substance_Database_2.1/Substance_Database_2.1_Procedural_Sbsar/Classic_Materials/Wood/wood042_Pine.sbsar
wood043_Plane_Tree,.sbsar,Wood,no,yes,Substance_Database_2.1/Substance_Database_2.1_Procedural_Sbsar,Substance_Database_2.1/Substance_Database_2.1_Procedural_Sbsar/Classic_Materials/Wood/wood043_Plane_Tree.sbsar
wood044_Red_Cedar,.sbsar,Wood,no,yes,Substance_Database_2.1/Substance_Database_2.1_Procedural_Sbsar,Substance_Database_2.1/Substance_Database_2.1_Procedural_Sbsar/Classic_Materials/Wood/wood044_Red_Cedar.sbsar
wood045_Teak,.sbsar,Wood,no,yes,Substance_Database_2.1/Substance_Database_2.1_Procedural_Sbsar,Substance_Database_2.1/Substance_Database_2.1_Procedural_Sbsar/Classic_Materials/Wood/wood045_Teak.sbsar
wood046_Exotic,.sbsar,Wood,no,yes,Substance_Database_2.1/Substance_Database_2.1_Procedural_Sbsar,Substance_Database_2.1/Substance_Database_2.1_Procedural_Sbsar/Classic_Materials/Wood/wood046_Exotic.sbsar
wood047_Douka,.sbsar,Wood,no,yes,Substance_Database_2.1/Substance_Database_2.1_Procedural_Sbsar,Substance_Database_2.1/Substance_Database_2.1_Procedural_Sbsar/Classic_Materials/Wood/wood047_Douka.sbsar
wood26_Walnut,.sbsar,Wood,no,yes,Substance_Database_2.1/Substance_Database_2.1_Procedural_Sbsar,Substance_Database_2.1/Substance_Database_2.1_Procedural_Sbsar/Classic_Materials/Wood/wood26_Walnut.sbsar
Wood_American_Cherry,.sbsar,Wood,no,yes,Substance_Database_2.1/Substance_Database_2.1_Procedural_Sbsar,Substance_Database_2.1/Substance_Database_2.1_Procedural_Sbsar/Classic_Materials/Wood/Wood_American_Cherry.sbsar
Wood_Beech_ChocolateBrown,.sbsar,Wood,no,yes,Substance_Database_2.1/Substance_Database_2.1_Procedural_Sbsar,Substance_Database_2.1/Substance_Database_2.1_Procedural_Sbsar/Classic_Materials/Wood/Wood_Beech_ChocolateBrown.sbsar
Wood_Beech_Honey,.sbsar,Wood,no,yes,Substance_Database_2.1/Substance_Database_2.1_Procedural_Sbsar,Substance_Database_2.1/Substance_Database_2.1_Procedural_Sbsar/Classic_Materials/Wood/Wood_Beech_Honey.sbsar
Wood_Beech_MidBrown,.sbsar,Wood,no,yes,Substance_Database_2.1/Substance_Database_2.1_Procedural_Sbsar,Substance_Database_2.1/Substance_Database_2.1_Procedural_Sbsar/Classic_Materials/Wood/Wood_Beech_MidBrown.sbsar
Wood_Beech_MysticBrown,.sbsar,Wood,no,yes,Substance_Database_2.1/Substance_Database_2.1_Procedural_Sbsar,Substance_Database_2.1/Substance_Database_2.1_Procedural_Sbsar/Classic_Materials/Wood/Wood_Beech_MysticBrown.sbsar
Wood_Beech_Natural,.sbsar,Wood,no,yes,Substance_Database_2.1/Substance_Database_2.1_Procedural_Sbsar,Substance_Database_2.1/Substance_Database_2.1_Procedural_Sbsar/Classic_Materials/Wood/Wood_Beech_Natural.sbsar
Wood_Beech_ToastBrown,.sbsar,Wood,no,yes,Substance_Database_2.1/Substance_Database_2.1_Procedural_Sbsar,Substance_Database_2.1/Substance_Database_2.1_Procedural_Sbsar/Classic_Materials/Wood/Wood_Beech_ToastBrown.sbsar
Wood_Chipboard,.sbsar,Wood,no,yes,Substance_Database_2.1/Substance_Database_2.1_Procedural_Sbsar,Substance_Database_2.1/Substance_Database_2.1_Procedural_Sbsar/Classic_Materials/Wood/Wood_Chipboard.sbsar
Wood_Pine,.sbsar,Wood,no,yes,Substance_Database_2.1/Substance_Database_2.1_Procedural_Sbsar,Substance_Database_2.1/Substance_Database_2.1_Procedural_Sbsar/Classic_Materials/Wood/Wood_Pine.sbsar
wood_planks_001,.sbsar,Wood,no,yes,Substance_Database_2.1/Substance_Database_2.1_Procedural_Sbsar,Substance_Database_2.1/Substance_Database_2.1_Procedural_Sbsar/Classic_Materials/Wood/wood_planks_001.sbsar
Wood_Planks_01,.sbsar,Wood,no,yes,Substance_Database_2.1/Substance_Database_2.1_Procedural_Sbsar,Substance_Database_2.1/Substance_Database_2.1_Procedural_Sbsar/Classic_Materials/Wood/Wood_Planks_01.sbsar
Wood_Planks_02,.sbsar,Wood,no,yes,Substance_Database_2.1/Substance_Database_2.1_Procedural_Sbsar,Substance_Database_2.1/Substance_Database_2.1_Procedural_Sbsar/Classic_Materials/Wood/Wood_Planks_02.sbsar
Wood_Rhododendron,.sbsar,Wood,no,yes,Substance_Database_2.1/Substance_Database_2.1_Procedural_Sbsar,Substance_Database_2.1/Substance_Database_2.1_Procedural_Sbsar/Classic_Materials/Wood/Wood_Rhododendron.sbsar
Wood_White_Cedar,.sbsar,Wood,no,yes,Substance_Database_2.1/Substance_Database_2.1_Procedural_Sbsar,Substance_Database_2.1/Substance_Database_2.1_Procedural_Sbsar/Classic_Materials/Wood/Wood_White_Cedar.sbsar
brick_wall_001,.sbsar,Brick/Masonry/Wall,no,yes,Substance_Database_2.1/Substance_Database_2.1_Procedural_Sbsar,Substance_Database_2.1/Substance_Database_2.1_Procedural_Sbsar/PBR_Materials/Bricks/brick_wall_001.sbsar
bricks_001,.sbsar,Brick/Masonry/Wall,no,yes,Substance_Database_2.1/Substance_Database_2.1_Procedural_Sbsar,Substance_Database_2.1/Substance_Database_2.1_Procedural_Sbsar/PBR_Materials/Bricks/bricks_001.sbsar
bricks_002,.sbsar,Brick/Masonry/Wall,no,yes,Substance_Database_2.1/Substance_Database_2.1_Procedural_Sbsar,Substance_Database_2.1/Substance_Database_2.1_Procedural_Sbsar/PBR_Materials/Bricks/bricks_002.sbsar
bricks_003,.sbsar,Brick/Masonry/Wall,no,yes,Substance_Database_2.1/Substance_Database_2.1_Procedural_Sbsar,Substance_Database_2.1/Substance_Database_2.1_Procedural_Sbsar/PBR_Materials/Bricks/bricks_003.sbsar
bricks_004,.sbsar,Brick/Masonry/Wall,no,yes,Substance_Database_2.1/Substance_Database_2.1_Procedural_Sbsar,Substance_Database_2.1/Substance_Database_2.1_Procedural_Sbsar/PBR_Materials/Bricks/bricks_004.sbsar
bricks_005,.sbsar,Brick/Masonry/Wall,no,yes,Substance_Database_2.1/Substance_Database_2.1_Procedural_Sbsar,Substance_Database_2.1/Substance_Database_2.1_Procedural_Sbsar/PBR_Materials/Bricks/bricks_005.sbsar
bricks_008,.sbsar,Brick/Masonry/Wall,no,yes,Substance_Database_2.1/Substance_Database_2.1_Procedural_Sbsar,Substance_Database_2.1/Substance_Database_2.1_Procedural_Sbsar/PBR_Materials/Bricks/bricks_008.sbsar
bricks_011,.sbsar,Brick/Masonry/Wall,no,yes,Substance_Database_2.1/Substance_Database_2.1_Procedural_Sbsar,Substance_Database_2.1/Substance_Database_2.1_Procedural_Sbsar/PBR_Materials/Bricks/bricks_011.sbsar
bricks_018,.sbsar,Brick/Masonry/Wall,no,yes,Substance_Database_2.1/Substance_Database_2.1_Procedural_Sbsar,Substance_Database_2.1/Substance_Database_2.1_Procedural_Sbsar/PBR_Materials/Bricks/bricks_018.sbsar
bricks_020,.sbsar,Brick/Masonry/Wall,no,yes,Substance_Database_2.1/Substance_Database_2.1_Procedural_Sbsar,Substance_Database_2.1/Substance_Database_2.1_Procedural_Sbsar/PBR_Materials/Bricks/bricks_020.sbsar
bricks_027,.sbsar,Brick/Masonry/Wall,no,yes,Substance_Database_2.1/Substance_Database_2.1_Procedural_Sbsar,Substance_Database_2.1/Substance_Database_2.1_Procedural_Sbsar/PBR_Materials/Bricks/bricks_027.sbsar
bricks_031,.sbsar,Brick/Masonry/Wall,no,yes,Substance_Database_2.1/Substance_Database_2.1_Procedural_Sbsar,Substance_Database_2.1/Substance_Database_2.1_Procedural_Sbsar/PBR_Materials/Bricks/bricks_031.sbsar
bricks_034,.sbsar,Brick/Masonry/Wall,no,yes,Substance_Database_2.1/Substance_Database_2.1_Procedural_Sbsar,Substance_Database_2.1/Substance_Database_2.1_Procedural_Sbsar/PBR_Materials/Bricks/bricks_034.sbsar
rock_wall_004,.sbsar,Brick/Masonry/Wall,no,yes,Substance_Database_2.1/Substance_Database_2.1_Procedural_Sbsar,Substance_Database_2.1/Substance_Database_2.1_Procedural_Sbsar/PBR_Materials/Bricks/rock_wall_004.sbsar
rock_wall_005,.sbsar,Brick/Masonry/Wall,no,yes,Substance_Database_2.1/Substance_Database_2.1_Procedural_Sbsar,Substance_Database_2.1/Substance_Database_2.1_Procedural_Sbsar/PBR_Materials/Bricks/rock_wall_005.sbsar
door_001,.sbsar,Brick/Masonry/Wall,no,yes,Substance_Database_2.1/Substance_Database_2.1_Procedural_Sbsar,Substance_Database_2.1/Substance_Database_2.1_Procedural_Sbsar/PBR_Materials/Buildings/door_001.sbsar
house_wall_001,.sbsar,Brick/Masonry/Wall,no,yes,Substance_Database_2.1/Substance_Database_2.1_Procedural_Sbsar,Substance_Database_2.1/Substance_Database_2.1_Procedural_Sbsar/PBR_Materials/Buildings/house_wall_001.sbsar
classic_brown_concrete,.sbsar,Concrete/Plaster,no,yes,Substance_Database_2.1/Substance_Database_2.1_Procedural_Sbsar,Substance_Database_2.1/Substance_Database_2.1_Procedural_Sbsar/PBR_Materials/Concrete/classic_brown_concrete.sbsar
concrete_002,.sbsar,Concrete/Plaster,no,yes,Substance_Database_2.1/Substance_Database_2.1_Procedural_Sbsar,Substance_Database_2.1/Substance_Database_2.1_Procedural_Sbsar/PBR_Materials/Concrete/concrete_002.sbsar
concrete_003,.sbsar,Concrete/Plaster,no,yes,Substance_Database_2.1/Substance_Database_2.1_Procedural_Sbsar,Substance_Database_2.1/Substance_Database_2.1_Procedural_Sbsar/PBR_Materials/Concrete/concrete_003.sbsar
concrete_005,.sbsar,Concrete/Plaster,no,yes,Substance_Database_2.1/Substance_Database_2.1_Procedural_Sbsar,Substance_Database_2.1/Substance_Database_2.1_Procedural_Sbsar/PBR_Materials/Concrete/concrete_005.sbsar
concrete_006,.sbsar,Concrete/Plaster,no,yes,Substance_Database_2.1/Substance_Database_2.1_Procedural_Sbsar,Substance_Database_2.1/Substance_Database_2.1_Procedural_Sbsar/PBR_Materials/Concrete/concrete_006.sbsar
concrete_007,.sbsar,Concrete/Plaster,no,yes,Substance_Database_2.1/Substance_Database_2.1_Procedural_Sbsar,Substance_Database_2.1/Substance_Database_2.1_Procedural_Sbsar/PBR_Materials/Concrete/concrete_007.sbsar
concrete_010,.sbsar,Concrete/Plaster,no,yes,Substance_Database_2.1/Substance_Database_2.1_Procedural_Sbsar,Substance_Database_2.1/Substance_Database_2.1_Procedural_Sbsar/PBR_Materials/Concrete/concrete_010.sbsar
concrete_011,.sbsar,Concrete/Plaster,no,yes,Substance_Database_2.1/Substance_Database_2.1_Procedural_Sbsar,Substance_Database_2.1/Substance_Database_2.1_Procedural_Sbsar/PBR_Materials/Concrete/concrete_011.sbsar
concrete_012,.sbsar,Concrete/Plaster,no,yes,Substance_Database_2.1/Substance_Database_2.1_Procedural_Sbsar,Substance_Database_2.1/Substance_Database_2.1_Procedural_Sbsar/PBR_Materials/Concrete/concrete_012.sbsar
concrete_013,.sbsar,Concrete/Plaster,no,yes,Substance_Database_2.1/Substance_Database_2.1_Procedural_Sbsar,Substance_Database_2.1/Substance_Database_2.1_Procedural_Sbsar/PBR_Materials/Concrete/concrete_013.sbsar
concrete_014,.sbsar,Concrete/Plaster,no,yes,Substance_Database_2.1/Substance_Database_2.1_Procedural_Sbsar,Substance_Database_2.1/Substance_Database_2.1_Procedural_Sbsar/PBR_Materials/Concrete/concrete_014.sbsar
concrete_016,.sbsar,Concrete/Plaster,no,yes,Substance_Database_2.1/Substance_Database_2.1_Procedural_Sbsar,Substance_Database_2.1/Substance_Database_2.1_Procedural_Sbsar/PBR_Materials/Concrete/concrete_016.sbsar
concrete_022,.sbsar,Concrete/Plaster,no,yes,Substance_Database_2.1/Substance_Database_2.1_Procedural_Sbsar,Substance_Database_2.1/Substance_Database_2.1_Procedural_Sbsar/PBR_Materials/Concrete/concrete_022.sbsar
concrete_023,.sbsar,Concrete/Plaster,no,yes,Substance_Database_2.1/Substance_Database_2.1_Procedural_Sbsar,Substance_Database_2.1/Substance_Database_2.1_Procedural_Sbsar/PBR_Materials/Concrete/concrete_023.sbsar
concrete_026,.sbsar,Concrete/Plaster,no,yes,Substance_Database_2.1/Substance_Database_2.1_Procedural_Sbsar,Substance_Database_2.1/Substance_Database_2.1_Procedural_Sbsar/PBR_Materials/Concrete/concrete_026.sbsar
concrete_030,.sbsar,Concrete/Plaster,no,yes,Substance_Database_2.1/Substance_Database_2.1_Procedural_Sbsar,Substance_Database_2.1/Substance_Database_2.1_Procedural_Sbsar/PBR_Materials/Concrete/concrete_030.sbsar
concrete_031,.sbsar,Concrete/Plaster,no,yes,Substance_Database_2.1/Substance_Database_2.1_Procedural_Sbsar,Substance_Database_2.1/Substance_Database_2.1_Procedural_Sbsar/PBR_Materials/Concrete/concrete_031.sbsar
concrete_044,.sbsar,Concrete/Plaster,no,yes,Substance_Database_2.1/Substance_Database_2.1_Procedural_Sbsar,Substance_Database_2.1/Substance_Database_2.1_Procedural_Sbsar/PBR_Materials/Concrete/concrete_044.sbsar
concrete_045,.sbsar,Concrete/Plaster,no,yes,Substance_Database_2.1/Substance_Database_2.1_Procedural_Sbsar,Substance_Database_2.1/Substance_Database_2.1_Procedural_Sbsar/PBR_Materials/Concrete/concrete_045.sbsar
concrete_047,.sbsar,Concrete/Plaster,no,yes,Substance_Database_2.1/Substance_Database_2.1_Procedural_Sbsar,Substance_Database_2.1/Substance_Database_2.1_Procedural_Sbsar/PBR_Materials/Concrete/concrete_047.sbsar
concrete_049,.sbsar,Concrete/Plaster,no,yes,Substance_Database_2.1/Substance_Database_2.1_Procedural_Sbsar,Substance_Database_2.1/Substance_Database_2.1_Procedural_Sbsar/PBR_Materials/Concrete/concrete_049.sbsar
concrete_056,.sbsar,Concrete/Plaster,no,yes,Substance_Database_2.1/Substance_Database_2.1_Procedural_Sbsar,Substance_Database_2.1/Substance_Database_2.1_Procedural_Sbsar/PBR_Materials/Concrete/concrete_056.sbsar
concrete_069,.sbsar,Concrete/Plaster,no,yes,Substance_Database_2.1/Substance_Database_2.1_Procedural_Sbsar,Substance_Database_2.1/Substance_Database_2.1_Procedural_Sbsar/PBR_Materials/Concrete/concrete_069.sbsar
concrete_070,.sbsar,Concrete/Plaster,no,yes,Substance_Database_2.1/Substance_Database_2.1_Procedural_Sbsar,Substance_Database_2.1/Substance_Database_2.1_Procedural_Sbsar/PBR_Materials/Concrete/concrete_070.sbsar
concrete_073,.sbsar,Concrete/Plaster,no,yes,Substance_Database_2.1/Substance_Database_2.1_Procedural_Sbsar,Substance_Database_2.1/Substance_Database_2.1_Procedural_Sbsar/PBR_Materials/Concrete/concrete_073.sbsar
concrete_079,.sbsar,Concrete/Plaster,no,yes,Substance_Database_2.1/Substance_Database_2.1_Procedural_Sbsar,Substance_Database_2.1/Substance_Database_2.1_Procedural_Sbsar/PBR_Materials/Concrete/concrete_079.sbsar
concrete_081,.sbsar,Concrete/Plaster,no,yes,Substance_Database_2.1/Substance_Database_2.1_Procedural_Sbsar,Substance_Database_2.1/Substance_Database_2.1_Procedural_Sbsar/PBR_Materials/Concrete/concrete_081.sbsar
concrete_083,.sbsar,Concrete/Plaster,no,yes,Substance_Database_2.1/Substance_Database_2.1_Procedural_Sbsar,Substance_Database_2.1/Substance_Database_2.1_Procedural_Sbsar/PBR_Materials/Concrete/concrete_083.sbsar
concrete_084,.sbsar,Concrete/Plaster,no,yes,Substance_Database_2.1/Substance_Database_2.1_Procedural_Sbsar,Substance_Database_2.1/Substance_Database_2.1_Procedural_Sbsar/PBR_Materials/Concrete/concrete_084.sbsar
concrete_085,.sbsar,Concrete/Plaster,no,yes,Substance_Database_2.1/Substance_Database_2.1_Procedural_Sbsar,Substance_Database_2.1/Substance_Database_2.1_Procedural_Sbsar/PBR_Materials/Concrete/concrete_085.sbsar
modern_concrete_001,.sbsar,Concrete/Plaster,no,yes,Substance_Database_2.1/Substance_Database_2.1_Procedural_Sbsar,Substance_Database_2.1/Substance_Database_2.1_Procedural_Sbsar/PBR_Materials/Concrete/modern_concrete_001.sbsar
painted_concrete,.sbsar,Concrete/Plaster,no,yes,Substance_Database_2.1/Substance_Database_2.1_Procedural_Sbsar,Substance_Database_2.1/Substance_Database_2.1_Procedural_Sbsar/PBR_Materials/Concrete/painted_concrete.sbsar
poured_concrete,.sbsar,Concrete/Plaster,no,yes,Substance_Database_2.1/Substance_Database_2.1_Procedural_Sbsar,Substance_Database_2.1/Substance_Database_2.1_Procedural_Sbsar/PBR_Materials/Concrete/poured_concrete.sbsar
rough_concrete_with_lines,.sbsar,Concrete/Plaster,no,yes,Substance_Database_2.1/Substance_Database_2.1_Procedural_Sbsar,Substance_Database_2.1/Substance_Database_2.1_Procedural_Sbsar/PBR_Materials/Concrete/rough_concrete_with_lines.sbsar
scratched_concrete,.sbsar,Concrete/Plaster,no,yes,Substance_Database_2.1/Substance_Database_2.1_Procedural_Sbsar,Substance_Database_2.1/Substance_Database_2.1_Procedural_Sbsar/PBR_Materials/Concrete/scratched_concrete.sbsar
stripes_001,.sbsar,Concrete/Plaster,no,yes,Substance_Database_2.1/Substance_Database_2.1_Procedural_Sbsar,Substance_Database_2.1/Substance_Database_2.1_Procedural_Sbsar/PBR_Materials/Concrete/stripes_001.sbsar
camouflage_001,.sbsar,Fabric/Leather,no,yes,Substance_Database_2.1/Substance_Database_2.1_Procedural_Sbsar,Substance_Database_2.1/Substance_Database_2.1_Procedural_Sbsar/PBR_Materials/Fabric/camouflage_001.sbsar
carpet_001,.sbsar,Fabric/Leather,no,yes,Substance_Database_2.1/Substance_Database_2.1_Procedural_Sbsar,Substance_Database_2.1/Substance_Database_2.1_Procedural_Sbsar/PBR_Materials/Fabric/carpet_001.sbsar
fabric_002,.sbsar,Fabric/Leather,no,yes,Substance_Database_2.1/Substance_Database_2.1_Procedural_Sbsar,Substance_Database_2.1/Substance_Database_2.1_Procedural_Sbsar/PBR_Materials/Fabric/fabric_002.sbsar
fabric_005,.sbsar,Fabric/Leather,no,yes,Substance_Database_2.1/Substance_Database_2.1_Procedural_Sbsar,Substance_Database_2.1/Substance_Database_2.1_Procedural_Sbsar/PBR_Materials/Fabric/fabric_005.sbsar
fabric_009,.sbsar,Fabric/Leather,no,yes,Substance_Database_2.1/Substance_Database_2.1_Procedural_Sbsar,Substance_Database_2.1/Substance_Database_2.1_Procedural_Sbsar/PBR_Materials/Fabric/fabric_009.sbsar
fabric_013,.sbsar,Fabric/Leather,no,yes,Substance_Database_2.1/Substance_Database_2.1_Procedural_Sbsar,Substance_Database_2.1/Substance_Database_2.1_Procedural_Sbsar/PBR_Materials/Fabric/fabric_013.sbsar
fabric_017,.sbsar,Fabric/Leather,no,yes,Substance_Database_2.1/Substance_Database_2.1_Procedural_Sbsar,Substance_Database_2.1/Substance_Database_2.1_Procedural_Sbsar/PBR_Materials/Fabric/fabric_017.sbsar
fabric_018,.sbsar,Fabric/Leather,no,yes,Substance_Database_2.1/Substance_Database_2.1_Procedural_Sbsar,Substance_Database_2.1/Substance_Database_2.1_Procedural_Sbsar/PBR_Materials/Fabric/fabric_018.sbsar
fabric_020,.sbsar,Fabric/Leather,no,yes,Substance_Database_2.1/Substance_Database_2.1_Procedural_Sbsar,Substance_Database_2.1/Substance_Database_2.1_Procedural_Sbsar/PBR_Materials/Fabric/fabric_020.sbsar
fabric_022,.sbsar,Fabric/Leather,no,yes,Substance_Database_2.1/Substance_Database_2.1_Procedural_Sbsar,Substance_Database_2.1/Substance_Database_2.1_Procedural_Sbsar/PBR_Materials/Fabric/fabric_022.sbsar
fabric_025,.sbsar,Fabric/Leather,no,yes,Substance_Database_2.1/Substance_Database_2.1_Procedural_Sbsar,Substance_Database_2.1/Substance_Database_2.1_Procedural_Sbsar/PBR_Materials/Fabric/fabric_025.sbsar
fabric_026,.sbsar,Fabric/Leather,no,yes,Substance_Database_2.1/Substance_Database_2.1_Procedural_Sbsar,Substance_Database_2.1/Substance_Database_2.1_Procedural_Sbsar/PBR_Materials/Fabric/fabric_026.sbsar
fabric_027,.sbsar,Fabric/Leather,no,yes,Substance_Database_2.1/Substance_Database_2.1_Procedural_Sbsar,Substance_Database_2.1/Substance_Database_2.1_Procedural_Sbsar/PBR_Materials/Fabric/fabric_027.sbsar
fabric_029,.sbsar,Fabric/Leather,no,yes,Substance_Database_2.1/Substance_Database_2.1_Procedural_Sbsar,Substance_Database_2.1/Substance_Database_2.1_Procedural_Sbsar/PBR_Materials/Fabric/fabric_029.sbsar
fabric_036,.sbsar,Fabric/Leather,no,yes,Substance_Database_2.1/Substance_Database_2.1_Procedural_Sbsar,Substance_Database_2.1/Substance_Database_2.1_Procedural_Sbsar/PBR_Materials/Fabric/fabric_036.sbsar
fabric_cotton,.sbsar,Fabric/Leather,no,yes,Substance_Database_2.1/Substance_Database_2.1_Procedural_Sbsar,Substance_Database_2.1/Substance_Database_2.1_Procedural_Sbsar/PBR_Materials/Fabric/fabric_cotton.sbsar
fabric_gingham,.sbsar,Fabric/Leather,no,yes,Substance_Database_2.1/Substance_Database_2.1_Procedural_Sbsar,Substance_Database_2.1/Substance_Database_2.1_Procedural_Sbsar/PBR_Materials/Fabric/fabric_gingham.sbsar
fabric_knitted_wool,.sbsar,Fabric/Leather,no,yes,Substance_Database_2.1/Substance_Database_2.1_Procedural_Sbsar,Substance_Database_2.1/Substance_Database_2.1_Procedural_Sbsar/PBR_Materials/Fabric/fabric_knitted_wool.sbsar
fabric_polo_002,.sbsar,Fabric/Leather,no,yes,Substance_Database_2.1/Substance_Database_2.1_Procedural_Sbsar,Substance_Database_2.1/Substance_Database_2.1_Procedural_Sbsar/PBR_Materials/Fabric/fabric_polo_002.sbsar
fabric_silk,.sbsar,Fabric/Leather,no,yes,Substance_Database_2.1/Substance_Database_2.1_Procedural_Sbsar,Substance_Database_2.1/Substance_Database_2.1_Procedural_Sbsar/PBR_Materials/Fabric/fabric_silk.sbsar
fabric_square_pattern,.sbsar,Fabric/Leather,no,yes,Substance_Database_2.1/Substance_Database_2.1_Procedural_Sbsar,Substance_Database_2.1/Substance_Database_2.1_Procedural_Sbsar/PBR_Materials/Fabric/fabric_square_pattern.sbsar
fabric_wool_fluffy,.sbsar,Fabric/Leather,no,yes,Substance_Database_2.1/Substance_Database_2.1_Procedural_Sbsar,Substance_Database_2.1/Substance_Database_2.1_Procedural_Sbsar/PBR_Materials/Fabric/fabric_wool_fluffy.sbsar
leather_001,.sbsar,Fabric/Leather,no,yes,Substance_Database_2.1/Substance_Database_2.1_Procedural_Sbsar,Substance_Database_2.1/Substance_Database_2.1_Procedural_Sbsar/PBR_Materials/Fabric/leather_001.sbsar
leather_classic,.sbsar,Fabric/Leather,no,yes,Substance_Database_2.1/Substance_Database_2.1_Procedural_Sbsar,Substance_Database_2.1/Substance_Database_2.1_Procedural_Sbsar/PBR_Materials/Fabric/leather_classic.sbsar
rug_001,.sbsar,Fabric/Leather,no,yes,Substance_Database_2.1/Substance_Database_2.1_Procedural_Sbsar,Substance_Database_2.1/Substance_Database_2.1_Procedural_Sbsar/PBR_Materials/Fabric/rug_001.sbsar
shoes_leather,.sbsar,Fabric/Leather,no,yes,Substance_Database_2.1/Substance_Database_2.1_Procedural_Sbsar,Substance_Database_2.1/Substance_Database_2.1_Procedural_Sbsar/PBR_Materials/Fabric/shoes_leather.sbsar
shoes_turned_leather,.sbsar,Fabric/Leather,no,yes,Substance_Database_2.1/Substance_Database_2.1_Procedural_Sbsar,Substance_Database_2.1/Substance_Database_2.1_Procedural_Sbsar/PBR_Materials/Fabric/shoes_turned_leather.sbsar
toasted_bread,.sbsar,Other,no,yes,Substance_Database_2.1/Substance_Database_2.1_Procedural_Sbsar,Substance_Database_2.1/Substance_Database_2.1_Procedural_Sbsar/PBR_Materials/Food/toasted_bread.sbsar
circle_pavement,.sbsar,Pavement/Tiles/Floor,no,yes,Substance_Database_2.1/Substance_Database_2.1_Procedural_Sbsar,Substance_Database_2.1/Substance_Database_2.1_Procedural_Sbsar/PBR_Materials/Ground/circle_pavement.sbsar
dry_ground_002,.sbsar,Ground/Soil/Sand/Gravel,no,yes,Substance_Database_2.1/Substance_Database_2.1_Procedural_Sbsar,Substance_Database_2.1/Substance_Database_2.1_Procedural_Sbsar/PBR_Materials/Ground/dry_ground_002.sbsar
gravel,.sbsar,Ground/Soil/Sand/Gravel,no,yes,Substance_Database_2.1/Substance_Database_2.1_Procedural_Sbsar,Substance_Database_2.1/Substance_Database_2.1_Procedural_Sbsar/PBR_Materials/Ground/gravel.sbsar
ground_002,.sbsar,Ground/Soil/Sand/Gravel,no,yes,Substance_Database_2.1/Substance_Database_2.1_Procedural_Sbsar,Substance_Database_2.1/Substance_Database_2.1_Procedural_Sbsar/PBR_Materials/Ground/ground_002.sbsar
ground_003,.sbsar,Ground/Soil/Sand/Gravel,no,yes,Substance_Database_2.1/Substance_Database_2.1_Procedural_Sbsar,Substance_Database_2.1/Substance_Database_2.1_Procedural_Sbsar/PBR_Materials/Ground/ground_003.sbsar
ground_004,.sbsar,Ground/Soil/Sand/Gravel,no,yes,Substance_Database_2.1/Substance_Database_2.1_Procedural_Sbsar,Substance_Database_2.1/Substance_Database_2.1_Procedural_Sbsar/PBR_Materials/Ground/ground_004.sbsar
ground_005,.sbsar,Ground/Soil/Sand/Gravel,no,yes,Substance_Database_2.1/Substance_Database_2.1_Procedural_Sbsar,Substance_Database_2.1/Substance_Database_2.1_Procedural_Sbsar/PBR_Materials/Ground/ground_005.sbsar
ground_006,.sbsar,Ground/Soil/Sand/Gravel,no,yes,Substance_Database_2.1/Substance_Database_2.1_Procedural_Sbsar,Substance_Database_2.1/Substance_Database_2.1_Procedural_Sbsar/PBR_Materials/Ground/ground_006.sbsar
ground_007,.sbsar,Ground/Soil/Sand/Gravel,no,yes,Substance_Database_2.1/Substance_Database_2.1_Procedural_Sbsar,Substance_Database_2.1/Substance_Database_2.1_Procedural_Sbsar/PBR_Materials/Ground/ground_007.sbsar
ground_008,.sbsar,Ground/Soil/Sand/Gravel,no,yes,Substance_Database_2.1/Substance_Database_2.1_Procedural_Sbsar,Substance_Database_2.1/Substance_Database_2.1_Procedural_Sbsar/PBR_Materials/Ground/ground_008.sbsar
ground_010,.sbsar,Ground/Soil/Sand/Gravel,no,yes,Substance_Database_2.1/Substance_Database_2.1_Procedural_Sbsar,Substance_Database_2.1/Substance_Database_2.1_Procedural_Sbsar/PBR_Materials/Ground/ground_010.sbsar
ground_011,.sbsar,Ground/Soil/Sand/Gravel,no,yes,Substance_Database_2.1/Substance_Database_2.1_Procedural_Sbsar,Substance_Database_2.1/Substance_Database_2.1_Procedural_Sbsar/PBR_Materials/Ground/ground_011.sbsar
ground_012,.sbsar,Ground/Soil/Sand/Gravel,no,yes,Substance_Database_2.1/Substance_Database_2.1_Procedural_Sbsar,Substance_Database_2.1/Substance_Database_2.1_Procedural_Sbsar/PBR_Materials/Ground/ground_012.sbsar
ground_014,.sbsar,Ground/Soil/Sand/Gravel,no,yes,Substance_Database_2.1/Substance_Database_2.1_Procedural_Sbsar,Substance_Database_2.1/Substance_Database_2.1_Procedural_Sbsar/PBR_Materials/Ground/ground_014.sbsar
ground_015,.sbsar,Ground/Soil/Sand/Gravel,no,yes,Substance_Database_2.1/Substance_Database_2.1_Procedural_Sbsar,Substance_Database_2.1/Substance_Database_2.1_Procedural_Sbsar/PBR_Materials/Ground/ground_015.sbsar
ground_018,.sbsar,Ground/Soil/Sand/Gravel,no,yes,Substance_Database_2.1/Substance_Database_2.1_Procedural_Sbsar,Substance_Database_2.1/Substance_Database_2.1_Procedural_Sbsar/PBR_Materials/Ground/ground_018.sbsar
ground_021,.sbsar,Ground/Soil/Sand/Gravel,no,yes,Substance_Database_2.1/Substance_Database_2.1_Procedural_Sbsar,Substance_Database_2.1/Substance_Database_2.1_Procedural_Sbsar/PBR_Materials/Ground/ground_021.sbsar
ground_022,.sbsar,Ground/Soil/Sand/Gravel,no,yes,Substance_Database_2.1/Substance_Database_2.1_Procedural_Sbsar,Substance_Database_2.1/Substance_Database_2.1_Procedural_Sbsar/PBR_Materials/Ground/ground_022.sbsar
ground_gravel_asphalt,.sbsar,Pavement/Tiles/Floor,no,yes,Substance_Database_2.1/Substance_Database_2.1_Procedural_Sbsar,Substance_Database_2.1/Substance_Database_2.1_Procedural_Sbsar/PBR_Materials/Ground/ground_gravel_asphalt.sbsar
lawn_001,.sbsar,Organic/Nature,no,yes,Substance_Database_2.1/Substance_Database_2.1_Procedural_Sbsar,Substance_Database_2.1/Substance_Database_2.1_Procedural_Sbsar/PBR_Materials/Ground/lawn_001.sbsar
mud_001,.sbsar,Ground/Soil/Sand/Gravel,no,yes,Substance_Database_2.1/Substance_Database_2.1_Procedural_Sbsar,Substance_Database_2.1/Substance_Database_2.1_Procedural_Sbsar/PBR_Materials/Ground/mud_001.sbsar
pebbles_002,.sbsar,Rock/Stone/Cliff,no,yes,Substance_Database_2.1/Substance_Database_2.1_Procedural_Sbsar,Substance_Database_2.1/Substance_Database_2.1_Procedural_Sbsar/PBR_Materials/Ground/pebbles_002.sbsar
rough_ground,.sbsar,Ground/Soil/Sand/Gravel,no,yes,Substance_Database_2.1/Substance_Database_2.1_Procedural_Sbsar,Substance_Database_2.1/Substance_Database_2.1_Procedural_Sbsar/PBR_Materials/Ground/rough_ground.sbsar
sand_001,.sbsar,Ground/Soil/Sand/Gravel,no,yes,Substance_Database_2.1/Substance_Database_2.1_Procedural_Sbsar,Substance_Database_2.1/Substance_Database_2.1_Procedural_Sbsar/PBR_Materials/Ground/sand_001.sbsar
cane,.sbsar,Other,no,yes,Substance_Database_2.1/Substance_Database_2.1_Procedural_Sbsar,Substance_Database_2.1/Substance_Database_2.1_Procedural_Sbsar/PBR_Materials/Manmade/cane.sbsar
chainmail_antique,.sbsar,Metal,no,yes,Substance_Database_2.1/Substance_Database_2.1_Procedural_Sbsar,Substance_Database_2.1/Substance_Database_2.1_Procedural_Sbsar/PBR_Materials/Manmade/chainmail_antique.sbsar
glass,.sbsar,Other,no,yes,Substance_Database_2.1/Substance_Database_2.1_Procedural_Sbsar,Substance_Database_2.1/Substance_Database_2.1_Procedural_Sbsar/PBR_Materials/Manmade/glass.sbsar
leather_plate_armor,.sbsar,Fabric/Leather,no,yes,Substance_Database_2.1/Substance_Database_2.1_Procedural_Sbsar,Substance_Database_2.1/Substance_Database_2.1_Procedural_Sbsar/PBR_Materials/Manmade/leather_plate_armor.sbsar
metal_plate_armor,.sbsar,Metal,no,yes,Substance_Database_2.1/Substance_Database_2.1_Procedural_Sbsar,Substance_Database_2.1/Substance_Database_2.1_Procedural_Sbsar/PBR_Materials/Manmade/metal_plate_armor.sbsar
metal_scale_armor,.sbsar,Organic/Nature,no,yes,Substance_Database_2.1/Substance_Database_2.1_Procedural_Sbsar,Substance_Database_2.1/Substance_Database_2.1_Procedural_Sbsar/PBR_Materials/Manmade/metal_scale_armor.sbsar
plastic_base,.sbsar,Other,no,yes,Substance_Database_2.1/Substance_Database_2.1_Procedural_Sbsar,Substance_Database_2.1/Substance_Database_2.1_Procedural_Sbsar/PBR_Materials/Manmade/plastic_base.sbsar
shutter_001,.sbsar,Other,no,yes,Substance_Database_2.1/Substance_Database_2.1_Procedural_Sbsar,Substance_Database_2.1/Substance_Database_2.1_Procedural_Sbsar/PBR_Materials/Manmade/shutter_001.sbsar
sponge,.sbsar,Organic/Nature,no,yes,Substance_Database_2.1/Substance_Database_2.1_Procedural_Sbsar,Substance_Database_2.1/Substance_Database_2.1_Procedural_Sbsar/PBR_Materials/Manmade/sponge.sbsar
tire_001,.sbsar,Other,no,yes,Substance_Database_2.1/Substance_Database_2.1_Procedural_Sbsar,Substance_Database_2.1/Substance_Database_2.1_Procedural_Sbsar/PBR_Materials/Manmade/tire_001.sbsar
wicker_001,.sbsar,Fabric/Leather,no,yes,Substance_Database_2.1/Substance_Database_2.1_Procedural_Sbsar,Substance_Database_2.1/Substance_Database_2.1_Procedural_Sbsar/PBR_Materials/Manmade/wicker_001.sbsar
galvanized_001,.sbsar,Metal,no,yes,Substance_Database_2.1/Substance_Database_2.1_Procedural_Sbsar,Substance_Database_2.1/Substance_Database_2.1_Procedural_Sbsar/PBR_Materials/Metal/galvanized_001.sbsar
metal_002,.sbsar,Metal,no,yes,Substance_Database_2.1/Substance_Database_2.1_Procedural_Sbsar,Substance_Database_2.1/Substance_Database_2.1_Procedural_Sbsar/PBR_Materials/Metal/metal_002.sbsar
metal_003,.sbsar,Metal,no,yes,Substance_Database_2.1/Substance_Database_2.1_Procedural_Sbsar,Substance_Database_2.1/Substance_Database_2.1_Procedural_Sbsar/PBR_Materials/Metal/metal_003.sbsar
metal_006,.sbsar,Metal,no,yes,Substance_Database_2.1/Substance_Database_2.1_Procedural_Sbsar,Substance_Database_2.1/Substance_Database_2.1_Procedural_Sbsar/PBR_Materials/Metal/metal_006.sbsar
metal_aluminium,.sbsar,Metal,no,yes,Substance_Database_2.1/Substance_Database_2.1_Procedural_Sbsar,Substance_Database_2.1/Substance_Database_2.1_Procedural_Sbsar/PBR_Materials/Metal/metal_aluminium.sbsar
metal_aluminium_brushed,.sbsar,Metal,no,yes,Substance_Database_2.1/Substance_Database_2.1_Procedural_Sbsar,Substance_Database_2.1/Substance_Database_2.1_Procedural_Sbsar/PBR_Materials/Metal/metal_aluminium_brushed.sbsar
metal_brass,.sbsar,Metal,no,yes,Substance_Database_2.1/Substance_Database_2.1_Procedural_Sbsar,Substance_Database_2.1/Substance_Database_2.1_Procedural_Sbsar/PBR_Materials/Metal/metal_brass.sbsar
metal_car_paint,.sbsar,Metal,no,yes,Substance_Database_2.1/Substance_Database_2.1_Procedural_Sbsar,Substance_Database_2.1/Substance_Database_2.1_Procedural_Sbsar/PBR_Materials/Metal/metal_car_paint.sbsar
metal_copper,.sbsar,Metal,no,yes,Substance_Database_2.1/Substance_Database_2.1_Procedural_Sbsar,Substance_Database_2.1/Substance_Database_2.1_Procedural_Sbsar/PBR_Materials/Metal/metal_copper.sbsar
metal_corrugated_002,.sbsar,Metal,no,yes,Substance_Database_2.1/Substance_Database_2.1_Procedural_Sbsar,Substance_Database_2.1/Substance_Database_2.1_Procedural_Sbsar/PBR_Materials/Metal/metal_corrugated_002.sbsar
metal_floor_002,.sbsar,Pavement/Tiles/Floor,no,yes,Substance_Database_2.1/Substance_Database_2.1_Procedural_Sbsar,Substance_Database_2.1/Substance_Database_2.1_Procedural_Sbsar/PBR_Materials/Metal/metal_floor_002.sbsar
metal_floor_004,.sbsar,Pavement/Tiles/Floor,no,yes,Substance_Database_2.1/Substance_Database_2.1_Procedural_Sbsar,Substance_Database_2.1/Substance_Database_2.1_Procedural_Sbsar/PBR_Materials/Metal/metal_floor_004.sbsar
metal_floor_006,.sbsar,Pavement/Tiles/Floor,no,yes,Substance_Database_2.1/Substance_Database_2.1_Procedural_Sbsar,Substance_Database_2.1/Substance_Database_2.1_Procedural_Sbsar/PBR_Materials/Metal/metal_floor_006.sbsar
metal_gold,.sbsar,Metal,no,yes,Substance_Database_2.1/Substance_Database_2.1_Procedural_Sbsar,Substance_Database_2.1/Substance_Database_2.1_Procedural_Sbsar/PBR_Materials/Metal/metal_gold.sbsar
metal_nickel,.sbsar,Metal,no,yes,Substance_Database_2.1/Substance_Database_2.1_Procedural_Sbsar,Substance_Database_2.1/Substance_Database_2.1_Procedural_Sbsar/PBR_Materials/Metal/metal_nickel.sbsar
metal_painted_steel,.sbsar,Metal,no,yes,Substance_Database_2.1/Substance_Database_2.1_Procedural_Sbsar,Substance_Database_2.1/Substance_Database_2.1_Procedural_Sbsar/PBR_Materials/Metal/metal_painted_steel.sbsar
metal_panels_001,.sbsar,Metal,no,yes,Substance_Database_2.1/Substance_Database_2.1_Procedural_Sbsar,Substance_Database_2.1/Substance_Database_2.1_Procedural_Sbsar/PBR_Materials/Metal/metal_panels_001.sbsar
metal_panels_002,.sbsar,Metal,no,yes,Substance_Database_2.1/Substance_Database_2.1_Procedural_Sbsar,Substance_Database_2.1/Substance_Database_2.1_Procedural_Sbsar/PBR_Materials/Metal/metal_panels_002.sbsar
metal_plate_001,.sbsar,Metal,no,yes,Substance_Database_2.1/Substance_Database_2.1_Procedural_Sbsar,Substance_Database_2.1/Substance_Database_2.1_Procedural_Sbsar/PBR_Materials/Metal/metal_plate_001.sbsar
metal_plate_004,.sbsar,Metal,no,yes,Substance_Database_2.1/Substance_Database_2.1_Procedural_Sbsar,Substance_Database_2.1/Substance_Database_2.1_Procedural_Sbsar/PBR_Materials/Metal/metal_plate_004.sbsar
metal_plate_011,.sbsar,Metal,no,yes,Substance_Database_2.1/Substance_Database_2.1_Procedural_Sbsar,Substance_Database_2.1/Substance_Database_2.1_Procedural_Sbsar/PBR_Materials/Metal/metal_plate_011.sbsar
metal_platinum,.sbsar,Metal,no,yes,Substance_Database_2.1/Substance_Database_2.1_Procedural_Sbsar,Substance_Database_2.1/Substance_Database_2.1_Procedural_Sbsar/PBR_Materials/Metal/metal_platinum.sbsar
metal_roll_up,.sbsar,Metal,no,yes,Substance_Database_2.1/Substance_Database_2.1_Procedural_Sbsar,Substance_Database_2.1/Substance_Database_2.1_Procedural_Sbsar/PBR_Materials/Metal/metal_roll_up.sbsar
metal_silver,.sbsar,Metal,no,yes,Substance_Database_2.1/Substance_Database_2.1_Procedural_Sbsar,Substance_Database_2.1/Substance_Database_2.1_Procedural_Sbsar/PBR_Materials/Metal/metal_silver.sbsar
metal_steel,.sbsar,Metal,no,yes,Substance_Database_2.1/Substance_Database_2.1_Procedural_Sbsar,Substance_Database_2.1/Substance_Database_2.1_Procedural_Sbsar/PBR_Materials/Metal/metal_steel.sbsar
metal_steel_brushed,.sbsar,Metal,no,yes,Substance_Database_2.1/Substance_Database_2.1_Procedural_Sbsar,Substance_Database_2.1/Substance_Database_2.1_Procedural_Sbsar/PBR_Materials/Metal/metal_steel_brushed.sbsar
metal_steel_bumped,.sbsar,Metal,no,yes,Substance_Database_2.1/Substance_Database_2.1_Procedural_Sbsar,Substance_Database_2.1/Substance_Database_2.1_Procedural_Sbsar/PBR_Materials/Metal/metal_steel_bumped.sbsar
metal_steel_parkerized,.sbsar,Metal,no,yes,Substance_Database_2.1/Substance_Database_2.1_Procedural_Sbsar,Substance_Database_2.1/Substance_Database_2.1_Procedural_Sbsar/PBR_Materials/Metal/metal_steel_parkerized.sbsar
metal_titanium,.sbsar,Metal,no,yes,Substance_Database_2.1/Substance_Database_2.1_Procedural_Sbsar,Substance_Database_2.1/Substance_Database_2.1_Procedural_Sbsar/PBR_Materials/Metal/metal_titanium.sbsar
metal_used,.sbsar,Metal,no,yes,Substance_Database_2.1/Substance_Database_2.1_Procedural_Sbsar,Substance_Database_2.1/Substance_Database_2.1_Procedural_Sbsar/PBR_Materials/Metal/metal_used.sbsar
metal_weapon,.sbsar,Metal,no,yes,Substance_Database_2.1/Substance_Database_2.1_Procedural_Sbsar,Substance_Database_2.1/Substance_Database_2.1_Procedural_Sbsar/PBR_Materials/Metal/metal_weapon.sbsar
metal_woven,.sbsar,Fabric/Leather,no,yes,Substance_Database_2.1/Substance_Database_2.1_Procedural_Sbsar,Substance_Database_2.1/Substance_Database_2.1_Procedural_Sbsar/PBR_Materials/Metal/metal_woven.sbsar
bark_003,.sbsar,Organic/Nature,no,yes,Substance_Database_2.1/Substance_Database_2.1_Procedural_Sbsar,Substance_Database_2.1/Substance_Database_2.1_Procedural_Sbsar/PBR_Materials/Nature/bark_003.sbsar
bark_004,.sbsar,Organic/Nature,no,yes,Substance_Database_2.1/Substance_Database_2.1_Procedural_Sbsar,Substance_Database_2.1/Substance_Database_2.1_Procedural_Sbsar/PBR_Materials/Nature/bark_004.sbsar
flower_grass,.sbsar,Organic/Nature,no,yes,Substance_Database_2.1/Substance_Database_2.1_Procedural_Sbsar,Substance_Database_2.1/Substance_Database_2.1_Procedural_Sbsar/PBR_Materials/Nature/flower_grass.sbsar
forest_ground_001,.sbsar,Organic/Nature,no,yes,Substance_Database_2.1/Substance_Database_2.1_Procedural_Sbsar,Substance_Database_2.1/Substance_Database_2.1_Procedural_Sbsar/PBR_Materials/Nature/forest_ground_001.sbsar
crocodile_skin,.sbsar,Organic/Nature,no,yes,Substance_Database_2.1/Substance_Database_2.1_Procedural_Sbsar,Substance_Database_2.1/Substance_Database_2.1_Procedural_Sbsar/PBR_Materials/Organic/crocodile_skin.sbsar
eye,.sbsar,Organic/Nature,no,yes,Substance_Database_2.1/Substance_Database_2.1_Procedural_Sbsar,Substance_Database_2.1/Substance_Database_2.1_Procedural_Sbsar/PBR_Materials/Organic/eye.sbsar
hair_001,.sbsar,Organic/Nature,no,yes,Substance_Database_2.1/Substance_Database_2.1_Procedural_Sbsar,Substance_Database_2.1/Substance_Database_2.1_Procedural_Sbsar/PBR_Materials/Organic/hair_001.sbsar
hair_002,.sbsar,Organic/Nature,no,yes,Substance_Database_2.1/Substance_Database_2.1_Procedural_Sbsar,Substance_Database_2.1/Substance_Database_2.1_Procedural_Sbsar/PBR_Materials/Organic/hair_002.sbsar
hair_003,.sbsar,Organic/Nature,no,yes,Substance_Database_2.1/Substance_Database_2.1_Procedural_Sbsar,Substance_Database_2.1/Substance_Database_2.1_Procedural_Sbsar/PBR_Materials/Organic/hair_003.sbsar
lips,.sbsar,Organic/Nature,no,yes,Substance_Database_2.1/Substance_Database_2.1_Procedural_Sbsar,Substance_Database_2.1/Substance_Database_2.1_Procedural_Sbsar/PBR_Materials/Organic/lips.sbsar
zebra_skin,.sbsar,Organic/Nature,no,yes,Substance_Database_2.1/Substance_Database_2.1_Procedural_Sbsar,Substance_Database_2.1/Substance_Database_2.1_Procedural_Sbsar/PBR_Materials/Organic/zebra_skin.sbsar
cardboard_001,.sbsar,Other,no,yes,Substance_Database_2.1/Substance_Database_2.1_Procedural_Sbsar,Substance_Database_2.1/Substance_Database_2.1_Procedural_Sbsar/PBR_Materials/Paper/cardboard_001.sbsar
drawing_paper_001,.sbsar,Other,no,yes,Substance_Database_2.1/Substance_Database_2.1_Procedural_Sbsar,Substance_Database_2.1/Substance_Database_2.1_Procedural_Sbsar/PBR_Materials/Paper/drawing_paper_001.sbsar
enveloppe_001,.sbsar,Other,no,yes,Substance_Database_2.1/Substance_Database_2.1_Procedural_Sbsar,Substance_Database_2.1/Substance_Database_2.1_Procedural_Sbsar/PBR_Materials/Paper/enveloppe_001.sbsar
gold_paper,.sbsar,Metal,no,yes,Substance_Database_2.1/Substance_Database_2.1_Procedural_Sbsar,Substance_Database_2.1/Substance_Database_2.1_Procedural_Sbsar/PBR_Materials/Paper/gold_paper.sbsar
paper_001,.sbsar,Other,no,yes,Substance_Database_2.1/Substance_Database_2.1_Procedural_Sbsar,Substance_Database_2.1/Substance_Database_2.1_Procedural_Sbsar/PBR_Materials/Paper/paper_001.sbsar
paper_005,.sbsar,Other,no,yes,Substance_Database_2.1/Substance_Database_2.1_Procedural_Sbsar,Substance_Database_2.1/Substance_Database_2.1_Procedural_Sbsar/PBR_Materials/Paper/paper_005.sbsar
paper_006,.sbsar,Other,no,yes,Substance_Database_2.1/Substance_Database_2.1_Procedural_Sbsar,Substance_Database_2.1/Substance_Database_2.1_Procedural_Sbsar/PBR_Materials/Paper/paper_006.sbsar
school_paper,.sbsar,Other,no,yes,Substance_Database_2.1/Substance_Database_2.1_Procedural_Sbsar,Substance_Database_2.1/Substance_Database_2.1_Procedural_Sbsar/PBR_Materials/Paper/school_paper.sbsar
concrete_pavement,.sbsar,Concrete/Plaster,no,yes,Substance_Database_2.1/Substance_Database_2.1_Procedural_Sbsar,Substance_Database_2.1/Substance_Database_2.1_Procedural_Sbsar/PBR_Materials/Pavement/concrete_pavement.sbsar
pavement_001,.sbsar,Pavement/Tiles/Floor,no,yes,Substance_Database_2.1/Substance_Database_2.1_Procedural_Sbsar,Substance_Database_2.1/Substance_Database_2.1_Procedural_Sbsar/PBR_Materials/Pavement/pavement_001.sbsar
pavement_002,.sbsar,Pavement/Tiles/Floor,no,yes,Substance_Database_2.1/Substance_Database_2.1_Procedural_Sbsar,Substance_Database_2.1/Substance_Database_2.1_Procedural_Sbsar/PBR_Materials/Pavement/pavement_002.sbsar
pavement_003,.sbsar,Pavement/Tiles/Floor,no,yes,Substance_Database_2.1/Substance_Database_2.1_Procedural_Sbsar,Substance_Database_2.1/Substance_Database_2.1_Procedural_Sbsar/PBR_Materials/Pavement/pavement_003.sbsar
pavement_004,.sbsar,Pavement/Tiles/Floor,no,yes,Substance_Database_2.1/Substance_Database_2.1_Procedural_Sbsar,Substance_Database_2.1/Substance_Database_2.1_Procedural_Sbsar/PBR_Materials/Pavement/pavement_004.sbsar
pavement_005,.sbsar,Pavement/Tiles/Floor,no,yes,Substance_Database_2.1/Substance_Database_2.1_Procedural_Sbsar,Substance_Database_2.1/Substance_Database_2.1_Procedural_Sbsar/PBR_Materials/Pavement/pavement_005.sbsar
pavement_path,.sbsar,Pavement/Tiles/Floor,no,yes,Substance_Database_2.1/Substance_Database_2.1_Procedural_Sbsar,Substance_Database_2.1/Substance_Database_2.1_Procedural_Sbsar/PBR_Materials/Pavement/pavement_path.sbsar
stucco_001,.sbsar,Concrete/Plaster,no,yes,Substance_Database_2.1/Substance_Database_2.1_Procedural_Sbsar,Substance_Database_2.1/Substance_Database_2.1_Procedural_Sbsar/PBR_Materials/Plaster/stucco_001.sbsar
road_001,.sbsar,Pavement/Tiles/Floor,no,yes,Substance_Database_2.1/Substance_Database_2.1_Procedural_Sbsar,Substance_Database_2.1/Substance_Database_2.1_Procedural_Sbsar/PBR_Materials/Roads/road_001.sbsar
road_tarmac_001,.sbsar,Pavement/Tiles/Floor,no,yes,Substance_Database_2.1/Substance_Database_2.1_Procedural_Sbsar,Substance_Database_2.1/Substance_Database_2.1_Procedural_Sbsar/PBR_Materials/Roads/road_tarmac_001.sbsar
roofing_002,.sbsar,Pavement/Tiles/Floor,no,yes,Substance_Database_2.1/Substance_Database_2.1_Procedural_Sbsar,Substance_Database_2.1/Substance_Database_2.1_Procedural_Sbsar/PBR_Materials/Roofing/roofing_002.sbsar
roofing_004,.sbsar,Pavement/Tiles/Floor,no,yes,Substance_Database_2.1/Substance_Database_2.1_Procedural_Sbsar,Substance_Database_2.1/Substance_Database_2.1_Procedural_Sbsar/PBR_Materials/Roofing/roofing_004.sbsar
roofing_005,.sbsar,Pavement/Tiles/Floor,no,yes,Substance_Database_2.1/Substance_Database_2.1_Procedural_Sbsar,Substance_Database_2.1/Substance_Database_2.1_Procedural_Sbsar/PBR_Materials/Roofing/roofing_005.sbsar
roofing_009,.sbsar,Pavement/Tiles/Floor,no,yes,Substance_Database_2.1/Substance_Database_2.1_Procedural_Sbsar,Substance_Database_2.1/Substance_Database_2.1_Procedural_Sbsar/PBR_Materials/Roofing/roofing_009.sbsar
sci_fi_001,.sbsar,Sci-fi/Tech,no,yes,Substance_Database_2.1/Substance_Database_2.1_Procedural_Sbsar,Substance_Database_2.1/Substance_Database_2.1_Procedural_Sbsar/PBR_Materials/Sci-Fi/sci_fi_001.sbsar
sci_fi_002,.sbsar,Sci-fi/Tech,no,yes,Substance_Database_2.1/Substance_Database_2.1_Procedural_Sbsar,Substance_Database_2.1/Substance_Database_2.1_Procedural_Sbsar/PBR_Materials/Sci-Fi/sci_fi_002.sbsar
sci_fi_003,.sbsar,Sci-fi/Tech,no,yes,Substance_Database_2.1/Substance_Database_2.1_Procedural_Sbsar,Substance_Database_2.1/Substance_Database_2.1_Procedural_Sbsar/PBR_Materials/Sci-Fi/sci_fi_003.sbsar
sci_fi_004,.sbsar,Sci-fi/Tech,no,yes,Substance_Database_2.1/Substance_Database_2.1_Procedural_Sbsar,Substance_Database_2.1/Substance_Database_2.1_Procedural_Sbsar/PBR_Materials/Sci-Fi/sci_fi_004.sbsar
sci_fi_005,.sbsar,Sci-fi/Tech,no,yes,Substance_Database_2.1/Substance_Database_2.1_Procedural_Sbsar,Substance_Database_2.1/Substance_Database_2.1_Procedural_Sbsar/PBR_Materials/Sci-Fi/sci_fi_005.sbsar
sci_fi_006,.sbsar,Sci-fi/Tech,no,yes,Substance_Database_2.1/Substance_Database_2.1_Procedural_Sbsar,Substance_Database_2.1/Substance_Database_2.1_Procedural_Sbsar/PBR_Materials/Sci-Fi/sci_fi_006.sbsar
sci_fi_007,.sbsar,Sci-fi/Tech,no,yes,Substance_Database_2.1/Substance_Database_2.1_Procedural_Sbsar,Substance_Database_2.1/Substance_Database_2.1_Procedural_Sbsar/PBR_Materials/Sci-Fi/sci_fi_007.sbsar
damaged_marble,.sbsar,Rock/Stone/Cliff,no,yes,Substance_Database_2.1/Substance_Database_2.1_Procedural_Sbsar,Substance_Database_2.1/Substance_Database_2.1_Procedural_Sbsar/PBR_Materials/Stone/damaged_marble.sbsar
granite_001,.sbsar,Rock/Stone/Cliff,no,yes,Substance_Database_2.1/Substance_Database_2.1_Procedural_Sbsar,Substance_Database_2.1/Substance_Database_2.1_Procedural_Sbsar/PBR_Materials/Stone/granite_001.sbsar
marble_001,.sbsar,Rock/Stone/Cliff,no,yes,Substance_Database_2.1/Substance_Database_2.1_Procedural_Sbsar,Substance_Database_2.1/Substance_Database_2.1_Procedural_Sbsar/PBR_Materials/Stone/marble_001.sbsar
marble_002,.sbsar,Rock/Stone/Cliff,no,yes,Substance_Database_2.1/Substance_Database_2.1_Procedural_Sbsar,Substance_Database_2.1/Substance_Database_2.1_Procedural_Sbsar/PBR_Materials/Stone/marble_002.sbsar
marble_004,.sbsar,Rock/Stone/Cliff,no,yes,Substance_Database_2.1/Substance_Database_2.1_Procedural_Sbsar,Substance_Database_2.1/Substance_Database_2.1_Procedural_Sbsar/PBR_Materials/Stone/marble_004.sbsar
moss_rock,.sbsar,Organic/Nature,no,yes,Substance_Database_2.1/Substance_Database_2.1_Procedural_Sbsar,Substance_Database_2.1/Substance_Database_2.1_Procedural_Sbsar/PBR_Materials/Stone/moss_rock.sbsar
rock_001,.sbsar,Rock/Stone/Cliff,no,yes,Substance_Database_2.1/Substance_Database_2.1_Procedural_Sbsar,Substance_Database_2.1/Substance_Database_2.1_Procedural_Sbsar/PBR_Materials/Stone/rock_001.sbsar
stone_tiles_001,.sbsar,Pavement/Tiles/Floor,no,yes,Substance_Database_2.1/Substance_Database_2.1_Procedural_Sbsar,Substance_Database_2.1/Substance_Database_2.1_Procedural_Sbsar/PBR_Materials/Stone/stone_tiles_001.sbsar
stones_001,.sbsar,Rock/Stone/Cliff,no,yes,Substance_Database_2.1/Substance_Database_2.1_Procedural_Sbsar,Substance_Database_2.1/Substance_Database_2.1_Procedural_Sbsar/PBR_Materials/Stone/stones_001.sbsar
stones_005,.sbsar,Rock/Stone/Cliff,no,yes,Substance_Database_2.1/Substance_Database_2.1_Procedural_Sbsar,Substance_Database_2.1/Substance_Database_2.1_Procedural_Sbsar/PBR_Materials/Stone/stones_005.sbsar
stones_007,.sbsar,Rock/Stone/Cliff,no,yes,Substance_Database_2.1/Substance_Database_2.1_Procedural_Sbsar,Substance_Database_2.1/Substance_Database_2.1_Procedural_Sbsar/PBR_Materials/Stone/stones_007.sbsar
stones_015,.sbsar,Rock/Stone/Cliff,no,yes,Substance_Database_2.1/Substance_Database_2.1_Procedural_Sbsar,Substance_Database_2.1/Substance_Database_2.1_Procedural_Sbsar/PBR_Materials/Stone/stones_015.sbsar
stonework_001,.sbsar,Brick/Masonry/Wall,no,yes,Substance_Database_2.1/Substance_Database_2.1_Procedural_Sbsar,Substance_Database_2.1/Substance_Database_2.1_Procedural_Sbsar/PBR_Materials/Stone/stonework_001.sbsar
stonework_002,.sbsar,Brick/Masonry/Wall,no,yes,Substance_Database_2.1/Substance_Database_2.1_Procedural_Sbsar,Substance_Database_2.1/Substance_Database_2.1_Procedural_Sbsar/PBR_Materials/Stone/stonework_002.sbsar
stonework_003,.sbsar,Brick/Masonry/Wall,no,yes,Substance_Database_2.1/Substance_Database_2.1_Procedural_Sbsar,Substance_Database_2.1/Substance_Database_2.1_Procedural_Sbsar/PBR_Materials/Stone/stonework_003.sbsar
stonework_005,.sbsar,Brick/Masonry/Wall,no,yes,Substance_Database_2.1/Substance_Database_2.1_Procedural_Sbsar,Substance_Database_2.1/Substance_Database_2.1_Procedural_Sbsar/PBR_Materials/Stone/stonework_005.sbsar
stonework_006,.sbsar,Brick/Masonry/Wall,no,yes,Substance_Database_2.1/Substance_Database_2.1_Procedural_Sbsar,Substance_Database_2.1/Substance_Database_2.1_Procedural_Sbsar/PBR_Materials/Stone/stonework_006.sbsar
bronze_copper_tiles,.sbsar,Pavement/Tiles/Floor,no,yes,Substance_Database_2.1/Substance_Database_2.1_Procedural_Sbsar,Substance_Database_2.1/Substance_Database_2.1_Procedural_Sbsar/PBR_Materials/Tiles/bronze_copper_tiles.sbsar
ceramic_001,.sbsar,Pavement/Tiles/Floor,no,yes,Substance_Database_2.1/Substance_Database_2.1_Procedural_Sbsar,Substance_Database_2.1/Substance_Database_2.1_Procedural_Sbsar/PBR_Materials/Tiles/ceramic_001.sbsar
ceramic_002,.sbsar,Pavement/Tiles/Floor,no,yes,Substance_Database_2.1/Substance_Database_2.1_Procedural_Sbsar,Substance_Database_2.1/Substance_Database_2.1_Procedural_Sbsar/PBR_Materials/Tiles/ceramic_002.sbsar
ceramic_003,.sbsar,Pavement/Tiles/Floor,no,yes,Substance_Database_2.1/Substance_Database_2.1_Procedural_Sbsar,Substance_Database_2.1/Substance_Database_2.1_Procedural_Sbsar/PBR_Materials/Tiles/ceramic_003.sbsar
ceramic_004,.sbsar,Pavement/Tiles/Floor,no,yes,Substance_Database_2.1/Substance_Database_2.1_Procedural_Sbsar,Substance_Database_2.1/Substance_Database_2.1_Procedural_Sbsar/PBR_Materials/Tiles/ceramic_004.sbsar
concrete_tiles,.sbsar,Concrete/Plaster,no,yes,Substance_Database_2.1/Substance_Database_2.1_Procedural_Sbsar,Substance_Database_2.1/Substance_Database_2.1_Procedural_Sbsar/PBR_Materials/Tiles/concrete_tiles.sbsar
mosaic_001,.sbsar,Pavement/Tiles/Floor,no,yes,Substance_Database_2.1/Substance_Database_2.1_Procedural_Sbsar,Substance_Database_2.1/Substance_Database_2.1_Procedural_Sbsar/PBR_Materials/Tiles/mosaic_001.sbsar
tiles_002,.sbsar,Pavement/Tiles/Floor,no,yes,Substance_Database_2.1/Substance_Database_2.1_Procedural_Sbsar,Substance_Database_2.1/Substance_Database_2.1_Procedural_Sbsar/PBR_Materials/Tiles/tiles_002.sbsar
tiles_003,.sbsar,Pavement/Tiles/Floor,no,yes,Substance_Database_2.1/Substance_Database_2.1_Procedural_Sbsar,Substance_Database_2.1/Substance_Database_2.1_Procedural_Sbsar/PBR_Materials/Tiles/tiles_003.sbsar
tiles_005,.sbsar,Pavement/Tiles/Floor,no,yes,Substance_Database_2.1/Substance_Database_2.1_Procedural_Sbsar,Substance_Database_2.1/Substance_Database_2.1_Procedural_Sbsar/PBR_Materials/Tiles/tiles_005.sbsar
tiles_007,.sbsar,Pavement/Tiles/Floor,no,yes,Substance_Database_2.1/Substance_Database_2.1_Procedural_Sbsar,Substance_Database_2.1/Substance_Database_2.1_Procedural_Sbsar/PBR_Materials/Tiles/tiles_007.sbsar
tiles_008,.sbsar,Pavement/Tiles/Floor,no,yes,Substance_Database_2.1/Substance_Database_2.1_Procedural_Sbsar,Substance_Database_2.1/Substance_Database_2.1_Procedural_Sbsar/PBR_Materials/Tiles/tiles_008.sbsar
tiles_011,.sbsar,Pavement/Tiles/Floor,no,yes,Substance_Database_2.1/Substance_Database_2.1_Procedural_Sbsar,Substance_Database_2.1/Substance_Database_2.1_Procedural_Sbsar/PBR_Materials/Tiles/tiles_011.sbsar
tiles_020,.sbsar,Pavement/Tiles/Floor,no,yes,Substance_Database_2.1/Substance_Database_2.1_Procedural_Sbsar,Substance_Database_2.1/Substance_Database_2.1_Procedural_Sbsar/PBR_Materials/Tiles/tiles_020.sbsar
tiles_025,.sbsar,Pavement/Tiles/Floor,no,yes,Substance_Database_2.1/Substance_Database_2.1_Procedural_Sbsar,Substance_Database_2.1/Substance_Database_2.1_Procedural_Sbsar/PBR_Materials/Tiles/tiles_025.sbsar
tiles_031,.sbsar,Pavement/Tiles/Floor,no,yes,Substance_Database_2.1/Substance_Database_2.1_Procedural_Sbsar,Substance_Database_2.1/Substance_Database_2.1_Procedural_Sbsar/PBR_Materials/Tiles/tiles_031.sbsar
vintage_ceramic_tiles,.sbsar,Pavement/Tiles/Floor,no,yes,Substance_Database_2.1/Substance_Database_2.1_Procedural_Sbsar,Substance_Database_2.1/Substance_Database_2.1_Procedural_Sbsar/PBR_Materials/Tiles/vintage_ceramic_tiles.sbsar
old_painted_planks,.sbsar,Wood,no,yes,Substance_Database_2.1/Substance_Database_2.1_Procedural_Sbsar,Substance_Database_2.1/Substance_Database_2.1_Procedural_Sbsar/PBR_Materials/Wood/old_painted_planks.sbsar
painted_fence,.sbsar,Wood,no,yes,Substance_Database_2.1/Substance_Database_2.1_Procedural_Sbsar,Substance_Database_2.1/Substance_Database_2.1_Procedural_Sbsar/PBR_Materials/Wood/painted_fence.sbsar
particle_board,.sbsar,Wood,no,yes,Substance_Database_2.1/Substance_Database_2.1_Procedural_Sbsar,Substance_Database_2.1/Substance_Database_2.1_Procedural_Sbsar/PBR_Materials/Wood/particle_board.sbsar
varnished_wood,.sbsar,Wood,no,yes,Substance_Database_2.1/Substance_Database_2.1_Procedural_Sbsar,Substance_Database_2.1/Substance_Database_2.1_Procedural_Sbsar/PBR_Materials/Wood/varnished_wood.sbsar
wood_000_acajou,.sbsar,Wood,no,yes,Substance_Database_2.1/Substance_Database_2.1_Procedural_Sbsar,Substance_Database_2.1/Substance_Database_2.1_Procedural_Sbsar/PBR_Materials/Wood/wood_000_acajou.sbsar
wood_008_bosse,.sbsar,Wood,no,yes,Substance_Database_2.1/Substance_Database_2.1_Procedural_Sbsar,Substance_Database_2.1/Substance_Database_2.1_Procedural_Sbsar/PBR_Materials/Wood/wood_008_bosse.sbsar
wood_009_acajou,.sbsar,Wood,no,yes,Substance_Database_2.1/Substance_Database_2.1_Procedural_Sbsar,Substance_Database_2.1/Substance_Database_2.1_Procedural_Sbsar/PBR_Materials/Wood/wood_009_acajou.sbsar
wood_010_Bubinga,.sbsar,Wood,no,yes,Substance_Database_2.1/Substance_Database_2.1_Procedural_Sbsar,Substance_Database_2.1/Substance_Database_2.1_Procedural_Sbsar/PBR_Materials/Wood/wood_010_Bubinga.sbsar
wood_011_Cedar,.sbsar,Wood,no,yes,Substance_Database_2.1/Substance_Database_2.1_Procedural_Sbsar,Substance_Database_2.1/Substance_Database_2.1_Procedural_Sbsar/PBR_Materials/Wood/wood_011_Cedar.sbsar
wood_015_ash,.sbsar,Wood,no,yes,Substance_Database_2.1/Substance_Database_2.1_Procedural_Sbsar,Substance_Database_2.1/Substance_Database_2.1_Procedural_Sbsar/PBR_Materials/Wood/wood_015_ash.sbsar
wood_017_hemlock,.sbsar,Wood,no,yes,Substance_Database_2.1/Substance_Database_2.1_Procedural_Sbsar,Substance_Database_2.1/Substance_Database_2.1_Procedural_Sbsar/PBR_Materials/Wood/wood_017_hemlock.sbsar
wood_019_makore,.sbsar,Wood,no,yes,Substance_Database_2.1/Substance_Database_2.1_Procedural_Sbsar,Substance_Database_2.1/Substance_Database_2.1_Procedural_Sbsar/PBR_Materials/Wood/wood_019_makore.sbsar
wood_024_Walnut,.sbsar,Wood,no,yes,Substance_Database_2.1/Substance_Database_2.1_Procedural_Sbsar,Substance_Database_2.1/Substance_Database_2.1_Procedural_Sbsar/PBR_Materials/Wood/wood_024_Walnut.sbsar
wood_027_okoume,.sbsar,Wood,no,yes,Substance_Database_2.1/Substance_Database_2.1_Procedural_Sbsar,Substance_Database_2.1/Substance_Database_2.1_Procedural_Sbsar/PBR_Materials/Wood/wood_027_okoume.sbsar
wood_029_elm,.sbsar,Wood,no,yes,Substance_Database_2.1/Substance_Database_2.1_Procedural_Sbsar,Substance_Database_2.1/Substance_Database_2.1_Procedural_Sbsar/PBR_Materials/Wood/wood_029_elm.sbsar
wood_030_japanese_elm,.sbsar,Wood,no,yes,Substance_Database_2.1/Substance_Database_2.1_Procedural_Sbsar,Substance_Database_2.1/Substance_Database_2.1_Procedural_Sbsar/PBR_Materials/Wood/wood_030_japanese_elm.sbsar
wood_031_american_elm,.sbsar,Wood,no,yes,Substance_Database_2.1/Substance_Database_2.1_Procedural_Sbsar,Substance_Database_2.1/Substance_Database_2.1_Procedural_Sbsar/PBR_Materials/Wood/wood_031_american_elm.sbsar
wood_032_brazilian_palisander,.sbsar,Wood,no,yes,Substance_Database_2.1/Substance_Database_2.1_Procedural_Sbsar,Substance_Database_2.1/Substance_Database_2.1_Procedural_Sbsar/PBR_Materials/Wood/wood_032_brazilian_palisander.sbsar
wood_033_Paldao,.sbsar,Wood,no,yes,Substance_Database_2.1/Substance_Database_2.1_Procedural_Sbsar,Substance_Database_2.1/Substance_Database_2.1_Procedural_Sbsar/PBR_Materials/Wood/wood_033_Paldao.sbsar
wood_035_palisander,.sbsar,Wood,no,yes,Substance_Database_2.1/Substance_Database_2.1_Procedural_Sbsar,Substance_Database_2.1/Substance_Database_2.1_Procedural_Sbsar/PBR_Materials/Wood/wood_035_palisander.sbsar
wood_040_monterey_pine,.sbsar,Wood,no,yes,Substance_Database_2.1/Substance_Database_2.1_Procedural_Sbsar,Substance_Database_2.1/Substance_Database_2.1_Procedural_Sbsar/PBR_Materials/Wood/wood_040_monterey_pine.sbsar
wood_044_red_cedar,.sbsar,Wood,no,yes,Substance_Database_2.1/Substance_Database_2.1_Procedural_Sbsar,Substance_Database_2.1/Substance_Database_2.1_Procedural_Sbsar/PBR_Materials/Wood/wood_044_red_cedar.sbsar
wood_045_teak,.sbsar,Wood,no,yes,Substance_Database_2.1/Substance_Database_2.1_Procedural_Sbsar,Substance_Database_2.1/Substance_Database_2.1_Procedural_Sbsar/PBR_Materials/Wood/wood_045_teak.sbsar
wood_048_old,.sbsar,Wood,no,yes,Substance_Database_2.1/Substance_Database_2.1_Procedural_Sbsar,Substance_Database_2.1/Substance_Database_2.1_Procedural_Sbsar/PBR_Materials/Wood/wood_048_old.sbsar
wood_american_cherry,.sbsar,Wood,no,yes,Substance_Database_2.1/Substance_Database_2.1_Procedural_Sbsar,Substance_Database_2.1/Substance_Database_2.1_Procedural_Sbsar/PBR_Materials/Wood/wood_american_cherry.sbsar
wood_beech_chocolate_brown,.sbsar,Wood,no,yes,Substance_Database_2.1/Substance_Database_2.1_Procedural_Sbsar,Substance_Database_2.1/Substance_Database_2.1_Procedural_Sbsar/PBR_Materials/Wood/wood_beech_chocolate_brown.sbsar
wood_beech_honey,.sbsar,Wood,no,yes,Substance_Database_2.1/Substance_Database_2.1_Procedural_Sbsar,Substance_Database_2.1/Substance_Database_2.1_Procedural_Sbsar/PBR_Materials/Wood/wood_beech_honey.sbsar
wood_beech_mid_brown,.sbsar,Wood,no,yes,Substance_Database_2.1/Substance_Database_2.1_Procedural_Sbsar,Substance_Database_2.1/Substance_Database_2.1_Procedural_Sbsar/PBR_Materials/Wood/wood_beech_mid_brown.sbsar
wood_beech_toast_brown,.sbsar,Wood,no,yes,Substance_Database_2.1/Substance_Database_2.1_Procedural_Sbsar,Substance_Database_2.1/Substance_Database_2.1_Procedural_Sbsar/PBR_Materials/Wood/wood_beech_toast_brown.sbsar
wood_rhododendron,.sbsar,Wood,no,yes,Substance_Database_2.1/Substance_Database_2.1_Procedural_Sbsar,Substance_Database_2.1/Substance_Database_2.1_Procedural_Sbsar/PBR_Materials/Wood/wood_rhododendron.sbsar
wood_white_cedar,.sbsar,Wood,no,yes,Substance_Database_2.1/Substance_Database_2.1_Procedural_Sbsar,Substance_Database_2.1/Substance_Database_2.1_Procedural_Sbsar/PBR_Materials/Wood/wood_white_cedar.sbsar
Alien_Red_Weed,.sbs,Organic/Nature,no,yes,Substance_Material_Collection_V1,Substance_Material_Collection_V1/Alien_Red_Weed/Alien_Red_Weed.sbs
MultiDirectionalWarpGrayscale,.sbs,Generators/Utility,no,yes,Substance_Material_Collection_V1,Substance_Material_Collection_V1/Alien_Red_Weed/dependencies/MultiDirectionalWarpGrayscale.sbs
Black_Sand,.sbs,Ground/Soil/Sand/Gravel,no,yes,Substance_Material_Collection_V1,Substance_Material_Collection_V1/Black_Sand/Black_Sand.sbs
MultiDirectionalWarpGrayscale,.sbs,Generators/Utility,no,yes,Substance_Material_Collection_V1,Substance_Material_Collection_V1/Black_Sand/dependencies/MultiDirectionalWarpGrayscale.sbs
Brick_Wall,.sbs,Brick/Masonry/Wall,no,yes,Substance_Material_Collection_V1,Substance_Material_Collection_V1/Brick_Wall/Brick_Wall.sbs
Cooled_Lava,.sbs,Rock/Stone/Cliff,no,yes,Substance_Material_Collection_V1,Substance_Material_Collection_V1/Cooled_Lava/Cooled_Lava.sbs
MultiDirectionalWarpGrayscale,.sbs,Generators/Utility,no,yes,Substance_Material_Collection_V1,Substance_Material_Collection_V1/Cooled_Lava/dependencies/MultiDirectionalWarpGrayscale.sbs
MultiDirectionalWarpGrayscale,.sbs,Generators/Utility,no,yes,Substance_Material_Collection_V1,Substance_Material_Collection_V1/Desert_Rock/dependencies/MultiDirectionalWarpGrayscale.sbs
Desert_Rock,.sbs,Rock/Stone/Cliff,no,yes,Substance_Material_Collection_V1,Substance_Material_Collection_V1/Desert_Rock/Desert_Rock.sbs
Forest_Floor,.sbs,Organic/Nature,no,yes,Substance_Material_Collection_V1,Substance_Material_Collection_V1/Forest_Floor/Forest_Floor.sbs
MultiDirectionalWarpGrayscale,.sbs,Generators/Utility,no,yes,Substance_Material_Collection_V1,Substance_Material_Collection_V1/Jungle_Rock_face/dependencies/MultiDirectionalWarpGrayscale.sbs
Super_AO,.sbs,Generators/Utility,no,yes,Substance_Material_Collection_V1,Substance_Material_Collection_V1/Jungle_Rock_face/dependencies/Super_AO.sbs
Tropical_Flower_A,.sbs,Generators/Utility,no,yes,Substance_Material_Collection_V1,Substance_Material_Collection_V1/Jungle_Rock_face/dependencies/Tropical_Flower_A.sbs
Tropical_Leaf_A,.sbs,Generators/Utility,no,yes,Substance_Material_Collection_V1,Substance_Material_Collection_V1/Jungle_Rock_face/dependencies/Tropical_Leaf_A.sbs
Tropical_Leaf_B,.sbs,Generators/Utility,no,yes,Substance_Material_Collection_V1,Substance_Material_Collection_V1/Jungle_Rock_face/dependencies/Tropical_Leaf_B.sbs
Jungle_Rock_face,.sbs,Rock/Stone/Cliff,no,yes,Substance_Material_Collection_V1,Substance_Material_Collection_V1/Jungle_Rock_face/Jungle_Rock_face.sbs
Medieval_Stone_Wall,.sbs,Brick/Masonry/Wall,no,yes,Substance_Material_Collection_V1,Substance_Material_Collection_V1/Medieval_Stone_Wall/Medieval_Stone_Wall.sbs
Peeling_Painted_Plaster,.sbs,Concrete/Plaster,no,yes,Substance_Material_Collection_V1,Substance_Material_Collection_V1/Peeling_Painted_Plaster/Peeling_Painted_Plaster.sbs
Porous_Rock,.sbs,Rock/Stone/Cliff,no,yes,Substance_Material_Collection_V1,Substance_Material_Collection_V1/Porous_Rock/Porous_Rock.sbs
Rock,.sbs,Rock/Stone/Cliff,no,yes,Substance_Material_Collection_V1,Substance_Material_Collection_V1/Rock/Rock.sbs
MultiDirectionalWarpGrayscale,.sbs,Generators/Utility,no,yes,Substance_Material_Collection_V1,Substance_Material_Collection_V1/Rocky_Black_Sand/dependencies/MultiDirectionalWarpGrayscale.sbs
Rocky_Black_Sand,.sbs,Rock/Stone/Cliff,no,yes,Substance_Material_Collection_V1,Substance_Material_Collection_V1/Rocky_Black_Sand/Rocky_Black_Sand.sbs
MultiDirectionalWarpGrayscale,.sbs,Generators/Utility,no,yes,Substance_Material_Collection_V1,Substance_Material_Collection_V1/Sea_Foam/dependencies/MultiDirectionalWarpGrayscale.sbs
Sea_Foam,.sbs,Ice/Snow/Water,no,yes,Substance_Material_Collection_V1,Substance_Material_Collection_V1/Sea_Foam/Sea_Foam.sbs
crystal_1b,.sbs,Generators/Utility,no,yes,Substance_Material_Collection_V1,Substance_Material_Collection_V1/Terracotta_Tiles/dependencies/crystal_1b.sbs
MultiDirectionalWarpGrayscale,.sbs,Generators/Utility,no,yes,Substance_Material_Collection_V1,Substance_Material_Collection_V1/Terracotta_Tiles/dependencies/MultiDirectionalWarpGrayscale.sbs
MultiDirectionalWarpGrayscaleNN,.sbs,Generators/Utility,no,yes,Substance_Material_Collection_V1,Substance_Material_Collection_V1/Terracotta_Tiles/dependencies/MultiDirectionalWarpGrayscaleNN.sbs
Terracotta_Tiles,.sbs,Pavement/Tiles/Floor,no,yes,Substance_Material_Collection_V1,Substance_Material_Collection_V1/Terracotta_Tiles/Terracotta_Tiles.sbs
